execution_date,video_id,channel_id,video_age_days,short_term_eligible,mid_term_eligible,long_term_eligible,evergreen_eligible,trend_burst_eligible,metadata_lift_eligible,channel_baseline_eligible,confidence_reason
2026-04-30T11:10:02.884862+00:00,Su0aCV35IFM,UC415bOPUcGSamy543abLmRA,2.818297,True,False,False,False,True,False,True,ok
2026-04-30T11:10:02.884862+00:00,vmRbevilfpU,UCOWFKaCN-rzmYk502JFWnqg,6.755265,False,True,False,False,True,False,True,ok
2026-04-30T11:10:02.884862+00:00,WgcdDVIUXcI,UC52hytXteCKmuOzMViTK8_w,4.632603,False,True,False,False,True,False,True,ok
2026-04-30T11:10:02.884862+00:00,u_f8bJkfg68,UC52hytXteCKmuOzMViTK8_w,3.580601,False,False,False,False,True,False,True,ok
2026-04-30T11:10:02.884862+00:00,ndkH5fZSIvs,UCWBWgCD4oAqT3hUeq40SCUw,1.663193,True,False,False,False,True,False,True,ok
2026-04-30T11:10:02.884862+00:00,s6XPoPYDn-Y,UCLe_q9axMaeTbjN0hy1Z9xA,1.797591,True,False,False,False,True,False,True,ok
2026-04-30T11:10:02.884862+00:00,eOI7WQIEX1Y,UCQX_MZRCaluNKxkywkLEgfA,1.77986,True,False,False,False,True,False,True,ok
2026-04-30T11:10:02.884862+00:00,a9T6IRpz31E,UCLe_q9axMaeTbjN0hy1Z9xA,1.548645,True,False,False,False,True,False,True,ok
2026-04-30T11:10:02.884862+00:00,UncqiOQc4rI,UCLe_q9axMaeTbjN0hy1Z9xA,5.797938,False,True,False,False,True,False,True,ok
2026-04-30T11:10:02.884862+00:00,4at2bVIhLgc,UCQHX6ViZmPsWiYSFAyS0a3Q,1.586839,True,False,False,False,True,False,True,ok
2026-04-30T11:10:02.884862+00:00,Hk-ARbCTKzM,UCWBWgCD4oAqT3hUeq40SCUw,6.663228,False,True,False,False,True,False,True,ok
2026-04-30T11:10:02.884862+00:00,iBpxQpktHN4,UCQHX6ViZmPsWiYSFAyS0a3Q,1.964408,True,False,False,False,True,False,True,ok
2026-04-30T11:10:02.884862+00:00,MVFd0qFB9TE,UCHnyfMqiRRG1u-2MsSQLbXA,5.923158,False,True,False,False,True,False,True,ok
2026-04-30T11:10:02.884862+00:00,XsY6iChNzf0,UCQHX6ViZmPsWiYSFAyS0a3Q,2.93751,True,False,False,False,True,False,True,ok
2026-04-30T11:10:02.884862+00:00,JWOErbTL9N4,UCzR-rom72PHN9Zg7RML9EbA,1.881573,True,False,False,False,True,False,False,insufficient_channel_baseline
2026-04-30T11:10:02.884862+00:00,v_1Dhh8G84c,UCLe_q9axMaeTbjN0hy1Z9xA,2.672996,True,False,False,False,True,False,True,ok
2026-04-30T11:10:02.884862+00:00,5YKhtb3DNNo,UCNYW2vfGrUE6R5mIJYzkRyQ,1.79854,True,False,False,False,True,False,True,ok
2026-04-30T11:10:02.884862+00:00,PnpHwhTWw0c,UCGq-a57w-aPwyi3pW7XLiHw,3.173436,False,False,False,False,True,False,True,ok
2026-04-30T11:10:02.884862+00:00,Czf68kDF_7Y,UCLe_q9axMaeTbjN0hy1Z9xA,6.798413,False,True,False,False,True,False,True,ok
2026-04-30T11:10:02.884862+00:00,ZAmCJoz4c4w,UCLe_q9axMaeTbjN0hy1Z9xA,1.67332,True,False,False,False,True,False,True,ok
2026-04-30T11:10:02.884862+00:00,IMM5cm6xrXQ,UCLe_q9axMaeTbjN0hy1Z9xA,3.798378,False,False,False,False,True,False,True,ok
2026-04-30T11:10:02.884862+00:00,pUlUgkaTQZg,UC415bOPUcGSamy543abLmRA,3.850242,False,False,False,False,True,False,True,ok
2026-04-30T11:10:02.884862+00:00,dNNyCZwEa6k,UC415bOPUcGSamy543abLmRA,5.867707,False,True,False,False,True,False,True,ok
2026-04-30T11:10:02.884862+00:00,_jxLMMcKmRQ,UC52hytXteCKmuOzMViTK8_w,1.524513,True,False,False,False,True,False,True,ok
2026-04-30T11:10:02.884862+00:00,m-nnyNZ0TQ0,UCGq-a57w-aPwyi3pW7XLiHw,7.173158,False,True,False,False,False,False,True,ok
2026-04-30T11:10:02.884862+00:00,Bcag49Fk3zA,UCLe_q9axMaeTbjN0hy1Z9xA,3.548425,False,False,False,False,True,False,True,ok
2026-04-30T11:10:02.884862+00:00,gdjCR9h1yGc,UCWBWgCD4oAqT3hUeq40SCUw,4.708367,False,True,False,False,True,False,True,ok
2026-04-30T11:10:02.884862+00:00,31t_CBePs34,UCOWFKaCN-rzmYk502JFWnqg,3.75582,False,False,False,False,True,False,True,ok
2026-04-30T11:10:02.884862+00:00,PoHZWjU54jY,UCQHX6ViZmPsWiYSFAyS0a3Q,7.002811,False,True,False,False,False,False,True,ok
2026-04-30T11:10:02.884862+00:00,0t118SCf-2w,UCLe_q9axMaeTbjN0hy1Z9xA,4.548575,False,True,False,False,True,False,True,ok
2026-04-30T11:10:02.884862+00:00,vgwG6e9TFcw,UC415bOPUcGSamy543abLmRA,7.787846,False,True,False,False,False,False,True,ok
2026-04-30T11:10:02.884862+00:00,pcAJLeGAtwc,UCLe_q9axMaeTbjN0hy1Z9xA,2.797603,True,False,False,False,True,False,True,ok
2026-04-30T11:10:02.884862+00:00,-uUlnDjQxhg,UC1yNl2E66ZzKApQdRuTQ4tw,1.840311,True,False,False,False,True,False,True,ok
2026-04-30T11:10:02.884862+00:00,fwUWAoSeg2g,UC5mQQ4Ur6oA8lsGFkvH2lyg,1.464686,True,False,False,False,True,False,True,low_history
2026-04-30T11:10:02.884862+00:00,39czcByvq7c,UCWBWgCD4oAqT3hUeq40SCUw,2.506943,True,False,False,False,True,False,True,ok
2026-04-30T11:10:02.884862+00:00,W41XcEogOB0,UCWBWgCD4oAqT3hUeq40SCUw,5.663216,False,True,False,False,True,False,True,ok
2026-04-30T11:10:02.884862+00:00,9VyCOVdFpL8,UCUyDOdBWhC1MCxEjC46d-zw,1.090311,True,False,False,False,True,False,True,low_history
2026-04-30T11:10:02.884862+00:00,roUppNywDks,UCLe_q9axMaeTbjN0hy1Z9xA,2.839235,True,False,False,False,True,False,True,ok
2026-04-30T11:10:02.884862+00:00,ucN2hf0CgI8,UCLe_q9axMaeTbjN0hy1Z9xA,7.673066,False,True,False,False,False,False,True,ok
2026-04-30T11:10:02.884862+00:00,z7Qp9Q_Br88,UCsXVk37bltHxD1rDPwtNM8Q,2.880844,True,False,False,False,True,False,True,ok
2026-04-30T11:10:02.884862+00:00,UPbaPjDGQIE,UCWBWgCD4oAqT3hUeq40SCUw,7.746526,False,True,False,False,False,False,True,ok
2026-04-30T11:10:02.884862+00:00,BOmc_wliaRg,UCyJbb85EUgWjl38GcF236Jg,3.423575,False,False,False,False,True,False,True,ok
2026-04-30T11:10:02.884862+00:00,WeliLUboy3M,UCLe_q9axMaeTbjN0hy1Z9xA,6.673251,False,True,False,False,True,False,True,ok
2026-04-30T11:10:02.884862+00:00,8fIRAhGGRgA,UCWBWgCD4oAqT3hUeq40SCUw,1.74655,True,False,False,False,True,False,True,ok
2026-04-30T11:10:02.884862+00:00,shkHigLwBnM,UCyJbb85EUgWjl38GcF236Jg,2.665901,True,False,False,False,True,False,True,ok
2026-04-30T11:10:02.884862+00:00,0Z1lChyi2W4,UCLe_q9axMaeTbjN0hy1Z9xA,2.54861,True,False,False,False,True,False,True,ok
2026-04-30T11:10:02.884862+00:00,BdUzhVM5w1U,UCQHX6ViZmPsWiYSFAyS0a3Q,6.016006,False,True,False,False,True,False,True,ok
2026-04-30T11:10:02.884862+00:00,ktkpd9A8MD8,UCOWFKaCN-rzmYk502JFWnqg,4.756353,False,True,False,False,True,False,True,ok
2026-04-30T11:10:02.884862+00:00,kH_bSvf7EVA,UCSju5G2aFaWMqn-_0YBtq5A,2.65979,True,False,False,False,True,False,False,insufficient_channel_baseline
2026-04-30T11:10:02.884862+00:00,KGeCwEOLPGE,UCWBWgCD4oAqT3hUeq40SCUw,6.746538,False,True,False,False,True,False,True,ok
2026-04-30T11:10:02.884862+00:00,up__2flbXw4,UCLe_q9axMaeTbjN0hy1Z9xA,7.797568,False,True,False,False,False,False,True,ok
2026-04-30T11:10:02.884862+00:00,48hHo2WcAQI,UC1viRct91s1a3Z5yvk7FJXw,2.465253,True,False,False,False,True,False,True,ok
2026-04-30T11:10:02.884862+00:00,DYkyYUjOZTk,UCWBWgCD4oAqT3hUeq40SCUw,4.663228,False,True,False,False,True,False,True,ok
2026-04-30T11:10:02.884862+00:00,iRach9lpIlg,UCHnyfMqiRRG1u-2MsSQLbXA,2.910612,True,False,False,False,True,False,True,ok
2026-04-30T11:10:02.884862+00:00,iaYdIU5n6vw,UCFBpVaKCC0ajGps1vf0AgBg,6.71479,False,True,False,False,True,False,True,ok
2026-04-30T11:10:02.884862+00:00,QfUb5MEAOXA,UC4QZ_LsYcvcq7qOsOhpAX4A,2.461399,True,False,False,False,True,False,False,insufficient_channel_baseline
2026-04-30T11:10:02.884862+00:00,if955Z_s4Ts,UCUyDOdBWhC1MCxEjC46d-zw,2.006978,True,False,False,False,True,False,True,ok
2026-04-30T11:10:02.884862+00:00,vNXFk8iGHk8,UCWBWgCD4oAqT3hUeq40SCUw,2.74648,True,False,False,False,True,False,True,ok
2026-04-30T11:10:02.884862+00:00,FYMdllTCrc0,UCR1IuLEqb6UEA_zQ81kwXfg,4.839941,False,True,False,False,True,False,False,insufficient_channel_baseline
2026-04-30T11:10:02.884862+00:00,kijJaXVri7Q,UCNYW2vfGrUE6R5mIJYzkRyQ,3.797869,False,False,False,False,True,False,True,ok
2026-04-30T11:10:02.884862+00:00,MWrMtRjLhjk,UCPgVPrgqpALC1s2e63fgKyg,1.6317,True,False,False,False,True,False,True,ok
2026-04-30T11:10:02.884862+00:00,Cr7oGnSzmb4,UC415bOPUcGSamy543abLmRA,8.845404,False,True,False,False,False,False,True,ok
2026-04-30T11:10:02.884862+00:00,3LnNwS6rqk8,UC36xmz34q02JYaZYKrMwXng,2.649188,True,False,False,False,True,False,True,ok
2026-04-30T11:10:02.884862+00:00,dl0-TveDDGA,UCsXVk37bltHxD1rDPwtNM8Q,8.881966,False,True,False,False,False,False,True,ok
2026-04-30T11:10:02.884862+00:00,-uSQcEfnKp0,UCLe_q9axMaeTbjN0hy1Z9xA,4.798633,False,True,False,False,True,False,True,ok
2026-04-30T11:10:02.884862+00:00,wy3a_xJI3so,UCWBWgCD4oAqT3hUeq40SCUw,3.746526,False,False,False,False,True,False,True,ok
2026-04-30T11:10:02.884862+00:00,mbGPgjXCx24,UCJQQVLyM6wtPleV4wFBK06g,1.779813,True,False,False,False,True,False,True,ok
2026-04-30T11:10:02.884862+00:00,eBbqRceO2qY,UCWBWgCD4oAqT3hUeq40SCUw,7.663216,False,True,False,False,False,False,True,ok
2026-04-30T11:10:02.884862+00:00,rc-xQnupse0,UCJQQVLyM6wtPleV4wFBK06g,2.72126,True,False,False,False,True,False,True,ok
2026-04-30T11:10:02.884862+00:00,LLK879SXq_w,UCBBWpss2iXVXtTzl7-4eWbg,2.785855,True,False,False,False,True,False,True,ok
2026-04-30T11:10:02.884862+00:00,8u7HqZJQHDM,UCLe_q9axMaeTbjN0hy1Z9xA,5.839987,False,True,False,False,True,False,True,ok
2026-04-30T11:10:02.884862+00:00,dU5sDKcwN9E,UCGq-a57w-aPwyi3pW7XLiHw,1.714895,True,False,False,False,True,False,True,ok
2026-04-30T11:10:02.884862+00:00,BPt0fwBCDbQ,UCl5-lvQyfILb-l2abPk4Ntg,8.054698,False,True,False,False,False,False,True,ok
2026-04-30T11:10:02.884862+00:00,TET8fTKH1e8,UCtIdb7KRqOTcOogKsos_QRw,3.798158,False,False,False,False,True,False,False,insufficient_channel_baseline
2026-04-30T11:10:02.884862+00:00,_WrHMsTYlOU,UCLe_q9axMaeTbjN0hy1Z9xA,4.673309,False,True,False,False,True,False,True,ok
2026-04-30T11:10:02.884862+00:00,0HSNPIttevk,UCLe_q9axMaeTbjN0hy1Z9xA,3.673645,False,False,False,False,True,False,True,ok
2026-04-30T11:10:02.884862+00:00,3OUrr_2UCYs,UCGq-a57w-aPwyi3pW7XLiHw,7.066897,False,True,False,False,False,False,True,ok
2026-04-30T11:10:02.884862+00:00,tbvteFr4SPQ,UCNYW2vfGrUE6R5mIJYzkRyQ,7.797533,False,True,False,False,False,False,True,ok
2026-04-30T11:10:02.884862+00:00,er7v-GJj_V0,UCQX_MZRCaluNKxkywkLEgfA,4.752047,False,True,False,False,True,False,True,ok
2026-04-30T11:10:02.884862+00:00,n1G2FQ0UEqc,UC5PwIMtLiIBCBhsu8f_-6UQ,1.752568,True,False,False,False,True,False,True,ok
2026-04-30T11:10:02.884862+00:00,VsLOWe6VuyQ,UCQHX6ViZmPsWiYSFAyS0a3Q,3.6917,False,False,False,False,True,False,True,ok
2026-04-30T11:10:02.884862+00:00,0kHJZFOuMWc,UC52hytXteCKmuOzMViTK8_w,7.651839,False,True,False,False,False,False,True,ok
2026-04-30T11:10:02.884862+00:00,S0WQP5GeTZs,UCLe_q9axMaeTbjN0hy1Z9xA,5.54839,False,True,False,False,True,False,True,ok
2026-04-30T11:10:02.884862+00:00,aZVcAlzBIp4,UCWBWgCD4oAqT3hUeq40SCUw,6.503506,False,True,False,False,True,False,True,ok
2026-04-30T11:10:02.884862+00:00,sKME5er1OKc,UCDOSaJ0pnglwzfkR6fYbisA,2.797684,True,False,False,False,True,False,True,ok
2026-04-30T11:10:02.884862+00:00,ERWIJPTNZVM,UCQHX6ViZmPsWiYSFAyS0a3Q,6.648645,False,True,False,False,True,False,True,ok
2026-04-30T11:10:02.884862+00:00,oOCN30ulVyo,UC2UXDak6o7rBm23k3Vv5dww,1.856133,True,False,False,False,True,False,True,ok
2026-04-30T11:10:02.884862+00:00,UM9dcnJXX0k,UCM55RjebjSevVWPnj2LEymw,4.840323,False,True,False,False,True,False,True,ok
2026-04-30T11:10:02.884862+00:00,yy_J5fdELm0,UCM55RjebjSevVWPnj2LEymw,1.848043,True,False,False,False,True,False,True,ok
2026-04-30T11:10:02.884862+00:00,OwbaFLtBpkQ,UCLe_q9axMaeTbjN0hy1Z9xA,5.673274,False,True,False,False,True,False,True,ok
2026-04-30T11:10:02.884862+00:00,3era1_feC3U,UCQHX6ViZmPsWiYSFAyS0a3Q,4.009061,False,True,False,False,True,False,True,ok
2026-04-30T11:10:02.884862+00:00,Lnhy0tZ8SUI,UCUyDOdBWhC1MCxEjC46d-zw,1.340311,True,False,False,False,True,False,True,low_history
2026-04-30T11:10:02.884862+00:00,nnKkk3CpLes,UC1viRct91s1a3Z5yvk7FJXw,1.423575,True,False,False,False,True,False,True,ok
2026-04-30T11:10:02.884862+00:00,6UPfq3KETg4,UCEQXxiYxNZbym9Fad7-n2Lg,2.777765,True,False,False,False,True,False,True,ok
2026-04-30T11:10:02.884862+00:00,UUzxEVhRQgQ,UCNYW2vfGrUE6R5mIJYzkRyQ,5.79802,False,True,False,False,True,False,True,ok
2026-04-30T11:10:02.884862+00:00,RWGr8LwG3TY,UCoXtmmnLCbXDiSo8GxsmOzA,1.694848,True,False,False,False,True,False,True,ok
2026-04-30T11:10:02.884862+00:00,MqpQhyjFZQU,UCbUYAYd1WUznxEEl498z7vA,3.506619,False,False,False,False,True,False,True,ok
2026-04-30T11:10:02.884862+00:00,msYTFQ4OIu8,UCLe_q9axMaeTbjN0hy1Z9xA,7.839374,False,True,False,False,False,False,True,ok
2026-04-30T11:10:02.884862+00:00,FZbMPtLRr00,UCsXVk37bltHxD1rDPwtNM8Q,6.881712,False,True,False,False,True,False,True,ok
2026-04-30T11:10:02.884862+00:00,-pNi4dh7VFo,UCQX_MZRCaluNKxkywkLEgfA,6.684154,False,True,False,False,True,False,True,ok
2026-04-30T11:10:02.884862+00:00,2gFNJ6_ogzg,UCbUYAYd1WUznxEEl498z7vA,1.506932,True,False,False,False,True,False,True,low_history
2026-04-30T11:10:02.884862+00:00,Lqq78q17jDY,UCVt4ugq2txl_szlXAO7B3-g,8.798702,False,True,False,False,False,False,True,ok
2026-04-30T11:10:02.884862+00:00,Ycdklm6W1_o,UC7DdEm33SyaTDtWYGO2CwdA,3.923066,False,False,False,False,True,False,False,insufficient_channel_baseline
2026-04-30T11:10:02.884862+00:00,wJOakc64crg,UCRDQzsHtx2cXvzEXnEhbxBg,1.465242,True,False,False,False,True,False,True,low_history
2026-04-30T11:10:02.884862+00:00,1VSBgPn28zA,UCUyDOdBWhC1MCxEjC46d-zw,2.090311,True,False,False,False,True,False,True,ok
2026-04-30T11:10:02.884862+00:00,zxQJIBt9CBI,UCmE44gpkHmf5bKIVTPSwxnQ,3.714617,False,False,False,False,True,False,False,insufficient_channel_baseline
2026-04-30T11:10:02.884862+00:00,EGTF9mGda4U,UCWBWgCD4oAqT3hUeq40SCUw,2.663228,True,False,False,False,True,False,True,ok
2026-04-30T11:10:02.884862+00:00,K9S3YgFZN9Y,UCLe_q9axMaeTbjN0hy1Z9xA,6.548413,False,True,False,False,True,False,True,ok
2026-04-30T11:10:02.884862+00:00,Cp3DxMyEBIM,UCxFACDJ98idvo9Gq9M9AQgg,3.006758,False,False,False,False,True,False,True,ok
2026-04-30T11:10:02.884862+00:00,UEBpQgCIFTk,UC52hytXteCKmuOzMViTK8_w,5.574374,False,True,False,False,True,False,True,ok
2026-04-30T11:10:02.884862+00:00,shgZ8WYcC6k,UCUyDOdBWhC1MCxEjC46d-zw,1.006978,True,False,False,False,True,False,True,low_history
2026-04-30T11:10:02.884862+00:00,fpmYvXCzO1c,UCWBWgCD4oAqT3hUeq40SCUw,8.663205,False,True,False,False,False,False,True,ok
2026-04-30T11:10:02.884862+00:00,5wuHYQMnYhA,UCLe_q9axMaeTbjN0hy1Z9xA,8.79854,False,True,False,False,False,False,True,ok
2026-04-30T11:10:02.884862+00:00,PN8bHAr0f1M,UCOHxDwCcOzBaLkeTazanwcw,2.776075,True,False,False,False,True,False,False,insufficient_channel_baseline
2026-04-30T11:10:02.884862+00:00,kf9ghd5-VII,UCPgVPrgqpALC1s2e63fgKyg,2.631654,True,False,False,False,True,False,True,ok
2026-04-30T11:10:02.884862+00:00,oqoBSeL5GIU,UCGq-a57w-aPwyi3pW7XLiHw,2.813355,True,False,False,False,True,False,True,ok
2026-04-30T11:10:02.884862+00:00,tQCVAU-fZPA,UCF0L4jd9LcSIxsj5gKITMqQ,8.610982,False,True,False,False,False,False,True,ok
2026-04-30T11:10:02.884862+00:00,GXeBi91SkIw,UCQHX6ViZmPsWiYSFAyS0a3Q,7.732672,False,True,False,False,False,False,True,ok
2026-04-30T11:10:02.884862+00:00,8QsAx7s9PmQ,UCQHX6ViZmPsWiYSFAyS0a3Q,9.423575,False,True,False,False,False,False,True,ok
2026-04-30T11:10:02.884862+00:00,uSjcVPbJayU,UCDOSaJ0pnglwzfkR6fYbisA,7.788135,False,True,False,False,False,False,True,ok
2026-04-30T11:10:02.884862+00:00,T7_l896OH20,UCDfbsXLRCyk_LIkrtaTmliQ,3.881503,False,False,False,False,True,False,False,insufficient_channel_baseline
2026-04-30T11:10:02.884862+00:00,D4fkiQfzw_I,UChhw6DlKKTQ9mYSpTfXUYqA,3.756978,False,False,False,False,True,False,True,ok
2026-04-30T11:10:02.884862+00:00,wEb6ULf3TzU,UCWBWgCD4oAqT3hUeq40SCUw,3.663135,False,False,False,False,True,False,True,ok
2026-04-30T11:10:02.884862+00:00,8hN5PF2oXGs,UCGq-a57w-aPwyi3pW7XLiHw,6.688922,False,True,False,False,True,False,True,ok
2026-04-30T11:10:02.884862+00:00,SvLaz6y-mhs,UCBBWpss2iXVXtTzl7-4eWbg,1.65736,True,False,False,False,True,False,True,ok
2026-04-30T11:10:02.884862+00:00,o8YcWD2ri9U,UC52kszkc08-acFOuogFl5jw,2.07854,True,False,False,False,True,False,False,insufficient_channel_baseline
2026-04-30T11:10:02.884862+00:00,XeN7wKfDOPk,UC1yNl2E66ZzKApQdRuTQ4tw,2.839605,True,False,False,False,True,False,True,ok
2026-04-30T11:10:02.884862+00:00,HRxULulg_hM,UCLe_q9axMaeTbjN0hy1Z9xA,8.673344,False,True,False,False,False,False,True,ok
2026-04-30T11:10:02.884862+00:00,bfENsVP77VQ,UCoOae5nYA7VqaXzerajD0lg,6.922881,False,True,False,False,True,False,True,ok
2026-04-30T11:10:02.884862+00:00,XjAeQOmdNFU,UCoOae5nYA7VqaXzerajD0lg,1.047927,True,False,False,False,True,False,True,low_history
2026-04-30T11:10:02.884862+00:00,YhNUPGphSM8,UCDV1MWcRLthxSrmb2Zv-jeg,2.432742,True,False,False,False,True,False,False,insufficient_channel_baseline
2026-04-30T11:10:02.884862+00:00,GybLbhXj2Nw,UCPdaxSov0mgwh77JvjQO2jQ,2.79839,True,False,False,False,True,False,True,ok
2026-04-30T11:10:02.884862+00:00,qey62i2fvg0,UCUyDOdBWhC1MCxEjC46d-zw,1.673645,True,False,False,False,True,False,True,ok
2026-04-30T11:10:02.884862+00:00,fKtG9uPeMCc,UCdfnfXWCGkBAx2cN2l-4u2w,1.697719,True,False,False,False,True,False,False,insufficient_channel_baseline
2026-04-30T11:10:02.884862+00:00,sj1y9FDJKCM,UCJkMlOu7faDgqh4PfzbpLdg,1.943645,True,False,False,False,True,False,False,insufficient_channel_baseline
2026-04-30T11:10:02.884862+00:00,ND9eyW5Fw0s,UCSIvk78tK2TiviLQn4fSHaw,1.547661,True,False,False,False,True,False,False,insufficient_channel_baseline
2026-04-30T11:10:02.884862+00:00,hXPy19kPego,UCaVPhFg-Ax873wvhbNitsrQ,3.715265,False,False,False,False,True,False,True,ok
2026-04-30T11:10:02.884862+00:00,x2r3FTy9HHE,UCPdaxSov0mgwh77JvjQO2jQ,4.675427,False,True,False,False,True,False,True,ok
2026-04-30T11:10:02.884862+00:00,SZ8r5VKtGes,UC1viRct91s1a3Z5yvk7FJXw,6.715022,False,True,False,False,True,False,True,ok
2026-04-30T11:10:02.884862+00:00,IJJbQTVdAtE,UCUyDOdBWhC1MCxEjC46d-zw,2.840311,True,False,False,False,True,False,True,ok
2026-04-30T11:10:02.884862+00:00,EFhMcL3Kf1c,UC1VLQPn9cYSqx8plbk9RxxQ,4.838922,False,True,False,False,True,False,False,insufficient_channel_baseline
2026-04-30T11:10:02.884862+00:00,crrTHKN_R58,UCTfQ65AxquXmih3r6rZmK-Q,3.567036,False,False,False,False,True,False,False,insufficient_channel_baseline
2026-04-30T11:10:02.884862+00:00,THMW7bXTog4,UCDOSaJ0pnglwzfkR6fYbisA,4.798101,False,True,False,False,True,False,True,ok
2026-04-30T11:10:02.884862+00:00,07T7V-Szcx0,UCUyDOdBWhC1MCxEjC46d-zw,8.840311,False,True,False,False,False,False,True,ok
2026-04-30T11:10:02.884862+00:00,QIKiQjEMUjY,UC5mQQ4Ur6oA8lsGFkvH2lyg,6.464941,False,True,False,False,True,False,True,ok
2026-04-30T11:10:02.884862+00:00,siKdeoxrxIA,UCxFACDJ98idvo9Gq9M9AQgg,1.423054,True,False,False,False,True,False,True,low_history
2026-04-30T11:10:02.884862+00:00,Xbang1Y_jbA,UC5mQQ4Ur6oA8lsGFkvH2lyg,1.464837,True,False,False,False,True,False,True,low_history
2026-04-30T11:10:02.884862+00:00,tUmd3tWCDKs,UCGq-a57w-aPwyi3pW7XLiHw,3.892221,False,False,False,False,True,False,True,ok
2026-04-30T11:10:02.884862+00:00,wd_xh6gSSOs,UCUyDOdBWhC1MCxEjC46d-zw,3.173645,False,False,False,False,True,False,True,ok
2026-04-30T11:10:02.884862+00:00,5tW7CPAVii0,UCUyDOdBWhC1MCxEjC46d-zw,7.340311,False,True,False,False,False,False,True,ok
2026-04-30T11:10:02.884862+00:00,vTXoE7BLv9s,UC1viRct91s1a3Z5yvk7FJXw,5.464559,False,True,False,False,True,False,True,ok
2026-04-30T11:10:02.884862+00:00,6WqWhSmCbXk,UCvzk_MwdXD6jQa4Se-6B9ZQ,6.756538,False,True,False,False,True,False,False,insufficient_channel_baseline
2026-04-30T11:10:02.884862+00:00,h9kh7KssnMc,UCPTlwyaEoJOVyvDLzHagzNQ,6.756978,False,True,False,False,True,False,True,ok
2026-04-30T11:10:02.884862+00:00,DSRfs1qKWR0,UCQHX6ViZmPsWiYSFAyS0a3Q,7.611087,False,True,False,False,False,False,True,ok
2026-04-30T11:10:02.884862+00:00,wnoSOSgBNHk,UC3nwmvE2aDzUSJ4evQ1NhoA,2.684003,True,False,False,False,True,False,True,ok
2026-04-30T11:10:02.884862+00:00,Fy8H9I2kJkI,UCFBpVaKCC0ajGps1vf0AgBg,7.506642,False,True,False,False,False,False,True,ok
2026-04-30T11:10:02.884862+00:00,6XxQMeqG1P4,UCX9NJ471o7Wie1DQe94RVIg,1.679501,True,False,False,False,True,False,True,ok
2026-04-30T11:10:02.884862+00:00,zj0BKLv9r8Y,UC4jlzJyMNQkkcEcCN3EFG7g,6.525438,False,True,False,False,True,False,False,insufficient_channel_baseline
2026-04-30T11:10:02.884862+00:00,9oVPXnEkegY,UCDOSaJ0pnglwzfkR6fYbisA,0.465242,True,False,False,False,True,False,True,ok
2026-04-30T11:10:02.884862+00:00,yzajLZXh9JU,UCbfYPyITQ-7l4upoX8nvctg,1.745855,True,False,False,False,True,False,False,insufficient_channel_baseline
2026-04-30T11:10:02.884862+00:00,jIj6PuMrDGA,UCF0L4jd9LcSIxsj5gKITMqQ,2.694339,True,False,False,False,True,False,True,ok
2026-04-30T11:10:02.884862+00:00,mT-7tbs7rVw,UCF0L4jd9LcSIxsj5gKITMqQ,1.642383,True,False,False,False,True,False,True,ok
2026-04-30T11:10:02.884862+00:00,VKaslzzv1QM,UCl5-lvQyfILb-l2abPk4Ntg,2.715311,True,False,False,False,True,False,True,ok
2026-04-30T11:10:02.884862+00:00,_9bYQ2tvc_s,UCV5cU7ORoUCCAT79kSrOJmg,6.667476,False,True,False,False,True,False,False,insufficient_channel_baseline
2026-04-30T11:10:02.884862+00:00,kTlm_3HwRFg,UCLe_q9axMaeTbjN0hy1Z9xA,7.547927,False,True,False,False,False,False,True,ok
2026-04-30T11:10:02.884862+00:00,YPboGQjMxNY,UCQHX6ViZmPsWiYSFAyS0a3Q,7.995161,False,True,False,False,False,False,True,ok
2026-04-30T11:10:02.884862+00:00,ABoKfabPQyY,UCUyDOdBWhC1MCxEjC46d-zw,6.840311,False,True,False,False,True,False,True,ok
2026-04-30T11:10:02.884862+00:00,GfSGy5C1OIA,UCxFACDJ98idvo9Gq9M9AQgg,1.631862,True,False,False,False,True,False,True,ok
2026-04-30T11:10:02.884862+00:00,lE7rIBv-nV8,UCUyDOdBWhC1MCxEjC46d-zw,1.256978,True,False,False,False,True,False,True,low_history
2026-04-30T11:10:02.884862+00:00,dhbt8y_LXQY,UCWBWgCD4oAqT3hUeq40SCUw,5.746526,False,True,False,False,True,False,True,ok
2026-04-30T11:10:02.884862+00:00,Ju0usucry_g,UCmE44gpkHmf5bKIVTPSwxnQ,1.736029,True,False,False,False,True,False,False,insufficient_channel_baseline
2026-04-30T11:10:02.884862+00:00,TfojYStTlZE,UC0N6ZYT8Q9bdQkGrgl9g9Ug,5.548216,False,True,False,False,True,False,False,insufficient_channel_baseline
2026-04-30T11:10:02.884862+00:00,cnCEUFzWspI,UCUyDOdBWhC1MCxEjC46d-zw,2.340311,True,False,False,False,True,False,True,ok
2026-04-30T11:10:02.884862+00:00,J7ieKmP96Hc,UCMOqf8ab-42UUQIdVoKwjlQ,8.92332,False,True,False,False,False,False,False,insufficient_channel_baseline
2026-04-30T11:10:02.884862+00:00,VjqsnOrW3AM,UCFBpVaKCC0ajGps1vf0AgBg,2.621561,True,False,False,False,True,False,True,ok
2026-04-30T11:10:02.884862+00:00,aqIgIWIc3uw,UCRDQzsHtx2cXvzEXnEhbxBg,1.258054,True,False,False,False,True,False,True,low_history
2026-04-30T11:10:02.884862+00:00,-txFIHA4ez8,UCP15FVAA2UL-QOcGhy7-ezA,3.541399,False,False,False,False,True,False,True,ok
2026-04-30T11:10:02.884862+00:00,9LsgBjswQZY,UCLe_q9axMaeTbjN0hy1Z9xA,8.548436,False,True,False,False,False,False,True,ok
2026-04-30T11:10:02.884862+00:00,WEnvorobhEE,UC1yNl2E66ZzKApQdRuTQ4tw,7.839675,False,True,False,False,False,False,True,ok
2026-04-30T11:10:02.884862+00:00,sjbKZ4CY1Ow,UCFBpVaKCC0ajGps1vf0AgBg,5.808888,False,True,False,False,True,False,True,ok
2026-04-30T11:10:02.884862+00:00,NlW_R21cBXs,UC1viRct91s1a3Z5yvk7FJXw,3.44427,False,False,False,False,True,False,True,ok
2026-04-30T11:10:02.884862+00:00,r6AB_e8Rk1I,UCDOSaJ0pnglwzfkR6fYbisA,3.714825,False,False,False,False,True,False,True,ok
2026-04-30T11:10:02.884862+00:00,Vd3Pkc0YGrM,UCF0L4jd9LcSIxsj5gKITMqQ,1.089825,True,False,False,False,True,False,True,low_history
2026-04-30T11:10:02.884862+00:00,lWQY5zccbQs,UCUyDOdBWhC1MCxEjC46d-zw,1.506978,True,False,False,False,True,False,True,low_history
2026-04-30T11:10:02.884862+00:00,yIUDe9YH0ac,UCUyDOdBWhC1MCxEjC46d-zw,7.673645,False,True,False,False,False,False,True,ok
2026-04-30T11:10:02.884862+00:00,OuOIrxBXB0M,UCUyDOdBWhC1MCxEjC46d-zw,6.340311,False,True,False,False,True,False,True,ok
2026-04-30T11:10:02.884862+00:00,Rvy2kXZpBtM,UCs0QXHkbkBDM_NwnRiGFoTA,1.667765,True,False,False,False,True,False,True,ok
2026-04-30T11:10:02.884862+00:00,0VjrLsr61pk,UC55-mxUj5Nj3niXFReG44OQ,4.840288,False,True,False,False,True,False,True,ok
2026-04-30T11:10:02.884862+00:00,na5Enw8P18A,UCM55RjebjSevVWPnj2LEymw,3.785971,False,False,False,False,True,False,True,ok
2026-04-30T11:10:02.884862+00:00,TLdMXZSABH8,UCP15FVAA2UL-QOcGhy7-ezA,0.398714,True,False,False,False,True,False,True,ok
2026-04-30T11:10:02.884862+00:00,XFpBgNMBNNI,UCQHX6ViZmPsWiYSFAyS0a3Q,4.923008,False,True,False,False,True,False,True,ok
2026-04-30T11:10:02.884862+00:00,Cd5EHfRerGI,UC52kszkc08-acFOuogFl5jw,6.101492,False,True,False,False,True,False,False,insufficient_channel_baseline
2026-04-30T11:10:02.884862+00:00,Y9HJ_U3TdXk,UCUyDOdBWhC1MCxEjC46d-zw,5.840311,False,True,False,False,True,False,True,ok
2026-04-30T11:10:02.884862+00:00,GMXWOLJHnJc,UCUyDOdBWhC1MCxEjC46d-zw,4.340311,False,True,False,False,True,False,True,ok
2026-04-30T11:10:02.884862+00:00,uHXjo7DUAAM,UCUyDOdBWhC1MCxEjC46d-zw,1.173645,True,False,False,False,True,False,True,low_history
2026-04-30T11:10:02.884862+00:00,F1gM7N-WXdU,UCQHX6ViZmPsWiYSFAyS0a3Q,8.600728,False,True,False,False,False,False,True,ok
2026-04-30T11:10:02.884862+00:00,U14_qm5y38o,UC5PwIMtLiIBCBhsu8f_-6UQ,3.733309,False,False,False,False,True,False,True,ok
2026-04-30T11:10:02.884862+00:00,VVfMO6SJZLw,UCdNnEDbRWhanA1O8zhCn3ZA,2.409362,True,False,False,False,True,False,True,ok
2026-04-30T11:10:02.884862+00:00,XXZ2wOom1l0,UCVt4ugq2txl_szlXAO7B3-g,6.718344,False,True,False,False,True,False,True,ok
2026-04-30T11:10:02.884862+00:00,kXenRXelpKs,UCoOae5nYA7VqaXzerajD0lg,2.047823,True,False,False,False,True,False,True,ok
2026-04-30T11:10:02.884862+00:00,rfnB9MhBI44,UCbdSYaPD-lr1kW27UJuk8Pw,5.916168,False,True,False,False,True,False,False,insufficient_channel_baseline
2026-04-30T11:10:02.884862+00:00,x0HFad-M2iE,UC30ajuhy8cViP2DiM1QLjmg,2.460288,True,False,False,False,True,False,True,ok
2026-04-30T11:10:02.884862+00:00,bFO0uAMPx1g,UCqcbQf6yw5KzRoDDcZ_wBSw,3.164293,False,False,False,False,True,False,True,ok
2026-04-30T11:10:02.884862+00:00,MlSS4ZqvJuA,UCF0L4jd9LcSIxsj5gKITMqQ,1.934721,True,False,False,False,True,False,True,ok
2026-04-30T11:10:02.884862+00:00,KXpgCNB6Dcs,UC52hytXteCKmuOzMViTK8_w,8.600265,False,True,False,False,False,False,True,ok
2026-04-30T11:10:02.884862+00:00,rYKQ0Ukxe6k,UC55-mxUj5Nj3niXFReG44OQ,1.782568,True,False,False,False,True,False,True,ok
2026-04-30T11:10:02.884862+00:00,8Uk97zU2GCg,UC1viRct91s1a3Z5yvk7FJXw,5.715219,False,True,False,False,True,False,True,ok
2026-04-30T11:10:02.884862+00:00,pGGJHrxn1VU,UC5mQQ4Ur6oA8lsGFkvH2lyg,1.381422,True,False,False,False,True,False,True,low_history
2026-04-30T11:10:02.884862+00:00,5BbGrGFI2gQ,UCRDQzsHtx2cXvzEXnEhbxBg,3.23354,False,False,False,False,True,False,True,ok
2026-04-30T11:10:02.884862+00:00,ZhRgnBzcYHQ,UCvzk_MwdXD6jQa4Se-6B9ZQ,2.755658,True,False,False,False,True,False,False,insufficient_channel_baseline
2026-04-30T11:10:02.884862+00:00,XfY_L8MLOsU,UCWBWgCD4oAqT3hUeq40SCUw,8.746538,False,True,False,False,False,False,True,ok
2026-04-30T11:10:02.884862+00:00,vd8fb3noIgY,UCF0L4jd9LcSIxsj5gKITMqQ,2.552117,True,False,False,False,True,False,True,ok
2026-04-30T11:10:02.884862+00:00,q1l42BPzbIk,UC4mg-nKTVI9CWodPPqB5d3A,4.671665,False,True,False,False,True,False,False,insufficient_channel_baseline
2026-04-30T11:10:02.884862+00:00,_twN29IEQlc,UC7MkZfrLCeE4Xwh9h2QnN0A,2.524987,True,False,False,False,True,False,False,insufficient_channel_baseline
2026-04-30T11:10:02.884862+00:00,IldLswg2yAM,UCxFACDJ98idvo9Gq9M9AQgg,1.006584,True,False,False,False,True,False,True,low_history
2026-04-30T11:10:02.884862+00:00,fr78adfAnuA,UCUyDOdBWhC1MCxEjC46d-zw,8.49964,False,True,False,False,False,False,True,ok
2026-04-30T11:10:02.884862+00:00,OEqMxMEBQQY,UCP15FVAA2UL-QOcGhy7-ezA,2.46214,True,False,False,False,True,False,True,ok
2026-04-30T11:10:02.884862+00:00,-APimd6TUro,UC5mQQ4Ur6oA8lsGFkvH2lyg,4.381978,False,True,False,False,True,False,True,ok
2026-04-30T11:10:02.884862+00:00,myMj_ZfZ_xI,UCUyDOdBWhC1MCxEjC46d-zw,3.090311,False,False,False,False,True,False,True,ok
2026-04-30T11:10:02.884862+00:00,IwjPma4PPTM,UCVt4ugq2txl_szlXAO7B3-g,4.798668,False,True,False,False,True,False,True,ok
2026-04-30T11:10:02.884862+00:00,sqXsMACtso0,UCEQXxiYxNZbym9Fad7-n2Lg,1.777464,True,False,False,False,True,False,True,ok
2026-04-30T11:10:02.884862+00:00,UgfrzicHc80,UC5mQQ4Ur6oA8lsGFkvH2lyg,8.46486,False,True,False,False,False,False,True,ok
2026-04-30T11:10:02.884862+00:00,g_7mUw6Xt2E,UCoXtmmnLCbXDiSo8GxsmOzA,4.797985,False,True,False,False,True,False,True,ok
2026-04-30T11:10:02.884862+00:00,gPmmDEGCQLg,UC52hytXteCKmuOzMViTK8_w,8.663344,False,True,False,False,False,False,True,ok
2026-04-30T11:10:02.884862+00:00,Xy09nfcwZ3E,UC5mQQ4Ur6oA8lsGFkvH2lyg,3.756515,False,False,False,False,True,False,True,ok
2026-04-30T11:10:02.884862+00:00,BnAKfe0qGbE,UCP15FVAA2UL-QOcGhy7-ezA,1.549374,True,False,False,False,True,False,True,ok
2026-04-30T11:10:02.884862+00:00,pVXm6lt1F7w,UCF0L4jd9LcSIxsj5gKITMqQ,2.673147,True,False,False,False,True,False,True,ok
2026-04-30T11:10:02.884862+00:00,v3JV42WbomE,UCP15FVAA2UL-QOcGhy7-ezA,1.833864,True,False,False,False,True,False,True,ok
2026-04-30T11:10:02.884862+00:00,Hs6RxFMX1i4,UCUyDOdBWhC1MCxEjC46d-zw,2.256978,True,False,False,False,True,False,True,ok
2026-04-30T11:10:02.884862+00:00,GmTuhpMe1oM,UC52hytXteCKmuOzMViTK8_w,6.596457,False,True,False,False,True,False,True,ok
2026-04-30T11:10:02.884862+00:00,nHH771Vtkxw,UC1viRct91s1a3Z5yvk7FJXw,8.714779,False,True,False,False,False,False,True,ok
2026-04-30T11:10:02.884862+00:00,H3lUaL6-XQQ,UCPgVPrgqpALC1s2e63fgKyg,6.631874,False,True,False,False,True,False,True,ok
2026-04-30T11:10:02.884862+00:00,Ff0AYRWrnGY,UC1yNl2E66ZzKApQdRuTQ4tw,4.839929,False,True,False,False,True,False,True,ok
2026-04-30T11:10:02.884862+00:00,_BhjwaNE8mc,UCF0L4jd9LcSIxsj5gKITMqQ,1.13148,True,False,False,False,True,False,True,low_history
2026-04-30T11:10:02.884862+00:00,AzNb2nQrM7U,UC-bFpJCtP1lXn5vBxJ0b9dw,3.881665,False,False,False,False,True,False,False,insufficient_channel_baseline
2026-04-30T11:10:02.884862+00:00,HVPhcOmSMtM,UCEK0oX3X2yK9y27khCsrNKg,1.548401,True,False,False,False,True,False,True,ok
2026-04-30T11:10:02.884862+00:00,pdNaIhcp3z4,UCaZ5txM63JGqgzRTVXy5e9g,5.937776,False,True,False,False,True,False,False,insufficient_channel_baseline
2026-04-30T11:10:02.884862+00:00,_dASAu79K0s,UCUyDOdBWhC1MCxEjC46d-zw,2.173645,True,False,False,False,True,False,True,ok
2026-04-30T11:10:02.884862+00:00,DB1fSfulSJQ,UCUyDOdBWhC1MCxEjC46d-zw,4.840311,False,True,False,False,True,False,True,ok
2026-04-30T11:10:02.884862+00:00,x3P8Zqux4A4,UCUyDOdBWhC1MCxEjC46d-zw,3.840311,False,False,False,False,True,False,True,ok
2026-04-30T11:10:02.884862+00:00,0dwlHNDdn2s,UCxFACDJ98idvo9Gq9M9AQgg,2.423633,True,False,False,False,True,False,True,ok
2026-04-30T11:10:02.884862+00:00,NM-bwZZoX80,UCbUYAYd1WUznxEEl498z7vA,4.59008,False,True,False,False,True,False,True,ok
2026-04-30T11:10:02.884862+00:00,ZOPXzlpBVoM,UCPgVPrgqpALC1s2e63fgKyg,4.63177,False,True,False,False,True,False,True,ok
2026-04-30T11:10:02.884862+00:00,UszcZZ1QZho,UCLYoURyGHMUuQ5YrfX55PWg,3.938818,False,False,False,False,True,False,True,ok
2026-04-30T11:10:02.884862+00:00,jdrW-vJOD1w,UC55-mxUj5Nj3niXFReG44OQ,2.592649,True,False,False,False,True,False,True,ok
2026-04-30T11:10:02.884862+00:00,dVb9vyCwM2s,UCPgVPrgqpALC1s2e63fgKyg,3.631781,False,False,False,False,True,False,True,ok
2026-04-30T11:10:02.884862+00:00,AHyZdLVYJfc,UCPdaxSov0mgwh77JvjQO2jQ,7.581388,False,True,False,False,False,False,True,ok
2026-04-30T11:10:02.884862+00:00,2JhSWzxzLXA,UCJQQVLyM6wtPleV4wFBK06g,7.794675,False,True,False,False,False,False,True,ok
2026-04-30T11:10:02.884862+00:00,-IhdnUzV64Y,UCb8GKeOvI7WsFUkB4UVAeXA,8.645334,False,True,False,False,False,False,True,ok
2026-04-30T11:10:02.884862+00:00,5fKeNMp7F6s,UCUyDOdBWhC1MCxEjC46d-zw,1.840311,True,False,False,False,True,False,True,ok
2026-04-30T11:10:02.884862+00:00,4IeYytwcpuQ,UCM55RjebjSevVWPnj2LEymw,7.74317,False,True,False,False,False,False,True,ok
2026-04-30T11:10:02.884862+00:00,95KqKaDsIAM,UCxcDzs-4quJV4QsairlFYNg,3.756874,False,False,False,False,True,True,False,insufficient_channel_baseline
2026-04-30T11:10:02.884862+00:00,XX7hskkX1AA,UC1viRct91s1a3Z5yvk7FJXw,4.693911,False,True,False,False,True,False,True,ok
2026-04-30T11:10:02.884862+00:00,jcfifYFAdpM,UCRDQzsHtx2cXvzEXnEhbxBg,1.250392,True,False,False,False,True,False,True,low_history
2026-04-30T11:10:02.884862+00:00,51dULrDA8E8,UCDOSaJ0pnglwzfkR6fYbisA,1.798482,True,False,False,False,True,False,True,ok
2026-04-30T11:10:02.884862+00:00,rk2b7fH_Gcc,UCZRsSEs1OX74qBh0x5T22tg,3.46523,False,False,False,False,True,False,False,insufficient_channel_baseline
2026-04-30T11:10:02.884862+00:00,y3HkZSayX2s,UC30ajuhy8cViP2DiM1QLjmg,3.382429,False,False,False,False,True,False,True,ok
2026-04-30T11:10:02.884862+00:00,HyWpbCUdCr8,UCl5-lvQyfILb-l2abPk4Ntg,1.043494,True,False,False,False,True,False,True,low_history
2026-04-30T11:10:02.884862+00:00,RVu1kgj-miw,UCRDQzsHtx2cXvzEXnEhbxBg,2.234177,True,False,False,False,True,False,True,ok
2026-04-30T11:10:02.884862+00:00,0EqJD2o-Mnk,UCUyDOdBWhC1MCxEjC46d-zw,5.757313,False,True,False,False,True,False,True,ok
2026-04-30T11:10:02.884862+00:00,UWRxdKxuOb8,UCF0L4jd9LcSIxsj5gKITMqQ,2.131665,True,False,False,False,True,False,True,ok
2026-04-30T11:10:02.884862+00:00,M_FKC2NTb24,UCxFACDJ98idvo9Gq9M9AQgg,3.631862,False,False,False,False,True,False,True,ok
2026-04-30T11:10:02.884862+00:00,0IGNbK4bbXA,UCHMSzZaVrEjK35aYK3J7Htw,6.54795,False,True,False,False,True,False,True,ok
2026-04-30T11:10:02.884862+00:00,-0FsgHxwxgQ,UCbUYAYd1WUznxEEl498z7vA,6.506978,False,True,False,False,True,False,True,ok
2026-04-30T11:10:02.884862+00:00,zyJ1yZwX_tE,UCUyDOdBWhC1MCxEjC46d-zw,2.673645,True,False,False,False,True,False,True,ok
2026-04-30T11:10:02.884862+00:00,SK8tkpErsm8,UCF0L4jd9LcSIxsj5gKITMqQ,3.685554,False,False,False,False,True,False,True,ok
2026-04-30T11:10:02.884862+00:00,Jr9Xm5f44NQ,UCPTlwyaEoJOVyvDLzHagzNQ,1.756978,True,False,False,False,True,False,True,ok
2026-04-30T11:10:02.884862+00:00,a8LrJMGoVL4,UCoXtmmnLCbXDiSo8GxsmOzA,6.798633,False,True,False,False,True,False,True,ok
2026-04-30T11:10:02.884862+00:00,Um1DSnUqmko,UCl5-lvQyfILb-l2abPk4Ntg,1.955126,True,False,False,False,True,False,True,ok
2026-04-30T11:10:02.884862+00:00,U4gpio58908,UC1yNl2E66ZzKApQdRuTQ4tw,6.83964,False,True,False,False,True,False,True,ok
2026-04-30T11:10:02.884862+00:00,NuoEsHIW5JA,UCzR-rom72PHN9Zg7RML9EbA,6.788193,False,True,False,False,True,False,False,insufficient_channel_baseline
2026-04-30T11:10:02.884862+00:00,3skIuC1lP00,UCOvzFyIAr32yspwxx77BHcQ,3.576388,False,False,False,False,True,False,True,ok
2026-04-30T11:10:02.884862+00:00,yemarhfhVA0,UCrdWRLq10OHuy7HmSckV3Vg,7.880832,False,True,False,False,False,False,False,insufficient_channel_baseline
2026-04-30T11:10:02.884862+00:00,01NMf5-J_P4,UCUyDOdBWhC1MCxEjC46d-zw,6.256978,False,True,False,False,True,False,True,ok
2026-04-30T11:10:02.884862+00:00,cdOcjUyQr8A,UCGq-a57w-aPwyi3pW7XLiHw,8.752117,False,True,False,False,False,False,True,ok
2026-04-30T11:10:02.884862+00:00,TekYNY3eGC0,UCEQXxiYxNZbym9Fad7-n2Lg,5.777661,False,True,False,False,True,False,True,ok
2026-04-30T11:10:02.884862+00:00,1lx0bttCAbs,UCF0L4jd9LcSIxsj5gKITMqQ,7.673633,False,True,False,False,False,False,True,ok
2026-04-30T11:10:02.884862+00:00,uvfU2B8b4G4,UCDOSaJ0pnglwzfkR6fYbisA,5.79751,False,True,False,False,True,False,True,ok
2026-04-30T11:10:02.884862+00:00,4ZK7Ms4IZ7g,UCoOae5nYA7VqaXzerajD0lg,2.962927,True,False,False,False,True,False,True,ok
2026-04-30T11:10:02.884862+00:00,QSe13hyv68o,UCl5-lvQyfILb-l2abPk4Ntg,5.963621,False,True,False,False,True,False,True,ok
2026-04-30T11:10:02.884862+00:00,4vHF2qU89Jo,UCwd_qoS94df5orGoPLPnsxQ,8.933783,False,True,False,False,False,False,False,insufficient_channel_baseline
2026-04-30T11:10:02.884862+00:00,krqt6eg3UoI,UCbUYAYd1WUznxEEl498z7vA,7.506422,False,True,False,False,False,False,True,ok
2026-04-30T11:10:02.884862+00:00,OWkM5YoEhgM,UCEQXxiYxNZbym9Fad7-n2Lg,6.777603,False,True,False,False,True,False,True,ok
2026-04-30T11:10:02.884862+00:00,rhVEOqNhjKo,UCUyDOdBWhC1MCxEjC46d-zw,3.006978,False,False,False,False,True,False,True,ok
2026-04-30T11:10:02.884862+00:00,Cs1nC8kqS5k,UC1viRct91s1a3Z5yvk7FJXw,3.715195,False,False,False,False,True,False,True,ok
2026-04-30T11:10:02.884862+00:00,nJ0oh5u6YbM,UCUyDOdBWhC1MCxEjC46d-zw,8.673645,False,True,False,False,False,False,True,ok
2026-04-30T11:10:02.884862+00:00,AMpe2jD0lZw,UCF0L4jd9LcSIxsj5gKITMqQ,1.611133,True,False,False,False,True,False,True,ok
2026-04-30T11:10:02.884862+00:00,wB2Kb0MiyAc,UC5mQQ4Ur6oA8lsGFkvH2lyg,7.381307,False,True,False,False,False,False,True,ok
2026-04-30T11:10:02.884862+00:00,DHk0gFHyHeE,UCl5-lvQyfILb-l2abPk4Ntg,5.940508,False,True,False,False,True,False,True,ok
2026-04-30T11:10:02.884862+00:00,87jnYKGVetM,UCUyDOdBWhC1MCxEjC46d-zw,2.506978,True,False,False,False,True,False,True,ok
2026-04-30T11:10:02.884862+00:00,1t2Yd_bmg_k,UCF0L4jd9LcSIxsj5gKITMqQ,1.811839,True,False,False,False,True,False,True,ok
2026-04-30T11:10:02.884862+00:00,OkuWh46I4m4,UCDOSaJ0pnglwzfkR6fYbisA,3.798575,False,False,False,False,True,False,True,ok
2026-04-30T11:10:02.884862+00:00,yawQxLw0K08,UCF0L4jd9LcSIxsj5gKITMqQ,1.63148,True,False,False,False,True,False,True,ok
2026-04-30T11:10:02.884862+00:00,T34ygnCahZc,UC5PwIMtLiIBCBhsu8f_-6UQ,4.73427,False,True,False,False,True,False,True,ok
2026-04-30T11:10:02.884862+00:00,EXOQ7vN2NXk,UC4FHiPgS1KXkUMx3dxBUtPg,2.923274,True,False,False,False,True,False,False,insufficient_channel_baseline
2026-04-30T11:10:02.884862+00:00,CZe8DucT3qA,UCPgVPrgqpALC1s2e63fgKyg,5.631781,False,True,False,False,True,False,True,ok
2026-04-30T11:10:02.884862+00:00,sncgYGQt1T8,UCl5-lvQyfILb-l2abPk4Ntg,1.745809,True,False,False,False,True,False,True,ok
2026-04-30T11:10:02.884862+00:00,3QRWlCFdzyE,UCF0L4jd9LcSIxsj5gKITMqQ,3.631955,False,False,False,False,True,False,True,ok
2026-04-30T11:10:02.884862+00:00,kLJNcHqVmJA,UC9WGON3pXofvE958Uq3Lw3Q,2.430219,True,False,False,False,True,False,True,ok
2026-04-30T11:10:02.884862+00:00,CzIJ566XexE,UCyM-2pRapEv6V2q7UNO9icg,1.777765,True,False,False,False,True,False,True,ok
2026-04-30T11:10:02.884862+00:00,B2ag364pRgQ,UCoOae5nYA7VqaXzerajD0lg,5.048459,False,True,False,False,True,False,True,ok
2026-04-30T11:10:02.884862+00:00,HEW0VJx9iw0,UCUyDOdBWhC1MCxEjC46d-zw,4.256978,False,True,False,False,True,False,True,ok
2026-04-30T11:10:02.884862+00:00,IQZiAOokKXo,UCUyDOdBWhC1MCxEjC46d-zw,3.673645,False,False,False,False,True,False,True,ok
2026-04-30T11:10:02.884862+00:00,LPTQADIf6Xk,UCaVPhFg-Ax873wvhbNitsrQ,8.638413,False,True,False,False,False,False,True,ok
2026-04-30T11:10:02.884862+00:00,AYIqxqyY-es,UCHMSzZaVrEjK35aYK3J7Htw,1.527105,True,False,False,False,True,False,True,ok
2026-04-30T11:10:02.884862+00:00,ZjtJALByo70,UC55-mxUj5Nj3niXFReG44OQ,2.792857,True,False,False,False,True,False,True,ok
2026-04-30T11:10:02.884862+00:00,S3JuEF7RQ5k,UC5PwIMtLiIBCBhsu8f_-6UQ,5.692371,False,True,False,False,True,False,True,ok
2026-04-30T11:10:02.884862+00:00,DQiQ30VepbU,UCP15FVAA2UL-QOcGhy7-ezA,2.696515,True,False,False,False,True,False,True,ok
2026-04-30T11:10:02.884862+00:00,6AKlPLtjBR8,UC55-mxUj5Nj3niXFReG44OQ,2.678193,True,False,False,False,True,False,True,ok
2026-04-30T11:10:02.884862+00:00,qsJSGpOs5q4,UCF0L4jd9LcSIxsj5gKITMqQ,2.631665,True,False,False,False,True,False,True,ok
2026-04-30T11:10:02.884862+00:00,ckyeC880OPA,UC55-mxUj5Nj3niXFReG44OQ,8.397279,False,True,False,False,False,False,True,ok
2026-04-30T11:10:02.884862+00:00,ys1zQyiLrMc,UC5mQQ4Ur6oA8lsGFkvH2lyg,1.847464,True,False,False,False,True,False,True,ok
2026-04-30T11:10:02.884862+00:00,0SSctcuOy0o,UCb8GKeOvI7WsFUkB4UVAeXA,3.516677,False,False,False,False,True,False,True,ok
2026-04-30T11:10:02.884862+00:00,664cs6FZEZo,UCUyDOdBWhC1MCxEjC46d-zw,6.673645,False,True,False,False,True,False,True,ok
2026-04-30T11:10:02.884862+00:00,G9L3zK57X6Y,UCDOSaJ0pnglwzfkR6fYbisA,6.701075,False,True,False,False,True,False,True,ok
2026-04-30T11:10:02.884862+00:00,XzkJ2WrHR2c,UCF0L4jd9LcSIxsj5gKITMqQ,2.935195,True,False,False,False,True,False,True,ok
2026-04-30T11:10:02.884862+00:00,TUSbI3pqiCM,UCRlBDnRQduDk4tmm1OtpSRg,3.730427,False,False,False,False,True,False,False,insufficient_channel_baseline
2026-04-30T11:10:02.884862+00:00,dYJM9jmLBzY,UCPgVPrgqpALC1s2e63fgKyg,4.839651,False,True,False,False,True,False,True,ok
2026-04-30T11:10:02.884862+00:00,z-7AhJ55htQ,UCJQQVLyM6wtPleV4wFBK06g,5.772267,False,True,False,False,True,False,True,ok
2026-04-30T11:10:02.884862+00:00,QDZUOBnmf4Q,UCEQXxiYxNZbym9Fad7-n2Lg,4.777695,False,True,False,False,True,False,True,ok
2026-04-30T11:10:02.884862+00:00,tg0LuGGeOPA,UC1viRct91s1a3Z5yvk7FJXw,6.443876,False,True,False,False,True,False,True,ok
2026-04-30T11:10:02.884862+00:00,L8_m7pOI2-A,UCOvzFyIAr32yspwxx77BHcQ,7.506607,False,True,False,False,False,False,True,ok
2026-04-30T11:10:02.884862+00:00,Mxv60XerzG4,UCF0L4jd9LcSIxsj5gKITMqQ,2.652788,True,False,False,False,True,False,True,ok
2026-04-30T11:10:02.884862+00:00,nZlhHf8vSbU,UCF0L4jd9LcSIxsj5gKITMqQ,2.554107,True,False,False,False,True,False,True,ok
2026-04-30T11:10:02.884862+00:00,EZLeWRbCEbA,UCEK0oX3X2yK9y27khCsrNKg,8.548355,False,True,False,False,False,False,True,ok
2026-04-30T11:10:02.884862+00:00,AXvou3mSGQA,UC55-mxUj5Nj3niXFReG44OQ,6.425959,False,True,False,False,True,False,True,ok
2026-04-30T11:10:02.884862+00:00,96k8OXI58Ko,UCF0L4jd9LcSIxsj5gKITMqQ,1.006816,True,False,False,False,True,False,True,low_history
2026-04-30T11:10:02.884862+00:00,rXs8JlFIS-U,UCF0L4jd9LcSIxsj5gKITMqQ,3.673147,False,False,False,False,True,False,True,ok
2026-04-30T11:10:02.884862+00:00,67JREKwyixk,UCl5-lvQyfILb-l2abPk4Ntg,1.820936,True,False,False,False,True,False,True,ok
2026-04-30T11:10:02.884862+00:00,61fk5yAs7Jw,UC5mQQ4Ur6oA8lsGFkvH2lyg,1.715184,True,False,False,False,True,False,True,ok
2026-04-30T11:10:02.884862+00:00,3W1KfxQnQiU,UCOxW1h1VV379Q8GDdUJOhgw,3.777811,False,False,False,False,True,False,False,insufficient_channel_baseline
2026-04-30T11:10:02.884862+00:00,I-rogofBX8c,UCUyDOdBWhC1MCxEjC46d-zw,4.173645,False,True,False,False,True,False,True,ok
2026-04-30T11:10:02.884862+00:00,uAOfsghz2NY,UCl5-lvQyfILb-l2abPk4Ntg,6.809131,False,True,False,False,True,False,True,ok
2026-04-30T11:10:02.884862+00:00,NAooB35YkHA,UC3nwmvE2aDzUSJ4evQ1NhoA,1.68405,True,False,False,False,True,False,True,ok
2026-04-30T11:10:02.884862+00:00,kkQDCTCcgC0,UC5mQQ4Ur6oA8lsGFkvH2lyg,1.589732,True,False,False,False,True,False,True,ok
2026-04-30T11:10:02.884862+00:00,Xf_v62TQOx4,UCbfYPyITQ-7l4upoX8nvctg,4.750184,False,True,False,False,True,False,False,insufficient_channel_baseline
2026-04-30T11:10:02.884862+00:00,ax0ogeQpq3E,UCBBWpss2iXVXtTzl7-4eWbg,6.715172,False,True,False,False,True,False,True,ok
2026-04-30T11:10:02.884862+00:00,ERxzxl6fXbw,UCRDQzsHtx2cXvzEXnEhbxBg,4.212649,False,True,False,False,True,False,True,ok
2026-04-30T11:10:02.884862+00:00,nLlqkXdlNsM,UCF0L4jd9LcSIxsj5gKITMqQ,4.089686,False,True,False,False,True,False,True,ok
2026-04-30T11:10:02.884862+00:00,6-PunI-5Ts4,UCEQXxiYxNZbym9Fad7-n2Lg,3.777788,False,False,False,False,True,False,True,ok
2026-04-30T11:10:02.884862+00:00,p5zWy46yWxU,UCUyDOdBWhC1MCxEjC46d-zw,3.506978,False,False,False,False,True,False,True,ok
2026-04-30T11:10:02.884862+00:00,iq599kyAjVA,UCOHxDwCcOzBaLkeTazanwcw,6.774767,False,True,False,False,True,False,False,insufficient_channel_baseline
2026-04-30T11:10:02.884862+00:00,7m9uIc31Egw,UCEK0oX3X2yK9y27khCsrNKg,6.548425,False,True,False,False,True,False,True,ok
2026-04-30T11:10:02.884862+00:00,_SdzVNht_nU,UCF0L4jd9LcSIxsj5gKITMqQ,1.792395,True,False,False,False,True,False,True,ok
2026-04-30T11:10:02.884862+00:00,k0ZYVWoVWAc,UCEK0oX3X2yK9y27khCsrNKg,5.00604,False,True,False,False,True,False,True,ok
2026-04-30T11:10:02.884862+00:00,5ymn2oV1Zls,UCPgVPrgqpALC1s2e63fgKyg,8.631932,False,True,False,False,False,False,True,ok
2026-04-30T11:10:02.884862+00:00,9QKOkpu78CQ,UCV5G678sZwW5IcF3pCfRbHQ,6.798645,False,True,False,False,True,False,False,insufficient_channel_baseline
2026-04-30T11:10:02.884862+00:00,AxM96v9ZCzI,UC36xmz34q02JYaZYKrMwXng,6.764651,False,True,False,False,True,False,True,ok
2026-04-30T11:10:02.884862+00:00,AVyYMXc_t9s,UCEK0oX3X2yK9y27khCsrNKg,2.393101,True,False,False,False,True,False,True,ok
2026-04-30T11:10:02.884862+00:00,gtdao7DVsBo,UCUyDOdBWhC1MCxEjC46d-zw,4.506978,False,True,False,False,True,False,True,ok
2026-04-30T11:10:02.884862+00:00,B18aH00d8oE,UCJQQVLyM6wtPleV4wFBK06g,6.75251,False,True,False,False,True,False,True,ok
2026-04-30T11:10:02.884862+00:00,lYpHv3Tg0Vg,UCjSVqRtdOsxQDss_pJpp_Yg,3.381515,False,False,False,False,True,False,True,ok
2026-04-30T11:10:02.884862+00:00,iS1jGgfO9Z0,UCl5-lvQyfILb-l2abPk4Ntg,2.100427,True,False,False,False,True,False,True,ok
2026-04-30T11:10:02.884862+00:00,Nq-c06vj5PM,UCxFACDJ98idvo9Gq9M9AQgg,8.006492,False,True,False,False,False,False,True,ok
2026-04-30T11:10:02.884862+00:00,oeymdn1d4qg,UCRDQzsHtx2cXvzEXnEhbxBg,3.222406,False,False,False,False,True,False,True,ok
2026-04-30T11:10:02.884862+00:00,lvw8Fe5wcBo,UCP15FVAA2UL-QOcGhy7-ezA,2.840138,True,False,False,False,True,False,True,ok
2026-04-30T11:10:02.884862+00:00,-6t20SnbOyc,UCYZLVhSSwdBllvn4tw5a4uQ,7.495751,False,True,False,False,False,False,False,insufficient_channel_baseline
2026-04-30T11:10:02.884862+00:00,FHeTJmwxo5s,UCF0L4jd9LcSIxsj5gKITMqQ,1.048425,True,False,False,False,True,False,True,low_history
2026-04-30T11:10:02.884862+00:00,bouvNyq8xCY,UCX6b17PVsYBQ0ip5gyeme-Q,6.797904,False,True,False,False,True,False,False,insufficient_channel_baseline
2026-04-30T11:10:02.884862+00:00,DgX6SMZaC_8,UCEQXxiYxNZbym9Fad7-n2Lg,7.777684,False,True,False,False,False,False,True,ok
2026-04-30T11:10:02.884862+00:00,Qyf99inRvDE,UCP15FVAA2UL-QOcGhy7-ezA,1.460855,True,False,False,False,True,False,True,low_history
2026-04-30T11:10:02.884862+00:00,l1-D1s67YU4,UCP15FVAA2UL-QOcGhy7-ezA,5.653945,False,True,False,False,True,False,True,ok
2026-04-30T11:10:02.884862+00:00,xO5diVmgE8Y,UCM55RjebjSevVWPnj2LEymw,8.922429,False,True,False,False,False,False,True,ok
2026-04-30T11:10:02.884862+00:00,BYv6i1MhiRA,UCjSVqRtdOsxQDss_pJpp_Yg,2.525543,True,False,False,False,True,False,True,ok
2026-04-30T11:10:02.884862+00:00,PQOKPfU-zIs,UCF0L4jd9LcSIxsj5gKITMqQ,1.569362,True,False,False,False,True,False,True,ok
2026-04-30T11:10:02.884862+00:00,nOR-IY0SnEY,UCRDQzsHtx2cXvzEXnEhbxBg,6.582938,False,True,False,False,True,False,True,ok
2026-04-30T11:10:02.884862+00:00,vrW0swCG3Kg,UCUyDOdBWhC1MCxEjC46d-zw,7.506978,False,True,False,False,False,False,True,ok
2026-04-30T11:10:02.884862+00:00,R1iBWKeX42I,UCP15FVAA2UL-QOcGhy7-ezA,1.708378,True,False,False,False,True,False,True,ok
2026-04-30T11:10:02.884862+00:00,5Z4z2oEoxw8,UCQIUhtP5WYIx_pMG8UvMYHg,6.881804,False,True,False,False,True,False,True,ok
2026-04-30T11:10:02.884862+00:00,RBz3O-4xBYE,UCF0L4jd9LcSIxsj5gKITMqQ,3.881469,False,False,False,False,True,False,True,ok
2026-04-30T11:10:02.884862+00:00,wJwQm_aqC8U,UCUyDOdBWhC1MCxEjC46d-zw,4.090311,False,True,False,False,True,False,True,ok
2026-04-30T11:10:02.884862+00:00,XoY4BiK1WW8,UCF0L4jd9LcSIxsj5gKITMqQ,1.650161,True,False,False,False,True,False,True,ok
2026-04-30T11:10:02.884862+00:00,UQXupr6-Wmg,UCUyDOdBWhC1MCxEjC46d-zw,7.006978,False,True,False,False,False,False,True,ok
2026-04-30T11:10:02.884862+00:00,-5kkpHpexIA,UC5mQQ4Ur6oA8lsGFkvH2lyg,5.381978,False,True,False,False,True,False,True,ok
2026-04-30T11:10:02.884862+00:00,oOLYgK6RqS4,UCP7PV59jal4PobLeo5cSG_Q,1.699235,True,False,False,False,True,False,True,ok
2026-04-30T11:10:02.884862+00:00,0xTKuxdSrRI,UCF0L4jd9LcSIxsj5gKITMqQ,4.931237,False,True,False,False,True,False,True,ok
2026-04-30T11:10:02.884862+00:00,K38w2QlgHPQ,UC5PwIMtLiIBCBhsu8f_-6UQ,2.7103,True,False,False,False,True,False,True,ok
2026-04-30T11:10:02.884862+00:00,IBBboS2nK3c,UCl5-lvQyfILb-l2abPk4Ntg,2.04773,True,False,False,False,True,False,True,ok
2026-04-30T11:10:02.884862+00:00,L7fVqlOzegQ,UCs0QXHkbkBDM_NwnRiGFoTA,7.322128,False,True,False,False,False,False,True,ok
2026-04-30T11:10:02.884862+00:00,UkbeRKmr5kM,UCjSVqRtdOsxQDss_pJpp_Yg,7.444223,False,True,False,False,False,False,True,ok
2026-04-30T11:10:02.884862+00:00,XV4eV0wnx-c,UCoOae5nYA7VqaXzerajD0lg,4.047985,False,True,False,False,True,False,True,ok
2026-04-30T11:10:02.884862+00:00,N14hiQw7Wdk,UCiqJoWIT-vm-hJoXilFGiUQ,2.673645,True,False,False,False,True,False,True,ok
2026-04-30T11:10:02.884862+00:00,03uRM4Uz5t8,UCF0L4jd9LcSIxsj5gKITMqQ,4.028587,False,True,False,False,True,False,True,ok
2026-04-30T11:10:02.884862+00:00,La4ogJrxI0g,UCTfQ65AxquXmih3r6rZmK-Q,7.698182,False,True,False,False,False,False,False,insufficient_channel_baseline
2026-04-30T11:10:02.884862+00:00,0ShXZN7aHqA,UCP15FVAA2UL-QOcGhy7-ezA,2.534084,True,False,False,False,True,False,True,ok
2026-04-30T11:10:02.884862+00:00,yaBzATxyEYs,UCaVPhFg-Ax873wvhbNitsrQ,7.562603,False,True,False,False,False,False,True,ok
2026-04-30T11:10:02.884862+00:00,uWOLkr7S47A,UCUyDOdBWhC1MCxEjC46d-zw,8.006978,False,True,False,False,False,False,True,ok
2026-04-30T11:10:02.884862+00:00,MSl5mD3E7PE,UC3IEYr87JpgBeVbbc0gP9DA,7.643401,False,True,False,False,False,False,False,insufficient_channel_baseline
2026-04-30T11:10:02.884862+00:00,_O6ICkmg1Zg,UCyM-2pRapEv6V2q7UNO9icg,2.777672,True,False,False,False,True,False,True,ok
2026-04-30T11:10:02.884862+00:00,dA8XrnlFY5w,UCiqJoWIT-vm-hJoXilFGiUQ,6.673645,False,True,False,False,True,False,True,ok
2026-04-30T11:10:02.884862+00:00,X9fGa-F_ars,UCPgVPrgqpALC1s2e63fgKyg,7.631735,False,True,False,False,False,False,True,ok
2026-04-30T11:10:02.884862+00:00,bM3ojc2bhdA,UC30ajuhy8cViP2DiM1QLjmg,1.444188,True,False,False,False,True,False,True,low_history
2026-04-30T11:10:02.884862+00:00,pS5AOr4B7hg,UCWn_0MmgojB711LFX-jaCDQ,1.802406,True,False,False,False,True,False,True,ok
2026-04-30T11:10:02.884862+00:00,1gyuiKoSc-w,UCjSVqRtdOsxQDss_pJpp_Yg,2.444466,True,False,False,False,True,False,True,ok
2026-04-30T11:10:02.884862+00:00,v8z-clVwRxM,UC9WGON3pXofvE958Uq3Lw3Q,6.580149,False,True,False,False,True,False,True,ok
2026-04-30T11:10:02.884862+00:00,PCAPjDDY-h4,UC1viRct91s1a3Z5yvk7FJXw,7.667788,False,True,False,False,False,False,True,ok
2026-04-30T11:10:02.884862+00:00,u7sbQBw3X3g,UC5mQQ4Ur6oA8lsGFkvH2lyg,6.381411,False,True,False,False,True,False,True,ok
2026-04-30T11:10:02.884862+00:00,s47EWzAbZL4,UCUyDOdBWhC1MCxEjC46d-zw,7.090311,False,True,False,False,False,False,True,ok
2026-04-30T11:10:02.884862+00:00,7vdW8a6jEfw,UCUyDOdBWhC1MCxEjC46d-zw,4.006978,False,True,False,False,True,False,True,ok
2026-04-30T11:10:02.884862+00:00,HOwVuamQvTc,UCEK0oX3X2yK9y27khCsrNKg,3.834003,False,False,False,False,True,False,True,ok
2026-04-30T11:10:02.884862+00:00,SY53rwqE2i0,UCaVPhFg-Ax873wvhbNitsrQ,8.550311,False,True,False,False,False,False,True,ok
2026-04-30T11:10:02.884862+00:00,7u0DJM1SNPs,UCxFACDJ98idvo9Gq9M9AQgg,8.423517,False,True,False,False,False,False,True,ok
2026-04-30T11:10:02.884862+00:00,J9p4GMskefU,UC3IEYr87JpgBeVbbc0gP9DA,7.813459,False,True,False,False,False,False,False,insufficient_channel_baseline
2026-04-30T11:10:02.884862+00:00,-tzJJPnAenI,UCjSVqRtdOsxQDss_pJpp_Yg,2.486145,True,False,False,False,True,False,True,ok
2026-04-30T11:10:02.884862+00:00,5zwotvZ1rl0,UCxFACDJ98idvo9Gq9M9AQgg,5.006723,False,True,False,False,True,False,True,ok
2026-04-30T11:10:02.884862+00:00,xUWqMdypNsM,UC5PwIMtLiIBCBhsu8f_-6UQ,6.747603,False,True,False,False,True,False,True,ok
2026-04-30T11:10:02.884862+00:00,Zu3g28TTetU,UC55-mxUj5Nj3niXFReG44OQ,6.881341,False,True,False,False,True,False,True,ok
2026-04-30T11:10:02.884862+00:00,6q2ptE-BXIc,UCRDQzsHtx2cXvzEXnEhbxBg,1.252765,True,False,False,False,True,False,True,low_history
2026-04-30T11:10:02.884862+00:00,Wj8owIKaQKQ,UCUyDOdBWhC1MCxEjC46d-zw,7.173645,False,True,False,False,False,False,True,ok
2026-04-30T11:10:02.884862+00:00,_QHAqfILwPk,UCBBWpss2iXVXtTzl7-4eWbg,2.37979,True,False,False,False,True,False,True,ok
2026-04-30T11:10:02.884862+00:00,evVs-Jtor50,UCqcbQf6yw5KzRoDDcZ_wBSw,6.237603,False,True,False,False,True,False,True,ok
2026-04-30T11:10:02.884862+00:00,5ov8sBSV-pc,UCDnUOd6PIlQAL9bPUTf9BkQ,2.715311,True,False,False,False,True,False,False,insufficient_channel_baseline
2026-04-30T11:10:02.884862+00:00,9361MUAmA24,UCLYoURyGHMUuQ5YrfX55PWg,7.95964,False,True,False,False,False,False,True,ok
2026-04-30T11:10:02.884862+00:00,oXKkhajzwgE,UCRDQzsHtx2cXvzEXnEhbxBg,6.59229,False,True,False,False,True,False,True,ok
2026-04-30T11:10:02.884862+00:00,zEUstENVghI,UCl5-lvQyfILb-l2abPk4Ntg,8.83155,False,True,False,False,False,False,True,ok
2026-04-30T11:10:02.884862+00:00,PfdNPN9Jv6s,UCF0L4jd9LcSIxsj5gKITMqQ,5.860925,False,True,False,False,True,False,True,ok
2026-04-30T11:10:02.884862+00:00,lkM12v2VZyE,UCP15FVAA2UL-QOcGhy7-ezA,8.460982,False,True,False,False,False,False,True,ok
2026-04-30T11:10:02.884862+00:00,OkVrrVAG9yg,UCRDQzsHtx2cXvzEXnEhbxBg,6.423575,False,True,False,False,True,False,True,ok
2026-04-30T11:10:02.884862+00:00,pqIZk9qrBEM,UC30ajuhy8cViP2DiM1QLjmg,5.379651,False,True,False,False,True,False,True,ok
2026-04-30T11:10:02.884862+00:00,fQK8Lx-oRIU,UCPTlwyaEoJOVyvDLzHagzNQ,4.756978,False,True,False,False,True,False,True,ok
2026-04-30T11:10:02.884862+00:00,f1rK6WfCjCQ,UCoOae5nYA7VqaXzerajD0lg,8.04773,False,True,False,False,False,False,True,ok
2026-04-30T11:10:02.884862+00:00,dINRvKoLQ-c,UCF0L4jd9LcSIxsj5gKITMqQ,6.797823,False,True,False,False,True,False,True,ok
2026-04-30T11:10:02.884862+00:00,VREVC0wXPfs,UChhw6DlKKTQ9mYSpTfXUYqA,7.726017,False,True,False,False,False,False,True,ok
2026-04-30T11:10:02.884862+00:00,gS87TtB9nk4,UCUyDOdBWhC1MCxEjC46d-zw,9.006978,False,True,False,False,False,False,True,ok
2026-04-30T11:10:02.884862+00:00,1a5xOhqvm-I,UCoOae5nYA7VqaXzerajD0lg,6.048598,False,True,False,False,True,False,True,ok
2026-04-30T11:10:02.884862+00:00,UPYFbiBv8H4,UCuhw3KIv3wM14By2-LcxDGw,1.305172,True,False,False,False,True,False,True,low_history
2026-04-30T11:10:02.884862+00:00,-Ap6qWvqk0I,UCF7UoUGGOUcSSNcVDndq7KQ,9.329026,False,True,False,False,False,False,False,insufficient_channel_baseline
2026-04-30T11:10:02.884862+00:00,94PJFiyaSrs,UCyJbb85EUgWjl38GcF236Jg,7.464281,False,True,False,False,False,False,True,ok
2026-04-30T11:10:02.884862+00:00,7A5KHuRU8BE,UCF0L4jd9LcSIxsj5gKITMqQ,1.590242,True,False,False,False,True,False,True,ok
2026-04-30T11:10:02.884862+00:00,EvauKuWaNmk,UCl5-lvQyfILb-l2abPk4Ntg,8.715311,False,True,False,False,False,False,True,ok
2026-04-30T11:10:02.884862+00:00,NkWtrW-9GDY,UCX9NJ471o7Wie1DQe94RVIg,2.676295,True,False,False,False,True,False,True,ok
2026-04-30T11:10:02.884862+00:00,nxCFXdIgxmw,UCRDQzsHtx2cXvzEXnEhbxBg,4.21729,False,True,False,False,True,False,True,ok
2026-04-30T11:10:02.884862+00:00,UN6X2Jj-qrQ,UCLYoURyGHMUuQ5YrfX55PWg,6.95486,False,True,False,False,True,False,True,ok
2026-04-30T11:10:02.884862+00:00,ieJE93iObcI,UCuhw3KIv3wM14By2-LcxDGw,2.300763,True,False,False,False,True,False,True,ok
2026-04-30T11:10:02.884862+00:00,e7IyFScAa-Q,UC9WGON3pXofvE958Uq3Lw3Q,8.505103,False,True,False,False,False,False,True,ok
2026-04-30T11:10:02.884862+00:00,xAJcbx5h6wE,UCjSVqRtdOsxQDss_pJpp_Yg,1.464559,True,False,False,False,True,False,True,low_history
2026-04-30T11:10:02.884862+00:00,tveRHTJJyy8,UCUyDOdBWhC1MCxEjC46d-zw,4.673645,False,True,False,False,True,False,True,ok
2026-04-30T11:10:02.884862+00:00,0moz0GJcIHg,UCUyDOdBWhC1MCxEjC46d-zw,7.256978,False,True,False,False,False,False,True,ok
2026-04-30T11:10:02.884862+00:00,SYdW3cZKdmY,UCl5-lvQyfILb-l2abPk4Ntg,5.815531,False,True,False,False,True,False,True,ok
2026-04-30T11:10:02.884862+00:00,MX1a5garnwc,UC9WGON3pXofvE958Uq3Lw3Q,4.736422,False,True,False,False,True,False,True,ok
2026-04-30T11:10:02.884862+00:00,FpwEaued1Hc,UCUyDOdBWhC1MCxEjC46d-zw,5.506978,False,True,False,False,True,False,True,ok
2026-04-30T11:10:02.884862+00:00,ZB9IMq0ee0k,UCl5-lvQyfILb-l2abPk4Ntg,7.736411,False,True,False,False,False,False,True,ok
2026-04-30T11:10:02.884862+00:00,F4ZxeuNDoUw,UCRDQzsHtx2cXvzEXnEhbxBg,3.203263,False,False,False,False,True,False,True,ok
2026-04-30T11:10:02.884862+00:00,DWt3zfqtI6g,UC2UXDak6o7rBm23k3Vv5dww,3.840126,False,False,False,False,True,False,True,ok
2026-04-30T11:10:02.884862+00:00,jjSaUeqJi4s,UCX9NJ471o7Wie1DQe94RVIg,7.7528,False,True,False,False,False,False,True,ok
2026-04-30T11:10:02.884862+00:00,CF4oRpaLSqw,UCbUYAYd1WUznxEEl498z7vA,2.24354,True,False,False,False,True,False,True,ok
2026-04-30T11:10:02.884862+00:00,MdYM6kw372Q,UCF0L4jd9LcSIxsj5gKITMqQ,3.611075,False,False,False,False,True,False,True,ok
2026-04-30T11:10:02.884862+00:00,kp1dLUox9_Y,UCxFACDJ98idvo9Gq9M9AQgg,5.543529,False,True,False,False,True,False,True,ok
2026-04-30T11:10:02.884862+00:00,MbX7gs6huVE,UC55-mxUj5Nj3niXFReG44OQ,7.719976,False,True,False,False,False,False,True,ok
2026-04-30T11:10:02.884862+00:00,raie7EtagZk,UCxFACDJ98idvo9Gq9M9AQgg,6.426908,False,True,False,False,True,False,True,ok
2026-04-30T11:10:02.884862+00:00,G-i7hiu_yPU,UCrr-NczCJHrwi1oBS97uwnw,5.699223,False,True,False,False,True,False,False,insufficient_channel_baseline
2026-04-30T11:10:02.884862+00:00,CZtseHx5dAM,UCUyDOdBWhC1MCxEjC46d-zw,9.173645,False,True,False,False,False,False,True,ok
2026-04-30T11:10:02.884862+00:00,EnLpF9i3I4I,UC9mrBfjgyOsqJ0J-zw7kZLQ,3.207163,False,False,False,False,True,False,True,ok
2026-04-30T11:10:02.884862+00:00,fHes8kAGJHs,UCUyDOdBWhC1MCxEjC46d-zw,8.340311,False,True,False,False,False,False,True,ok
2026-04-30T11:10:02.884862+00:00,D3h2gmgCBFg,UCl5-lvQyfILb-l2abPk4Ntg,1.873552,True,False,False,False,True,False,True,ok
2026-04-30T11:10:02.884862+00:00,Zqmsoqo2fJs,UCyM-2pRapEv6V2q7UNO9icg,3.742429,False,False,False,False,True,False,True,ok
2026-04-30T11:10:02.884862+00:00,_BHe9R7pYNw,UCQIUhtP5WYIx_pMG8UvMYHg,3.839605,False,False,False,False,True,False,True,ok
2026-04-30T11:10:02.884862+00:00,2FdfXwODkr4,UCyM-2pRapEv6V2q7UNO9icg,4.669582,False,True,False,False,True,False,True,ok
2026-04-30T11:10:02.884862+00:00,X5MyBjZ8Jgw,UCF0L4jd9LcSIxsj5gKITMqQ,4.88126,False,True,False,False,True,False,True,ok
2026-04-30T11:10:02.884862+00:00,qCFEWA_Nu3k,UCl5-lvQyfILb-l2abPk4Ntg,6.860936,False,True,False,False,True,False,True,ok
2026-04-30T11:10:02.884862+00:00,gGvkfd-LiKA,UCP15FVAA2UL-QOcGhy7-ezA,6.587915,False,True,False,False,True,False,True,ok
2026-04-30T11:10:02.884862+00:00,MK-6-YuFzC4,UCdNnEDbRWhanA1O8zhCn3ZA,9.423297,False,True,False,False,False,False,True,ok
2026-04-30T11:10:02.884862+00:00,uZ6Nbwp8GtU,UCX9NJ471o7Wie1DQe94RVIg,4.783274,False,True,False,False,True,False,True,ok
2026-04-30T11:10:02.884862+00:00,RtCDqPRlu48,UCP15FVAA2UL-QOcGhy7-ezA,5.685901,False,True,False,False,True,False,True,ok
2026-04-30T11:10:02.884862+00:00,0YCyZKuGPmA,UC9mrBfjgyOsqJ0J-zw7kZLQ,6.485763,False,True,False,False,True,False,True,ok
2026-04-30T11:10:02.884862+00:00,6cUe6qrXxJU,UCxFACDJ98idvo9Gq9M9AQgg,7.423517,False,True,False,False,False,False,True,ok
2026-04-30T11:10:02.884862+00:00,OPDzJP8iWLo,UCEQXxiYxNZbym9Fad7-n2Lg,8.777719,False,True,False,False,False,False,True,ok
2026-04-30T11:10:02.884862+00:00,aFvAFWzCwF8,UCF0L4jd9LcSIxsj5gKITMqQ,8.692452,False,True,False,False,False,False,True,ok
2026-04-30T11:10:02.884862+00:00,n16KlvFN28c,UCdNnEDbRWhanA1O8zhCn3ZA,8.679559,False,True,False,False,False,False,True,ok
2026-04-30T11:10:02.884862+00:00,wR8P970sqH8,UCUyDOdBWhC1MCxEjC46d-zw,6.506978,False,True,False,False,True,False,True,ok
2026-04-30T11:10:02.884862+00:00,XyFrfcsbDGY,UCPTlwyaEoJOVyvDLzHagzNQ,8.756978,False,True,False,False,False,False,True,ok
2026-04-30T11:10:02.884862+00:00,FOyH5MIRyD4,UCF0L4jd9LcSIxsj5gKITMqQ,4.861029,False,True,False,False,True,False,True,ok
2026-04-30T11:10:02.884862+00:00,VvBy9AkhR2w,UCBBWpss2iXVXtTzl7-4eWbg,3.415531,False,False,False,False,True,False,True,ok
2026-04-30T11:10:02.884862+00:00,TpncXdKNLTQ,UCEK0oX3X2yK9y27khCsrNKg,5.839721,False,True,False,False,True,False,True,ok
2026-04-30T11:10:02.884862+00:00,W1js1spTUPs,UCWn_0MmgojB711LFX-jaCDQ,2.77126,True,False,False,False,True,False,True,ok
2026-04-30T11:10:02.884862+00:00,uay_qpfTJOE,UC55-mxUj5Nj3niXFReG44OQ,5.665045,False,True,False,False,True,False,True,ok
2026-04-30T11:10:02.884862+00:00,seu69-hMmGw,UCRDQzsHtx2cXvzEXnEhbxBg,6.587938,False,True,False,False,True,False,True,ok
2026-04-30T11:10:02.884862+00:00,f7fbvRa4eJE,UCUyDOdBWhC1MCxEjC46d-zw,5.840311,False,True,False,False,True,False,True,ok
2026-04-30T11:10:02.884862+00:00,pVwkpXd5PCA,UC2UXDak6o7rBm23k3Vv5dww,6.839246,False,True,False,False,True,False,True,ok
2026-04-30T11:10:02.884862+00:00,AxHTi--S-sU,UCP15FVAA2UL-QOcGhy7-ezA,7.574478,False,True,False,False,False,False,True,ok
2026-04-30T11:10:02.884862+00:00,TeheJAFWwYs,UCDOSaJ0pnglwzfkR6fYbisA,7.465242,False,True,False,False,False,False,True,ok
2026-04-30T11:10:02.884862+00:00,XAQ275WwWnw,UChhw6DlKKTQ9mYSpTfXUYqA,5.80317,False,True,False,False,True,False,True,ok
2026-04-30T11:10:02.884862+00:00,8mnzaIML2AM,UCF0L4jd9LcSIxsj5gKITMqQ,1.644628,True,False,False,False,True,False,True,ok
2026-04-30T11:10:02.884862+00:00,UacKz43AiDQ,UCHMSzZaVrEjK35aYK3J7Htw,2.547753,True,False,False,False,True,False,True,ok
2026-04-30T11:10:02.884862+00:00,HgD5P0gQxOk,UCyM-2pRapEv6V2q7UNO9icg,5.713101,False,True,False,False,True,False,True,ok
2026-04-30T11:10:02.884862+00:00,Xq-4lUaLIp8,UCl5-lvQyfILb-l2abPk4Ntg,7.052395,False,True,False,False,False,False,True,ok
2026-04-30T11:10:02.884862+00:00,7Ocx3WwDK_c,UCxFACDJ98idvo9Gq9M9AQgg,2.631943,True,False,False,False,True,False,True,ok
2026-04-30T11:10:02.884862+00:00,4RmcHqjzw-A,UCOQEA3qmyzFmJdi6Z137yrA,6.965114,False,True,False,False,True,False,False,insufficient_channel_baseline
2026-04-30T11:10:02.884862+00:00,au_CNv7ZBS4,UCDOSaJ0pnglwzfkR6fYbisA,8.779709,False,True,False,False,False,False,True,ok
2026-04-30T11:10:02.884862+00:00,h_G5spN1nJk,UC30ajuhy8cViP2DiM1QLjmg,7.534408,False,True,False,False,False,False,True,ok
2026-04-30T11:10:02.884862+00:00,jq7ocNZXg_s,UCUyDOdBWhC1MCxEjC46d-zw,8.256978,False,True,False,False,False,False,True,ok
2026-04-30T11:10:02.884862+00:00,FdFgh2vQp8I,UCiqJoWIT-vm-hJoXilFGiUQ,1.560739,True,False,False,False,True,False,True,ok
2026-04-30T11:10:02.884862+00:00,eEfZlpKPAIU,UCP15FVAA2UL-QOcGhy7-ezA,5.544119,False,True,False,False,True,False,True,ok
2026-04-30T11:10:02.884862+00:00,sa3zzPEnz_4,UCP15FVAA2UL-QOcGhy7-ezA,9.372719,False,True,False,False,False,False,True,ok
2026-04-30T11:10:02.884862+00:00,Z-xAO96GQtU,UCF0L4jd9LcSIxsj5gKITMqQ,4.589883,False,True,False,False,True,False,True,ok
2026-04-30T11:10:02.884862+00:00,rg1PhRvmFXk,UCDnUOd6PIlQAL9bPUTf9BkQ,6.756978,False,True,False,False,True,False,False,insufficient_channel_baseline
2026-04-30T11:10:02.884862+00:00,6Np0FPnWdMs,UCP15FVAA2UL-QOcGhy7-ezA,8.707927,False,True,False,False,False,False,True,ok
2026-04-30T11:10:02.884862+00:00,8MhnMHlXk7Q,UCRDQzsHtx2cXvzEXnEhbxBg,4.219223,False,True,False,False,True,False,True,ok
2026-04-30T11:10:02.884862+00:00,tLlucpJbi5E,UCiqJoWIT-vm-hJoXilFGiUQ,2.744999,True,False,False,False,True,False,True,ok
2026-04-30T11:10:02.884862+00:00,mPbb2Gk3fr4,UCUyDOdBWhC1MCxEjC46d-zw,9.090311,False,True,False,False,False,False,True,ok
2026-04-30T11:10:02.884862+00:00,sujVZ7316qo,UCyM-2pRapEv6V2q7UNO9icg,7.777533,False,True,False,False,False,False,True,ok
2026-04-30T11:10:02.884862+00:00,-wkZoxeFIpM,UCEQXxiYxNZbym9Fad7-n2Lg,3.58729,False,False,False,False,True,False,True,ok
2026-04-30T11:10:02.884862+00:00,ra8QknbAJs4,UCEK0oX3X2yK9y27khCsrNKg,5.839188,False,True,False,False,True,False,True,ok
2026-04-30T11:10:02.884862+00:00,5Tsi4Beca6g,UCP15FVAA2UL-QOcGhy7-ezA,6.708563,False,True,False,False,True,False,True,ok
2026-04-30T11:10:02.884862+00:00,-JTeDTLElVg,UC5mQQ4Ur6oA8lsGFkvH2lyg,5.465311,False,True,False,False,True,False,True,ok
2026-04-30T11:10:02.884862+00:00,woNfdYrmVGw,UCyM-2pRapEv6V2q7UNO9icg,6.777429,False,True,False,False,True,False,True,ok
2026-04-30T11:10:02.884862+00:00,E6IrH04B8wg,UCl5-lvQyfILb-l2abPk4Ntg,5.756376,False,True,False,False,True,False,True,ok
2026-04-30T11:10:02.884862+00:00,5jOtf3OIgHg,UCP15FVAA2UL-QOcGhy7-ezA,5.833101,False,True,False,False,True,False,True,ok
2026-04-30T11:10:02.884862+00:00,QCcQpkBhOvI,UCP15FVAA2UL-QOcGhy7-ezA,8.58567,False,True,False,False,False,False,True,ok
2026-04-30T11:10:02.884862+00:00,QduEFho6dLg,UCEK0oX3X2yK9y27khCsrNKg,9.406607,False,True,False,False,False,False,True,ok
2026-04-30T11:10:02.884862+00:00,R6VQrYkJf74,UCP15FVAA2UL-QOcGhy7-ezA,8.589929,False,True,False,False,False,False,True,ok
2026-04-30T11:10:02.884862+00:00,_XyunBBcVXY,UCiqJoWIT-vm-hJoXilFGiUQ,1.444478,True,False,False,False,True,False,True,low_history
2026-04-30T11:10:02.884862+00:00,6q8iEtd0IGE,UCbUYAYd1WUznxEEl498z7vA,5.319362,False,True,False,False,True,False,True,ok
2026-04-30T11:10:02.884862+00:00,TAJkbsNrZuM,UCEK0oX3X2yK9y27khCsrNKg,0.930508,True,False,False,False,True,False,True,ok
2026-04-30T11:10:02.884862+00:00,Q9qmcTjw89Q,UC30ajuhy8cViP2DiM1QLjmg,6.544142,False,True,False,False,True,False,True,ok
2026-04-30T11:10:02.884862+00:00,FfMFahO2VE4,UCUyDOdBWhC1MCxEjC46d-zw,8.173645,False,True,False,False,False,False,True,ok
2026-04-30T11:10:02.884862+00:00,6_o0OElprPo,UCOD6LXgeBoeiUZTsPLdG-0g,2.486075,True,False,False,False,True,False,True,ok
2026-04-30T11:10:02.884862+00:00,pe_HkAV9yJM,UC5PwIMtLiIBCBhsu8f_-6UQ,8.753274,False,True,False,False,False,False,True,ok
2026-04-30T11:10:02.884862+00:00,sQoa8y7eN-8,UCLYoURyGHMUuQ5YrfX55PWg,8.954698,False,True,False,False,False,False,True,ok
2026-04-30T11:10:02.884862+00:00,EJfh57hfc_E,UCF0L4jd9LcSIxsj5gKITMqQ,7.902661,False,True,False,False,False,False,True,ok
2026-04-30T11:10:02.884862+00:00,H1fy1Brpa3Q,UCBBWpss2iXVXtTzl7-4eWbg,7.697094,False,True,False,False,False,False,True,ok
2026-04-30T11:10:02.884862+00:00,aNfOwttNQcg,UCl5-lvQyfILb-l2abPk4Ntg,6.970763,False,True,False,False,True,False,True,ok
2026-04-30T11:10:02.884862+00:00,hCNT8hK1T98,UCjSVqRtdOsxQDss_pJpp_Yg,1.381503,True,False,False,False,True,False,True,low_history
2026-04-30T11:10:02.884862+00:00,8ImVuaOhTf4,UCF0L4jd9LcSIxsj5gKITMqQ,6.756862,False,True,False,False,True,False,True,ok
2026-04-30T11:10:02.884862+00:00,rzHYdFYDjcQ,UC5mQQ4Ur6oA8lsGFkvH2lyg,4.756202,False,True,False,False,True,False,True,ok
2026-04-30T11:10:02.884862+00:00,9T90MfOpaZY,UCHMSzZaVrEjK35aYK3J7Htw,3.547371,False,False,False,False,True,False,True,ok
2026-04-30T11:10:02.884862+00:00,bjFyP8D_XvM,UCjSVqRtdOsxQDss_pJpp_Yg,4.381561,False,True,False,False,True,False,True,ok
2026-04-30T11:10:02.884862+00:00,PiKd0maLI6o,UCl5-lvQyfILb-l2abPk4Ntg,7.810357,False,True,False,False,False,False,True,ok
2026-04-30T11:10:02.884862+00:00,rWwPAnF8Qeo,UCRDQzsHtx2cXvzEXnEhbxBg,8.775612,False,True,False,False,False,False,True,ok
2026-04-30T11:10:02.884862+00:00,m8mdQGF-Pmw,UCF0L4jd9LcSIxsj5gKITMqQ,9.04773,False,True,False,False,False,False,True,ok
2026-04-30T11:10:02.884862+00:00,TlwFNKM1OyA,UCF0L4jd9LcSIxsj5gKITMqQ,4.601723,False,True,False,False,True,False,True,ok
2026-04-30T11:10:02.884862+00:00,9dIy1d0jmXw,UCYZLVhSSwdBllvn4tw5a4uQ,8.450751,False,True,False,False,False,False,False,insufficient_channel_baseline
2026-04-30T11:10:02.884862+00:00,TSAh8dzN0cw,UCl5-lvQyfILb-l2abPk4Ntg,5.858158,False,True,False,False,True,False,True,ok
2026-04-30T11:10:02.884862+00:00,7y8W9bita7o,UC9mrBfjgyOsqJ0J-zw7kZLQ,7.438482,False,True,False,False,False,False,True,ok
2026-04-30T11:10:02.884862+00:00,E7PxcFm-Xs8,UCUyDOdBWhC1MCxEjC46d-zw,8.090311,False,True,False,False,False,False,True,ok
2026-04-30T11:10:02.884862+00:00,9Ke8dmefEqo,UCF0L4jd9LcSIxsj5gKITMqQ,7.936202,False,True,False,False,False,False,True,ok
2026-04-30T11:10:02.884862+00:00,t3oZncJYgwE,UCF0L4jd9LcSIxsj5gKITMqQ,4.559038,False,True,False,False,True,False,True,ok
2026-04-30T11:10:02.884862+00:00,VszurX3VCPE,UCP15FVAA2UL-QOcGhy7-ezA,6.399929,False,True,False,False,True,False,True,ok
2026-04-30T11:10:02.884862+00:00,w9LJSjmwufQ,UCP15FVAA2UL-QOcGhy7-ezA,6.414489,False,True,False,False,True,False,True,ok
2026-04-30T11:10:02.884862+00:00,Rdfd1KAX6NU,UCl5-lvQyfILb-l2abPk4Ntg,6.750242,False,True,False,False,True,False,True,ok
2026-04-30T11:10:02.884862+00:00,ITT9xWeicWM,UCqcbQf6yw5KzRoDDcZ_wBSw,8.243425,False,True,False,False,False,False,True,ok
2026-04-30T11:10:02.884862+00:00,HnafDG2aj1I,UCUyDOdBWhC1MCxEjC46d-zw,8.506978,False,True,False,False,False,False,True,ok
2026-04-30T11:10:02.884862+00:00,DykSRxbFZZo,UCUyDOdBWhC1MCxEjC46d-zw,9.256978,False,True,False,False,False,False,True,ok
2026-04-30T11:10:02.884862+00:00,lrl7lslhv2s,UCl5-lvQyfILb-l2abPk4Ntg,7.964443,False,True,False,False,False,False,True,ok
2026-04-30T11:10:02.884862+00:00,q__FKs64J28,UCEK0oX3X2yK9y27khCsrNKg,6.839327,False,True,False,False,True,False,True,ok
2026-04-30T11:10:02.884862+00:00,g47pe7T6-KE,UCUyDOdBWhC1MCxEjC46d-zw,9.340311,False,True,False,False,False,False,True,ok
2026-04-30T11:10:02.884862+00:00,9R7IaubJFhA,UCP15FVAA2UL-QOcGhy7-ezA,7.691399,False,True,False,False,False,False,True,ok
2026-04-30T11:10:02.884862+00:00,qO9602XOIfY,UCF0L4jd9LcSIxsj5gKITMqQ,5.797661,False,True,False,False,True,False,True,ok
2026-04-30T11:10:02.884862+00:00,Z0uWs_W9S1A,UCUyDOdBWhC1MCxEjC46d-zw,7.840311,False,True,False,False,False,False,True,ok
2026-04-30T11:10:02.884862+00:00,NLrfMQ0dqpQ,UCsmEAwbV7WbYndpQKbY4Ntw,3.881978,False,False,False,False,True,False,False,insufficient_channel_baseline
2026-04-30T11:10:02.884862+00:00,sPHe-L95K0o,UCP7PV59jal4PobLeo5cSG_Q,2.559686,True,False,False,False,True,False,True,ok
2026-04-30T11:10:02.884862+00:00,hrIY-clbdg8,UCqcbQf6yw5KzRoDDcZ_wBSw,9.247973,False,True,False,False,False,False,True,ok
2026-04-30T11:10:02.884862+00:00,Ux-bi7bqrUU,UCF0L4jd9LcSIxsj5gKITMqQ,4.902395,False,True,False,False,True,False,True,ok
2026-04-30T11:10:02.884862+00:00,vcL1MMmXeO8,UCyM-2pRapEv6V2q7UNO9icg,8.651573,False,True,False,False,False,False,True,ok
2026-04-30T11:10:02.884862+00:00,PZ2yduZysf0,UCl5-lvQyfILb-l2abPk4Ntg,6.043413,False,True,False,False,True,False,True,ok
2026-04-30T11:10:02.884862+00:00,-bFkzPRxH4w,UCHMSzZaVrEjK35aYK3J7Htw,8.546492,False,True,False,False,False,False,True,ok
2026-04-30T11:10:02.884862+00:00,1WQetpMA8-k,UC3nwmvE2aDzUSJ4evQ1NhoA,8.68405,False,True,False,False,False,False,True,ok
2026-04-30T11:10:02.884862+00:00,erf6YdpSakA,UCBBWpss2iXVXtTzl7-4eWbg,8.529952,False,True,False,False,False,False,True,ok
2026-04-30T11:10:02.884862+00:00,SHPKe7pGqMk,UCbUYAYd1WUznxEEl498z7vA,6.214316,False,True,False,False,True,False,True,ok
2026-04-30T11:10:02.884862+00:00,YPM2Fep2P3A,UCjSVqRtdOsxQDss_pJpp_Yg,4.464883,False,True,False,False,True,False,True,ok
2026-04-30T11:10:02.884862+00:00,PMX-urJB7uw,UCF0L4jd9LcSIxsj5gKITMqQ,3.59008,False,False,False,False,True,False,True,ok
2026-04-30T11:10:02.884862+00:00,oYu0ZgihU8Q,UCP15FVAA2UL-QOcGhy7-ezA,6.605311,False,True,False,False,True,False,True,ok
2026-04-30T11:10:02.884862+00:00,40kncAedwjs,UCuhw3KIv3wM14By2-LcxDGw,5.298795,False,True,False,False,True,False,True,ok
2026-04-30T11:10:02.884862+00:00,5cynqLNd1gA,UC9mrBfjgyOsqJ0J-zw7kZLQ,8.513783,False,True,False,False,False,False,True,ok
2026-04-30T11:10:02.884862+00:00,jKwIvjb9kgM,UCF0L4jd9LcSIxsj5gKITMqQ,5.88111,False,True,False,False,True,False,True,ok
2026-04-30T11:10:02.884862+00:00,8XfsycyMf48,UCjSVqRtdOsxQDss_pJpp_Yg,6.465138,False,True,False,False,True,False,True,ok
2026-04-30T11:10:02.884862+00:00,mTqDtRTKvqE,UCl5-lvQyfILb-l2abPk4Ntg,7.850427,False,True,False,False,False,False,True,ok
2026-04-30T11:10:02.884862+00:00,2Z1aJVGA1-M,UCxFACDJ98idvo9Gq9M9AQgg,6.71214,False,True,False,False,True,False,True,ok
2026-04-30T11:10:02.884862+00:00,yqwGsf5XVkI,UCOD6LXgeBoeiUZTsPLdG-0g,8.506202,False,True,False,False,False,False,True,ok
2026-04-30T11:10:02.884862+00:00,rzqgWnJPamU,UCF0L4jd9LcSIxsj5gKITMqQ,4.047788,False,True,False,False,True,False,True,ok
2026-04-30T11:10:02.884862+00:00,ZVnXmeZZDw0,UCWn_0MmgojB711LFX-jaCDQ,4.82317,False,True,False,False,True,False,True,ok
2026-04-30T11:10:02.884862+00:00,BwIlVEvq7mU,UCl5-lvQyfILb-l2abPk4Ntg,7.889663,False,True,False,False,False,False,True,ok
2026-04-30T11:10:02.884862+00:00,5qoKwHygsy8,UCHMSzZaVrEjK35aYK3J7Htw,6.440392,False,True,False,False,True,False,True,ok
2026-04-30T11:10:02.884862+00:00,uJzhn5czGL4,UCjSVqRtdOsxQDss_pJpp_Yg,4.714686,False,True,False,False,True,False,True,ok
2026-04-30T11:10:02.884862+00:00,F1D4G7VTBnY,UCxFACDJ98idvo9Gq9M9AQgg,5.423355,False,True,False,False,True,False,True,ok
2026-04-30T11:10:02.884862+00:00,Lw3RJgDjXh0,UCl5-lvQyfILb-l2abPk4Ntg,7.796469,False,True,False,False,False,False,True,ok
2026-04-30T11:10:02.884862+00:00,vm8Yn0BN-TQ,UCbUYAYd1WUznxEEl498z7vA,5.20302,False,True,False,False,True,False,True,ok
2026-04-30T11:10:02.884862+00:00,eoXIFY2GZTw,UCF0L4jd9LcSIxsj5gKITMqQ,9.131179,False,True,False,False,False,False,True,ok
2026-04-30T11:10:02.884862+00:00,ZrTIAjdcBGM,UCP15FVAA2UL-QOcGhy7-ezA,8.410415,False,True,False,False,False,False,True,ok
2026-04-30T11:10:02.884862+00:00,RNi5EAKHQ_I,UCBBWpss2iXVXtTzl7-4eWbg,8.752348,False,True,False,False,False,False,True,ok
2026-04-30T11:10:02.884862+00:00,FAerQflosns,UCxFACDJ98idvo9Gq9M9AQgg,8.631874,False,True,False,False,False,False,True,ok
2026-04-30T11:10:02.884862+00:00,qGa8y4tPUkc,UC2RIppRBTTa6JBY-Zwv6lQw,7.922533,False,True,False,False,False,False,False,insufficient_channel_baseline
2026-04-30T11:10:02.884862+00:00,rbbMgCB90fk,UCuhw3KIv3wM14By2-LcxDGw,6.300658,False,True,False,False,True,False,True,ok
2026-04-30T11:10:02.884862+00:00,Bv4wqAVZ6Ps,UCuhw3KIv3wM14By2-LcxDGw,8.327267,False,True,False,False,False,False,True,ok
2026-04-30T11:10:02.884862+00:00,ppy-SwlSnEo,UCHMSzZaVrEjK35aYK3J7Htw,7.547059,False,True,False,False,False,False,True,ok
2026-04-30T11:10:02.884862+00:00,I66LDF9iWts,UCjSVqRtdOsxQDss_pJpp_Yg,1.423436,True,False,False,False,True,False,True,low_history
2026-04-30T11:10:02.884862+00:00,SxYWhC51qFo,UCF0L4jd9LcSIxsj5gKITMqQ,6.839709,False,True,False,False,True,False,True,ok
2026-04-30T11:10:02.884862+00:00,_EHKT75Ir0g,UC5mQQ4Ur6oA8lsGFkvH2lyg,6.714871,False,True,False,False,True,False,True,ok
2026-04-30T11:10:02.884862+00:00,h5Snd8uqih8,UCF0L4jd9LcSIxsj5gKITMqQ,4.579871,False,True,False,False,True,False,True,ok
2026-04-30T11:10:02.884862+00:00,kLhNERKdwd4,UCiqJoWIT-vm-hJoXilFGiUQ,3.6192,False,False,False,False,True,False,True,ok
2026-04-30T11:10:02.884862+00:00,g8NWmUdMh_E,UCqcbQf6yw5KzRoDDcZ_wBSw,6.611978,False,True,False,False,True,False,True,ok
2026-04-30T11:10:02.884862+00:00,vyUuhcDRcf4,UCF0L4jd9LcSIxsj5gKITMqQ,7.922418,False,True,False,False,False,False,True,ok
2026-04-30T11:10:02.884862+00:00,HyTkdC8bhCg,UCbUYAYd1WUznxEEl498z7vA,8.240925,False,True,False,False,False,False,True,ok
2026-04-30T11:10:02.884862+00:00,FR04V2DkErI,UCxFACDJ98idvo9Gq9M9AQgg,6.413216,False,True,False,False,True,False,True,ok
2026-04-30T11:10:02.884862+00:00,LikC_lxkVEg,UCF0L4jd9LcSIxsj5gKITMqQ,6.923135,False,True,False,False,True,False,True,ok
2026-04-30T11:10:02.884862+00:00,FjxyqtLuh_M,UCbUYAYd1WUznxEEl498z7vA,9.232846,False,True,False,False,False,False,True,ok
2026-04-30T11:10:02.884862+00:00,2Ylfj8r_-V8,UCF0L4jd9LcSIxsj5gKITMqQ,7.09023,False,True,False,False,False,False,True,ok
2026-04-30T11:10:02.884862+00:00,vaEGXlhFrJQ,UCjSVqRtdOsxQDss_pJpp_Yg,2.506307,True,False,False,False,True,False,True,ok
2026-04-30T11:10:02.884862+00:00,Tx6waClZSYM,UCjSVqRtdOsxQDss_pJpp_Yg,7.381723,False,True,False,False,False,False,True,ok
2026-04-30T11:10:02.884862+00:00,fIZkXHaOuvY,UCF0L4jd9LcSIxsj5gKITMqQ,4.131503,False,True,False,False,True,False,True,ok
2026-04-30T11:10:02.884862+00:00,tysrC1PivVE,UCF0L4jd9LcSIxsj5gKITMqQ,7.047568,False,True,False,False,False,False,True,ok
2026-04-30T11:10:02.884862+00:00,YldxYShWvGE,UCl5-lvQyfILb-l2abPk4Ntg,8.953124,False,True,False,False,False,False,True,ok
2026-04-30T11:10:02.884862+00:00,l8F9Omk197E,UCxFACDJ98idvo9Gq9M9AQgg,9.423124,False,True,False,False,False,False,True,ok
2026-04-30T11:10:02.884862+00:00,uOGqRV25LOc,UCF0L4jd9LcSIxsj5gKITMqQ,4.706318,False,True,False,False,True,False,True,ok
2026-04-30T11:10:02.884862+00:00,jr8lgZvzA34,UCOD6LXgeBoeiUZTsPLdG-0g,7.506445,False,True,False,False,False,False,True,ok
2026-04-30T11:10:02.884862+00:00,kyojR7HQsVs,UCF0L4jd9LcSIxsj5gKITMqQ,5.903193,False,True,False,False,True,False,True,ok
2026-04-30T11:10:02.884862+00:00,wFTojQEC2eE,UCP7PV59jal4PobLeo5cSG_Q,6.711897,False,True,False,False,True,False,True,ok
2026-04-30T11:10:02.884862+00:00,WVEngsk1RuQ,UCjSVqRtdOsxQDss_pJpp_Yg,6.381584,False,True,False,False,True,False,True,ok
2026-04-30T11:10:02.884862+00:00,-rDMPyp2tvQ,UCF0L4jd9LcSIxsj5gKITMqQ,8.590311,False,True,False,False,False,False,True,ok
2026-04-30T11:10:02.884862+00:00,QeK4l-iH51Y,UCl5-lvQyfILb-l2abPk4Ntg,9.038783,False,True,False,False,False,False,True,ok
2026-04-30T11:10:02.884862+00:00,kLZUfQUWNNw,UCF0L4jd9LcSIxsj5gKITMqQ,4.612406,False,True,False,False,True,False,True,ok
2026-04-30T11:10:02.884862+00:00,YY3pLnSX1W4,UCF0L4jd9LcSIxsj5gKITMqQ,5.756434,False,True,False,False,True,False,True,ok
2026-04-30T11:10:02.884862+00:00,bGis_LtFRRo,UC5mQQ4Ur6oA8lsGFkvH2lyg,8.464848,False,True,False,False,False,False,True,ok
2026-04-30T11:10:02.884862+00:00,u03PlL13QDw,UCjSVqRtdOsxQDss_pJpp_Yg,3.443876,False,False,False,False,True,False,True,ok
2026-04-30T11:10:02.884862+00:00,SrN39dykl7A,UCF0L4jd9LcSIxsj5gKITMqQ,5.714929,False,True,False,False,True,False,True,ok
2026-04-30T11:10:02.884862+00:00,5aR4agCS1OM,UCF0L4jd9LcSIxsj5gKITMqQ,8.673517,False,True,False,False,False,False,True,ok
2026-04-30T11:10:02.884862+00:00,YNW_D7b60I4,UCiqJoWIT-vm-hJoXilFGiUQ,5.340311,False,True,False,False,True,False,True,ok
2026-04-30T11:10:02.884862+00:00,tqD_yn5Y_zQ,UCl5-lvQyfILb-l2abPk4Ntg,9.103077,False,True,False,False,False,False,True,ok
2026-04-30T11:10:02.884862+00:00,uHx1N_qFfTw,UCF0L4jd9LcSIxsj5gKITMqQ,5.714732,False,True,False,False,True,False,True,ok
2026-04-30T11:10:02.884862+00:00,qC_5K9u8nY4,UC5mQQ4Ur6oA8lsGFkvH2lyg,8.708182,False,True,False,False,False,False,True,ok
2026-04-30T11:10:02.884862+00:00,IiPyKNs5dtg,UC3nwmvE2aDzUSJ4evQ1NhoA,6.68405,False,True,False,False,True,False,True,ok
2026-04-30T11:10:02.884862+00:00,Enic64S66_s,UCl5-lvQyfILb-l2abPk4Ntg,8.877823,False,True,False,False,False,False,True,ok
2026-04-30T11:10:02.884862+00:00,TCGbMJYgaYA,UCF0L4jd9LcSIxsj5gKITMqQ,6.964709,False,True,False,False,True,False,True,ok
2026-04-30T11:10:02.884862+00:00,XvLttG6zZck,UCRDQzsHtx2cXvzEXnEhbxBg,8.778413,False,True,False,False,False,False,True,ok
2026-04-30T11:10:02.884862+00:00,xSS2WTAglww,UCF0L4jd9LcSIxsj5gKITMqQ,7.005994,False,True,False,False,False,False,True,ok
2026-04-30T11:10:02.884862+00:00,WSSQ8mtQicE,UC5mQQ4Ur6oA8lsGFkvH2lyg,8.839686,False,True,False,False,False,False,True,ok
2026-04-30T11:10:02.884862+00:00,C9V8L2emj9M,UCEK0oX3X2yK9y27khCsrNKg,7.840068,False,True,False,False,False,False,True,ok
2026-04-30T11:10:02.884862+00:00,IkNEALHWXUo,UCjSVqRtdOsxQDss_pJpp_Yg,6.423355,False,True,False,False,True,False,True,ok
2026-04-30T11:10:02.884862+00:00,2F50vE7VUIw,UC5mQQ4Ur6oA8lsGFkvH2lyg,8.501202,False,True,False,False,False,False,True,ok
2026-04-30T11:10:02.884862+00:00,kFVzax1iFW8,UCjSVqRtdOsxQDss_pJpp_Yg,3.42317,False,False,False,False,True,False,True,ok
2026-04-30T11:10:02.884862+00:00,weyrpnOTB-A,UCF0L4jd9LcSIxsj5gKITMqQ,5.819038,False,True,False,False,True,False,True,ok
2026-04-30T11:10:02.884862+00:00,wm1qu3D9-ho,UCF0L4jd9LcSIxsj5gKITMqQ,9.089408,False,True,False,False,False,False,True,ok
2026-04-30T11:10:02.884862+00:00,5DilrEUdYnY,UCxFACDJ98idvo9Gq9M9AQgg,7.715357,False,True,False,False,False,False,True,ok
2026-04-30T11:10:02.884862+00:00,Jlw306k4Sv0,UCF0L4jd9LcSIxsj5gKITMqQ,5.839987,False,True,False,False,True,False,True,ok
2026-04-30T11:10:02.884862+00:00,hx45I5QyAFw,UCF0L4jd9LcSIxsj5gKITMqQ,7.839351,False,True,False,False,False,False,True,ok
2026-04-30T11:10:02.884862+00:00,KW2YQ1C0ECs,UCP7PV59jal4PobLeo5cSG_Q,3.675045,False,False,False,False,True,False,True,ok
2026-04-30T11:10:02.884862+00:00,3wJvtiigDcg,UCF0L4jd9LcSIxsj5gKITMqQ,7.131897,False,True,False,False,False,False,True,ok
2026-04-30T11:10:02.884862+00:00,MCnA_GAeAfg,UCiqJoWIT-vm-hJoXilFGiUQ,3.486145,False,False,False,False,True,False,True,ok
2026-04-30T11:10:02.884862+00:00,MOpYEt-XfaU,UCiqJoWIT-vm-hJoXilFGiUQ,5.506978,False,True,False,False,True,False,True,ok
2026-04-30T11:10:02.884862+00:00,i6WQdQsE0kc,UCqcbQf6yw5KzRoDDcZ_wBSw,8.597337,False,True,False,False,False,False,True,ok
2026-04-30T11:10:02.884862+00:00,WBBOTxvDook,UCF0L4jd9LcSIxsj5gKITMqQ,5.797927,False,True,False,False,True,False,True,ok
2026-04-30T11:10:02.884862+00:00,AWWSm291p7c,UCF0L4jd9LcSIxsj5gKITMqQ,7.715138,False,True,False,False,False,False,True,ok
2026-04-30T11:10:02.884862+00:00,sZoT8IoDJTU,UCiqJoWIT-vm-hJoXilFGiUQ,6.756978,False,True,False,False,True,False,True,ok
2026-04-30T11:10:02.884862+00:00,GQtuLY1Qs1Q,UCF0L4jd9LcSIxsj5gKITMqQ,7.756746,False,True,False,False,False,False,True,ok
2026-04-30T11:10:02.884862+00:00,vW1rzDI4KhM,UCF0L4jd9LcSIxsj5gKITMqQ,8.631503,False,True,False,False,False,False,True,ok
2026-04-30T11:10:02.884862+00:00,pgFxsauDXjc,UCP15FVAA2UL-QOcGhy7-ezA,9.378263,False,True,False,False,False,False,True,ok
2026-04-30T11:10:02.884862+00:00,dCJJcNtrNjo,UCjSVqRtdOsxQDss_pJpp_Yg,5.464721,False,True,False,False,True,False,True,ok
2026-04-30T11:10:02.884862+00:00,4NHnN9EmDk0,UCjSVqRtdOsxQDss_pJpp_Yg,7.423598,False,True,False,False,False,False,True,ok
2026-04-30T11:10:02.884862+00:00,wlOrP9Q1akA,UCiqJoWIT-vm-hJoXilFGiUQ,6.818992,False,True,False,False,True,False,True,ok
2026-04-30T11:10:02.884862+00:00,OHGtOI47r4M,UCWn_0MmgojB711LFX-jaCDQ,8.583945,False,True,False,False,False,False,True,ok
2026-04-30T11:10:02.884862+00:00,ymxpml7CipE,UCF0L4jd9LcSIxsj5gKITMqQ,6.880855,False,True,False,False,True,False,True,ok
2026-04-30T11:10:02.884862+00:00,50Esq3fgXzA,UCF0L4jd9LcSIxsj5gKITMqQ,8.569466,False,True,False,False,False,False,True,ok
2026-04-30T11:10:02.884862+00:00,SZLTZDoVcfA,UCF0L4jd9LcSIxsj5gKITMqQ,8.652765,False,True,False,False,False,False,True,ok
2026-04-30T11:10:02.884862+00:00,wvJLjIR3nRI,UCiqJoWIT-vm-hJoXilFGiUQ,7.756978,False,True,False,False,False,False,True,ok
2026-04-30T11:10:02.884862+00:00,dUo1R8tp6zQ,UCjSVqRtdOsxQDss_pJpp_Yg,4.423147,False,True,False,False,True,False,True,ok
2026-04-30T11:10:02.884862+00:00,izQP0WI1i9A,UCF0L4jd9LcSIxsj5gKITMqQ,7.7978,False,True,False,False,False,False,True,ok
2026-04-30T11:10:02.884862+00:00,cRKwXRLqKQM,UCF0L4jd9LcSIxsj5gKITMqQ,7.860878,False,True,False,False,False,False,True,ok
2026-04-30T11:10:02.884862+00:00,V4tlvp9IP_8,UCjSVqRtdOsxQDss_pJpp_Yg,5.413205,False,True,False,False,True,False,True,ok
2026-04-30T11:10:02.884862+00:00,VsjETURd7No,UCF0L4jd9LcSIxsj5gKITMqQ,7.881283,False,True,False,False,False,False,True,ok
2026-04-30T11:10:02.884862+00:00,G1xuyxMOUNM,UCiqJoWIT-vm-hJoXilFGiUQ,5.669107,False,True,False,False,True,False,True,ok
2026-04-30T11:10:02.884862+00:00,d4AaggbJACU,UCOD6LXgeBoeiUZTsPLdG-0g,4.802545,False,True,False,False,True,False,True,ok
2026-04-30T11:10:02.884862+00:00,saLXbA_OCkE,UCiqJoWIT-vm-hJoXilFGiUQ,3.381978,False,False,False,False,True,False,True,ok
2026-04-30T11:10:02.884862+00:00,Mm2C9CRyDxY,UCiqJoWIT-vm-hJoXilFGiUQ,7.590311,False,True,False,False,False,False,True,ok
2026-04-30T11:10:02.884862+00:00,nIrSjC_gsk8,UCiqJoWIT-vm-hJoXilFGiUQ,8.423645,False,True,False,False,False,False,True,ok
2026-04-30T11:10:02.884862+00:00,0O8CF6F7CVs,UCQIUhtP5WYIx_pMG8UvMYHg,7.026399,False,True,False,False,False,False,True,ok
2026-04-30T11:10:02.884862+00:00,IaUn-c8Lxss,UCiqJoWIT-vm-hJoXilFGiUQ,8.488413,False,True,False,False,False,False,True,ok
2026-04-30T11:10:02.884862+00:00,j584RpaMrDg,UCl5-lvQyfILb-l2abPk4Ntg,0.035693,True,False,False,False,True,False,True,low_history
2026-04-30T11:10:02.884862+00:00,Cql6TAdpPDU,UCl5-lvQyfILb-l2abPk4Ntg,0.715311,True,False,False,False,True,False,True,low_history
2026-04-30T11:10:02.884862+00:00,H_i8nh8uBco,UCl5-lvQyfILb-l2abPk4Ntg,0.799698,True,False,False,False,True,False,True,low_history
2026-04-30T11:10:02.884862+00:00,stk7f11pyr8,UCl5-lvQyfILb-l2abPk4Ntg,0.820786,True,False,False,False,True,False,True,low_history
2026-04-30T11:10:02.884862+00:00,A83vXatD6sY,UCl5-lvQyfILb-l2abPk4Ntg,0.874848,True,False,False,False,True,False,True,low_history
2026-04-30T11:10:02.884862+00:00,qGDMB-PryIU,UCFBpVaKCC0ajGps1vf0AgBg,0.652707,True,False,False,False,True,False,True,low_history
2026-04-30T11:10:02.884862+00:00,Q4zggacUY6E,UCEK0oX3X2yK9y27khCsrNKg,0.506712,True,False,False,False,True,False,True,low_history
2026-04-30T11:10:02.884862+00:00,YfEz4a39qS0,UCEK0oX3X2yK9y27khCsrNKg,0.839698,True,False,False,False,True,False,True,low_history
2026-04-30T11:10:02.884862+00:00,xL5gZGVPjnQ,UCxFACDJ98idvo9Gq9M9AQgg,0.631202,True,False,False,False,True,False,True,low_history
2026-04-30T11:10:02.884862+00:00,oj3-hWAf1uQ,UCDOSaJ0pnglwzfkR6fYbisA,0.756179,True,False,False,False,True,False,True,low_history
2026-04-30T11:10:02.884862+00:00,1HWpBvWbexU,UCHMSzZaVrEjK35aYK3J7Htw,0.485797,True,False,False,False,True,False,True,low_history
2026-04-30T11:10:02.884862+00:00,sbzsqNJuZvg,UCUyDOdBWhC1MCxEjC46d-zw,0.006978,True,False,False,False,True,False,True,low_history
2026-04-30T11:10:02.884862+00:00,xhCLLakHBa8,UCUyDOdBWhC1MCxEjC46d-zw,0.090311,True,False,False,False,True,False,True,low_history
2026-04-30T11:10:02.884862+00:00,JrGlAw_Q7ow,UCUyDOdBWhC1MCxEjC46d-zw,0.173645,True,False,False,False,True,False,True,low_history
2026-04-30T11:10:02.884862+00:00,LkRVMOzUypo,UCUyDOdBWhC1MCxEjC46d-zw,0.256978,True,False,False,False,True,False,True,low_history
2026-04-30T11:10:02.884862+00:00,lWj_3TE2UsE,UCUyDOdBWhC1MCxEjC46d-zw,0.340311,True,False,False,False,True,False,True,low_history
2026-04-30T11:10:02.884862+00:00,nbHMeopNtDg,UCUyDOdBWhC1MCxEjC46d-zw,0.506978,True,False,False,False,True,False,True,low_history
2026-04-30T11:10:02.884862+00:00,HeY4a7uDlkg,UCUyDOdBWhC1MCxEjC46d-zw,0.673645,True,False,False,False,True,False,True,low_history
2026-04-30T11:10:02.884862+00:00,0DB_Qj43O6Q,UCUyDOdBWhC1MCxEjC46d-zw,0.840311,True,False,False,False,True,False,True,low_history
2026-04-30T11:10:02.884862+00:00,xjcVnFd-4YA,UCLe_q9axMaeTbjN0hy1Z9xA,0.547765,True,False,False,False,True,False,True,low_history
2026-04-30T11:10:02.884862+00:00,7Y7Iv5XAXwI,UCLe_q9axMaeTbjN0hy1Z9xA,0.673506,True,False,False,False,True,False,True,low_history
2026-04-30T11:10:02.884862+00:00,0y8vRPcSvbw,UCLe_q9axMaeTbjN0hy1Z9xA,0.798587,True,False,False,False,True,False,True,low_history
2026-04-30T11:10:02.884862+00:00,tkLxg6h07aE,UCLe_q9axMaeTbjN0hy1Z9xA,0.839165,True,False,False,False,True,False,True,low_history
2026-04-30T11:10:02.884862+00:00,wN3O2GSvoWE,UC9WGON3pXofvE958Uq3Lw3Q,0.517371,True,False,False,False,True,False,True,low_history
2026-04-30T11:10:02.884862+00:00,dG7UGA71QJU,UCjSVqRtdOsxQDss_pJpp_Yg,0.360739,True,False,False,False,True,False,True,low_history
2026-04-30T11:10:02.884862+00:00,xpf49h0tGvI,UCjSVqRtdOsxQDss_pJpp_Yg,0.381272,True,False,False,False,True,False,True,low_history
2026-04-30T11:10:02.884862+00:00,-OmU9HqUNZ0,UCjSVqRtdOsxQDss_pJpp_Yg,0.4028,True,False,False,False,True,False,True,low_history
2026-04-30T11:10:02.884862+00:00,KppJdbUvqp8,UCF0L4jd9LcSIxsj5gKITMqQ,0.006665,True,False,False,False,True,False,True,low_history
2026-04-30T11:10:02.884862+00:00,MnlZeYcfowk,UCF0L4jd9LcSIxsj5gKITMqQ,0.048112,True,False,False,False,True,False,True,low_history
2026-04-30T11:10:02.884862+00:00,LQd65ctML6o,UCF0L4jd9LcSIxsj5gKITMqQ,0.089929,True,False,False,False,True,False,True,low_history
2026-04-30T11:10:02.884862+00:00,QLnHGjCD-Vw,UCF0L4jd9LcSIxsj5gKITMqQ,0.131712,True,False,False,False,True,False,True,low_history
2026-04-30T11:10:02.884862+00:00,TOKUlItJpY4,UCF0L4jd9LcSIxsj5gKITMqQ,0.63177,True,False,False,False,True,False,True,low_history
2026-04-30T11:10:02.884862+00:00,DBWMP58IOcw,UCF0L4jd9LcSIxsj5gKITMqQ,0.690346,True,False,False,False,True,False,True,low_history
2026-04-30T11:10:02.884862+00:00,Qf1PdYlk_9A,UCF0L4jd9LcSIxsj5gKITMqQ,0.715033,True,False,False,False,True,False,True,low_history
2026-04-30T11:10:02.884862+00:00,1c8cpHNlIb8,UCF0L4jd9LcSIxsj5gKITMqQ,0.881955,True,False,False,False,True,False,True,low_history
2026-04-30T11:10:02.884862+00:00,-ZL_mpjxaUo,UCF0L4jd9LcSIxsj5gKITMqQ,0.923645,True,False,False,False,True,False,True,low_history
2026-04-30T11:10:02.884862+00:00,zzsUsCRoGcI,UCF0L4jd9LcSIxsj5gKITMqQ,0.963911,True,False,False,False,True,False,True,low_history
2026-04-30T11:10:02.884862+00:00,DerWppSGkmE,UCP15FVAA2UL-QOcGhy7-ezA,0.543714,True,False,False,False,True,False,True,low_history
2026-04-30T11:10:02.884862+00:00,lk7HWLeXjS4,UCP15FVAA2UL-QOcGhy7-ezA,0.707938,True,False,False,False,True,False,True,low_history
2026-04-30T11:10:02.884862+00:00,7PY7jbupwSg,UCP15FVAA2UL-QOcGhy7-ezA,0.831145,True,False,False,False,True,False,True,low_history
2026-04-30T11:10:02.884862+00:00,nWfp_X31vqk,UCEQXxiYxNZbym9Fad7-n2Lg,0.714675,True,False,False,False,True,False,True,low_history
2026-04-30T11:10:02.884862+00:00,WwEyLRmGU9g,UCEQXxiYxNZbym9Fad7-n2Lg,0.777661,True,False,False,False,True,False,True,low_history
2026-04-30T11:10:02.884862+00:00,nVHr2D6tnA4,UC52hytXteCKmuOzMViTK8_w,0.552753,True,False,False,False,True,False,True,low_history
2026-04-30T11:10:02.884862+00:00,UDiJI3q9wFQ,UCaVPhFg-Ax873wvhbNitsrQ,0.454547,True,False,False,False,True,False,True,low_history
2026-04-30T11:10:02.884862+00:00,ksn5yrsC3Wg,UCHnyfMqiRRG1u-2MsSQLbXA,0.610531,True,False,False,False,True,False,True,low_history
2026-04-30T11:10:02.884862+00:00,jytAQWCc_TI,UCC552Sd-3nyi_tk2BudLUzA,0.714732,True,False,False,False,True,False,False,low_history
2026-04-30T11:10:02.884862+00:00,-1Fhry-Mqks,UCJ24N4O0bP7LGLBDvye7oCA,0.442672,True,False,False,False,True,False,False,low_history
2026-04-30T11:10:02.884862+00:00,eRD2C7w9r6Y,UCDV1MWcRLthxSrmb2Zv-jeg,0.620867,True,False,False,False,True,False,False,low_history
2026-04-30T11:10:02.884862+00:00,X8ekpP_cQa8,UCiqJoWIT-vm-hJoXilFGiUQ,0.465311,True,False,False,False,True,False,True,low_history
2026-04-30T11:10:02.884862+00:00,i7eGzJCQ1Yg,UCiqJoWIT-vm-hJoXilFGiUQ,0.673645,True,False,False,False,True,False,True,low_history
2026-04-30T11:10:02.884862+00:00,GZ9itUCDrac,UCiqJoWIT-vm-hJoXilFGiUQ,0.840311,True,False,False,False,True,False,True,low_history
2026-04-30T11:10:02.884862+00:00,WB1bBLedJQ4,UC5mQQ4Ur6oA8lsGFkvH2lyg,0.381735,True,False,False,False,True,False,True,low_history
2026-04-30T11:10:02.884862+00:00,f2fDaAMvlV4,UC5mQQ4Ur6oA8lsGFkvH2lyg,0.464802,True,False,False,False,True,False,True,low_history
2026-04-30T11:10:02.884862+00:00,KztyymfW3Dg,UC5mQQ4Ur6oA8lsGFkvH2lyg,0.790288,True,False,False,False,True,False,True,low_history
2026-04-30T11:10:02.884862+00:00,KKq5yX8mrw0,UC55-mxUj5Nj3niXFReG44OQ,0.540832,True,False,False,False,True,False,True,low_history
2026-04-30T11:10:02.884862+00:00,4uRgDr5maYo,UC55-mxUj5Nj3niXFReG44OQ,0.633552,True,False,False,False,True,False,True,low_history
2026-04-30T11:10:02.884862+00:00,NDF3VSFbxAU,UC55-mxUj5Nj3niXFReG44OQ,0.79177,True,False,False,False,True,False,True,low_history
2026-04-30T11:10:02.884862+00:00,oixqYBAPwXA,UC36xmz34q02JYaZYKrMwXng,0.012985,True,False,False,False,True,False,True,low_history
2026-04-30T11:10:02.884862+00:00,KKwxanUOAd4,UCwd_qoS94df5orGoPLPnsxQ,0.909235,True,False,False,False,True,False,False,low_history
2026-04-30T11:10:02.884862+00:00,LKxIrZFhONI,UCM55RjebjSevVWPnj2LEymw,0.802811,True,False,False,False,True,False,True,low_history
2026-04-30T11:10:02.884862+00:00,mDh52QTqR0o,UC1viRct91s1a3Z5yvk7FJXw,0.518239,True,False,False,False,True,False,True,low_history
2026-04-30T11:10:02.884862+00:00,IrGd4xIhTN0,UCPdaxSov0mgwh77JvjQO2jQ,0.795682,True,False,False,False,True,False,True,low_history
2026-04-30T11:10:02.884862+00:00,M_iusAv-K8Y,UCP7PV59jal4PobLeo5cSG_Q,0.576515,True,False,False,False,True,False,True,low_history
2026-04-30T11:10:02.884862+00:00,CE6tiT3Q6c4,UCOvzFyIAr32yspwxx77BHcQ,0.506839,True,False,False,False,True,False,True,low_history
2026-04-30T11:10:02.884862+00:00,iaT6-gjxQbo,UC9mrBfjgyOsqJ0J-zw7kZLQ,0.532568,True,False,False,False,True,False,True,low_history
2026-04-30T11:10:02.884862+00:00,TRVnxUYQAmI,UCPgVPrgqpALC1s2e63fgKyg,0.631827,True,False,False,False,True,False,True,low_history
2026-04-30T11:10:02.884862+00:00,oRVJREzko-M,UCWBWgCD4oAqT3hUeq40SCUw,0.663193,True,False,False,False,True,False,True,low_history
2026-04-30T11:10:02.884862+00:00,ExlWYbISs6I,UCWBWgCD4oAqT3hUeq40SCUw,0.746526,True,False,False,False,True,False,True,low_history
2026-04-30T11:10:02.884862+00:00,yXl7MRLoxrM,UCm5iBOcQ0GET_2FqFI61QDA,0.390103,True,False,False,False,True,False,False,low_history
2026-04-30T11:10:02.884862+00:00,WOTUpoI2LQA,UCOWFKaCN-rzmYk502JFWnqg,0.754825,True,False,False,False,True,False,True,low_history
2026-04-30T11:10:02.884862+00:00,YR-4vFbwe18,UCX9NJ471o7Wie1DQe94RVIg,0.33523,True,False,False,False,True,False,True,low_history
2026-04-30T11:10:02.884862+00:00,fpkC4nn2D60,UCRDQzsHtx2cXvzEXnEhbxBg,0.174941,True,False,False,False,True,False,True,low_history
2026-04-30T11:10:02.884862+00:00,AU6gGMDF7ts,UCRDQzsHtx2cXvzEXnEhbxBg,0.443182,True,False,False,False,True,False,True,low_history
2026-04-30T11:10:02.884862+00:00,2FFoc89SAj0,UCOD6LXgeBoeiUZTsPLdG-0g,0.59795,True,False,False,False,True,False,True,low_history
2026-04-30T11:10:02.884862+00:00,iTOXHp4c1YE,UCyM-2pRapEv6V2q7UNO9icg,0.748795,True,False,False,False,True,False,True,low_history
2026-04-30T11:10:02.884862+00:00,gEUMAljLr78,UCb8GKeOvI7WsFUkB4UVAeXA,0.437464,True,False,False,False,True,False,True,low_history
2026-04-30T11:10:02.884862+00:00,t9_dqoKfqLo,UC4FHiPgS1KXkUMx3dxBUtPg,0.880832,True,False,False,False,True,False,False,low_history
2026-04-30T11:10:02.884862+00:00,eGmGoahyI-U,UCs0QXHkbkBDM_NwnRiGFoTA,0.48111,True,False,False,False,True,False,True,low_history
2026-04-30T11:10:02.884862+00:00,YD2iT-SCJb0,UCBBWpss2iXVXtTzl7-4eWbg,0.539802,True,False,False,False,True,False,True,low_history
2026-04-30T11:10:02.884862+00:00,jLFG_FZKbks,UCGq-a57w-aPwyi3pW7XLiHw,0.17317,True,False,False,False,True,False,True,low_history
2026-04-30T11:10:02.884862+00:00,6r-qlEX6hGY,UCGq-a57w-aPwyi3pW7XLiHw,0.785114,True,False,False,False,True,False,True,low_history
2026-04-30T11:10:02.884862+00:00,jKTNMlUEdgU,UCQHX6ViZmPsWiYSFAyS0a3Q,0.854188,True,False,False,False,True,False,True,low_history
2026-04-30T11:10:02.884862+00:00,tVpky2riji0,UCJQQVLyM6wtPleV4wFBK06g,0.776978,True,False,False,False,True,False,True,low_history
2026-04-30T11:10:02.884862+00:00,jAaw0vn7eLs,UCR1IuLEqb6UEA_zQ81kwXfg,0.880728,True,False,False,False,True,False,False,low_history
2026-04-30T11:10:02.884862+00:00,pG99B0ui06s,UC415bOPUcGSamy543abLmRA,0.868309,True,False,False,False,True,False,True,low_history
2026-04-30T11:10:02.884862+00:00,2q62qBqugJE,UCP7PV59jal4PobLeo5cSG_Q,4.912337,False,True,False,False,True,False,True,ok
