video_id,title,title_length_chars,title_word_count,title_has_number,title_has_question,title_has_currency,title_has_year,hook_semantic_type,dominant_semantic_score
ksn5yrsC3Wg,The disaster I never imagined having to worry about,51,9,0,0,0,0,unknown,0.0
WOTUpoI2LQA,Dron quieto o en movimiento?,28,5,0,1,0,0,unknown,0.0
Su0aCV35IFM,There's a Telescope at the Bottom of the Ocean,46,9,0,0,0,0,unknown,0.0
xjcVnFd-4YA,Mustang VS Tesla,16,3,0,0,0,0,unknown,0.0
0y8vRPcSvbw,This Paralegal Has a WILD Side Hustle,37,7,0,0,0,0,unknown,0.0
7Y7Iv5XAXwI,"Girlfriend Finds Out Partner is $72,000 in DEBT",47,8,1,0,0,0,unknown,0.0
WgcdDVIUXcI,¿Cómo funcionan las gomas de borrar?,36,6,0,1,0,0,tutorial,20.0
jLFG_FZKbks,"Stock Expert: Becoming Rich Is Simple, But You Won’t Do It!",59,11,0,0,0,0,unknown,0.0
vmRbevilfpU,Números de la suerte 🍀,22,5,0,0,0,0,unknown,0.0
u_f8bJkfg68,Este efecto táctil te hará sentir DOBLE,39,7,0,0,0,0,unknown,0.0
pG99B0ui06s,How They Build Underwater Tunnels,33,5,0,0,0,0,unknown,0.0
UncqiOQc4rI,Couple Makes $12 an Hour ILLEGALLY,34,6,1,0,0,0,unknown,0.0
eOI7WQIEX1Y,"Cole Allen, Trump y los 11 científicos desaparecidos",52,8,1,0,0,0,unknown,0.0
tkLxg6h07aE,The WORST Debt In Financial Audit History,41,7,0,0,0,0,ai,10.0
jKTNMlUEdgU,Absurd 💀💀💀,10,2,0,0,0,0,unknown,0.0
Hk-ARbCTKzM,People Who Became Famous For Doing Nothing,42,7,0,0,0,0,unknown,0.0
oRVJREzko-M,Weird Traits That Predict Success,33,5,0,0,0,0,ai,10.0
s6XPoPYDn-Y,Caleb Hammer RUINED Financial Audit,35,5,0,0,0,0,ai,10.0
ndkH5fZSIvs,Surprising People That Have Social Media,40,6,0,0,0,0,ai,10.0
W41XcEogOB0,Biggest One-Hit Wonders In History,34,5,0,0,0,0,unknown,0.0
MVFd0qFB9TE,Why don't trains make *that* sound anymore?,43,7,0,1,0,0,ai,10.0
v_1Dhh8G84c,Paying $2500 a Month For Rent in Texas,38,8,1,0,0,0,unknown,0.0
iBpxQpktHN4,1000 DAYS,9,2,1,0,0,0,unknown,0.0
Czf68kDF_7Y,This Mother Makes BANK,22,4,0,0,0,0,unknown,0.0
31t_CBePs34,El Cifrado Más Difícil,22,4,0,0,0,0,unknown,0.0
PnpHwhTWw0c,Sex Expert: What Women Actually Need To Enjoy Sex,49,9,0,0,0,0,unknown,0.0
Bcag49Fk3zA,"I Spend $300,000 a Month on Financial Audit",43,8,1,0,0,0,ai,10.0
IrGd4xIhTN0,the Rise of Woke Books - a Response,35,8,0,0,0,0,unknown,0.0
dNNyCZwEa6k,There's a Secret Network Under Your Feet,40,7,0,0,0,0,unknown,0.0
ExlWYbISs6I,How Much Money Does It Take To Empty A Vending Machine?,55,11,0,1,0,0,unknown,0.0
IMM5cm6xrXQ,Couple Makes $13k Per Month But Spends DOUBLE,45,8,1,0,0,0,unknown,0.0
pUlUgkaTQZg,There’s Antimatter In This Truck,32,5,0,0,0,0,unknown,0.0
4at2bVIhLgc,GUESS THE ELO 3.0!!!!!!!!,25,4,1,0,0,0,unknown,0.0
a9T6IRpz31E,TOP 5 HIGHEST DEBT INTEREST RATES ON FINANCIAL AUDIT,52,9,1,0,0,0,ai,10.0
JWOErbTL9N4,How Dinosaurs May Have Cursed Us With Aging,43,8,0,0,0,0,unknown,0.0
mDh52QTqR0o,Revisando las noticias en vivo #14. El nuevo intento de desvivir a Trump.,73,13,1,0,0,0,news,40.0
dU5sDKcwN9E,YOU WILL NEVER SEE DISCIPLINE THE SAME AGAIN,44,8,0,0,0,0,ai,10.0
0t118SCf-2w,I'm Selling Everything,22,3,0,0,0,0,unknown,0.0
JrGlAw_Q7ow,It's Not As Hard As You Think,29,7,0,0,0,0,unknown,0.0
gdjCR9h1yGc,Things You’re Allowed To Own But Not Sell,41,8,0,0,0,0,unknown,0.0
XsY6iChNzf0,Human vs Computer,17,3,0,0,0,0,unknown,0.0
PoHZWjU54jY,HE THREW THE CHAIR,18,4,0,0,0,0,ai,10.0
5YKhtb3DNNo,Querido Dross llorando a mi mejor amigo,39,7,0,0,0,0,unknown,0.0
-1Fhry-Mqks,I tried to optimize my life. It made it worse.,46,10,0,0,0,0,unknown,0.0
BdUzhVM5w1U,Why is he laying down,21,5,0,0,0,0,unknown,0.0
vgwG6e9TFcw,What Actually Is A Dyson Sphere?,32,6,0,1,0,0,unknown,0.0
z7Qp9Q_Br88,Laughing Gas Is Not So Funny,28,6,0,0,0,0,unknown,0.0
m-nnyNZ0TQ0,Stanford Neuroscientist: Can’t Remember Your Dreams? Your Brain May Be Warning You!,83,12,0,1,0,0,ai,10.0
pcAJLeGAtwc,DO NOT BUY A NISSAN ALTIMA,26,6,0,0,0,0,unknown,0.0
tVpky2riji0,EMIRATOS se REBELA contra ARABIA SAUDÍ y rompe la OPEP: Los motivos de su portazo @VisualPolitik,96,16,0,0,0,0,ai,10.0
39czcByvq7c,I Investigated Stores That Are Disappearing (Again),51,7,0,0,0,0,ai,10.0
jytAQWCc_TI,You’ll never look at it the same after this video,49,10,0,0,0,0,unknown,0.0
ktkpd9A8MD8,El Objeto Que Costó Una Guerra,30,6,0,0,0,0,unknown,0.0
roUppNywDks,"$388,000 Of Debt To Storm The Capitol | Financial Audit",55,10,1,0,0,0,ai,10.0
WeliLUboy3M,The Hairiest Guest in Financial Audit History,45,7,0,0,0,0,ai,20.0
nVHr2D6tnA4,Las pasas que cobran vida,25,5,0,0,0,0,unknown,0.0
fwUWAoSeg2g,¡Dos AMANTES en su FUNERAL! 😱 Ft. @fridaaraujof - T10E06 #podcast #chismes #amantes,83,13,1,0,0,0,unknown,0.0
Cr7oGnSzmb4,What If Earth Was Hollow?,25,5,0,1,0,0,unknown,0.0
KGeCwEOLPGE,How Long Could You Stay At A Movie Theater After It Closes?,59,12,0,1,0,0,unknown,0.0
wy3a_xJI3so,Can You Buy An Entire Movie For Yourself?,41,8,0,1,0,0,unknown,0.0
iTOXHp4c1YE,Lo despidieron por grabar vídeos virales,40,6,0,0,0,0,unknown,0.0
eRD2C7w9r6Y,"""Hablemos de Cuerpos Ajenos""",28,4,0,0,0,0,unknown,0.0
-uSQcEfnKp0,She Bought a Ford Bronco and Instantly Got it Repossessed,57,10,0,0,0,0,unknown,0.0
TRVnxUYQAmI,El Contenido De Twitch Evoluciona,33,5,0,0,0,0,unknown,0.0
-uUlnDjQxhg,This Anomaly Could Be The First Evidence of New Physics,55,10,0,0,0,0,unknown,0.0
dl0-TveDDGA,Our Minds Are Weirder than You Think,36,7,0,0,0,0,unknown,0.0
sbzsqNJuZvg,Price Your Upsells Like This,28,5,0,0,0,0,unknown,0.0
6r-qlEX6hGY,DOES PENIS SIZE REALLY MATTER?,30,5,0,1,0,0,unknown,0.0
FYMdllTCrc0,The Insane Engineering of the V-22 Osprey,41,7,1,0,0,0,unknown,0.0
rc-xQnupse0,La EXTRAÑA decisión de CHINA sobre IRÁN que DESCONCIERTA a todo el mundo @VisualPolitik,87,14,0,0,0,0,unknown,0.0
jAaw0vn7eLs,Why the Nokia 3310 was so Durable,33,7,1,0,0,0,ai,10.0
kijJaXVri7Q,3 metrajes hechos antes de morir,32,6,1,0,0,0,unknown,0.0
0HSNPIttevk,Do This in Your 20s To Become a MILLIONAIRE,43,9,1,0,0,0,ai,10.0
BOmc_wliaRg,CASO EDITH GUADALUPE Y JUAN JESUS N - Ruido Social,50,10,0,0,0,0,ai,10.0
kH_bSvf7EVA,What is up with UK bridge height signs?,39,8,0,1,0,0,unknown,0.0
QfUb5MEAOXA,An Unknown Engineer is Apple's New CEO,38,7,0,0,0,0,unknown,0.0
8fIRAhGGRgA,What Is The Most Amount Of Cereal You Can Buy At A Target?,58,13,0,1,0,0,unknown,0.0
xhCLLakHBa8,Turn Insults Into Compliments,29,4,0,0,0,0,unknown,0.0
0Z1lChyi2W4,This Nurse Makes $130k But Can't Afford Groceries,49,8,1,0,0,0,unknown,0.0
gEUMAljLr78,¿Tienes un CEREBRO de RICO?,27,5,0,1,0,0,unknown,0.0
DYkyYUjOZTk,Movie Scenes That Were Improvised,33,5,0,0,0,0,unknown,0.0
48hHo2WcAQI,"¿Argentina, será el nuevo patio trasero de Israel? #diegoruzzarin #milei #argentina",83,11,0,1,0,0,news,20.0
3LnNwS6rqk8,Monté el PC de BATMAN dentro de una Batcueva REAL,49,10,0,0,0,0,unknown,0.0
LLK879SXq_w,La TÍA PATY: Del CHISME en REDES a la CÁRCEL- Más allá del rosa con Perla Calvillo Cantu,88,18,0,0,0,0,unknown,0.0
shkHigLwBnM,Padre de Juan Jesús N,21,5,0,0,0,0,unknown,0.0
mbGPgjXCx24,La GUARDIA REVOLUCIONARIA toma el poder y MERZ dice que IRÁN está HUMILLANDO a TRUMP @VisualPolitik,99,16,0,0,0,0,ai,10.0
ucN2hf0CgI8,Togi Bought a LAMBO at an 18% Interest Rate,43,9,1,0,0,0,unknown,0.0
_WrHMsTYlOU,Couple Spent $100k Inheritance on a SCHOOL BUS,46,8,1,0,0,0,unknown,0.0
S0WQP5GeTZs,Husband Spends $200 a Day at The GAS STATION,44,9,1,0,0,0,unknown,0.0
ERWIJPTNZVM,JYNXZI vs GOTHAM CHESS BATTLE,29,5,0,0,0,0,unknown,0.0
UPbaPjDGQIE,I Tried Buying All The Fries From McDonald’s,44,8,0,0,0,0,unknown,0.0
UM9dcnJXX0k,I Mastered Popular Anime Art Styles,35,6,0,0,0,0,unknown,0.0
up__2flbXw4,"Couple Spent $10,000 on Squishmallows",37,5,1,0,0,0,unknown,0.0
9VyCOVdFpL8,Success Is the Only Revenge,27,5,0,0,0,0,unknown,0.0
8u7HqZJQHDM,The Most INSANE Financial Audit Ever,36,6,0,0,0,0,ai,10.0
eBbqRceO2qY,Deadliest Video Games,21,3,0,0,0,0,unknown,0.0
vNXFk8iGHk8,How Long Could You Stay At Places After They Close?,51,10,0,1,0,0,unknown,0.0
tbvteFr4SPQ,Querido Dross: el infierno del IMSS (Instituto Mexicano de Seguro Social),73,11,0,0,0,0,ai,10.0
er7v-GJj_V0,La economía mundial depende de esta isla (NO ES PETRÓLEO),57,10,0,0,0,0,ai,10.0
BPt0fwBCDbQ,🤖 Es imposible que un reactor nuclear sufra una explosión nuclear 🤖 #ia #chatgpt #educación,91,15,0,0,0,0,ai,20.0
oOCN30ulVyo,My FULL OpenClaw Setup (steal my prompts!),42,7,0,0,0,0,unknown,0.0
TET8fTKH1e8,Algo MUY RARO está pasando en el DESIERTO de CHINA,50,10,0,0,0,0,unknown,0.0
if955Z_s4Ts,I Don't Do Early Meetings,25,5,0,0,0,0,unknown,0.0
ZAmCJoz4c4w,Togi Stole $250k From Business Partner,38,6,1,0,0,0,unknown,0.0
_jxLMMcKmRQ,El truco de la mecha voladora,29,6,0,0,0,0,unknown,0.0
Cql6TAdpPDU,Tus primeros empleados de IA: Guía Completa de ChatGPT Agents,61,10,0,0,0,0,tutorial,20.0
Lqq78q17jDY,La Forma Más Fácil De Ganar Dinero Con Claude,45,9,0,0,0,0,promise,37.5
aZVcAlzBIp4,I Tested Treehouse Airbnbs,26,4,0,0,0,0,ai,10.0
LKxIrZFhONI,I mastered anime art so... #art #artist #anime #draw #drawing,61,10,0,0,0,0,unknown,0.0
3era1_feC3U,HES A GENIUS,12,3,0,0,0,0,unknown,0.0
VsLOWe6VuyQ,Magnus Carlsen JUST ENDED CHESS.,32,5,0,0,0,0,unknown,0.0
WwEyLRmGU9g,¿CUÁLES SON LAS LUNAS MÁS HABITABLES DEL SISTEMA SOLAR? 🌌,57,10,0,1,0,0,unknown,0.0
HeY4a7uDlkg,"""How Do I Get More Leads?""",26,6,0,1,0,0,unknown,0.0
OwbaFLtBpkQ,Couple Makes $120k a Year But Lives in a TRAILER,48,10,1,0,0,0,ai,10.0
lk7HWLeXjS4,China bloqueó la compra de Manus por Meta,41,8,0,0,0,0,unknown,0.0
5wuHYQMnYhA,Boyfriend Prevents Her From Scaling a $50k Business,51,8,1,0,0,0,unknown,0.0
iRach9lpIlg,Wombats Poop Cubes,18,3,0,0,0,0,unknown,0.0
KKwxanUOAd4,ARIEL SBDAR se tuvo que bajar del escenario por ésto...,55,10,0,0,0,0,unknown,0.0
8QsAx7s9PmQ,Please stop,11,2,0,0,0,0,unknown,0.0
K9S3YgFZN9Y,Swiftie Makes $85k Per Year!,28,5,1,0,0,0,unknown,0.0
3OUrr_2UCYs,THEY'RE LYING TO YOU ABOUT PEPTIDES!,36,6,0,0,0,0,unknown,0.0
MWrMtRjLhjk,Pensó Que Era Gracioso y Lo Funaron,35,7,0,0,0,0,unknown,0.0
YR-4vFbwe18,Hermes: El Agente IA Open Source que Está Rompiéndola en 2026 🔥,63,12,1,0,0,1,ai,20.0
RWGr8LwG3TY,El Oscuro y Violento Mundo de la IA para NIÑOS,46,10,0,0,0,0,ai,10.0
zxQJIBt9CBI,Así es DEFENDER a un ASESINO: entrevisto a Beatriz de Vicente,61,11,0,0,0,0,unknown,0.0
sKME5er1OKc,Las CIUDADES que van a explotar ECONÓMICAMENTE,46,7,0,0,0,0,unknown,0.0
0DB_Qj43O6Q,"""I Post 5X A Day, But Get No Views""",35,9,1,0,0,0,unknown,0.0
HRxULulg_hM,Dog Groomer Has No Idea How Much Money They Make,48,10,0,0,0,0,unknown,0.0
yy_J5fdELm0,QUICK which signature is better? #art #artist #draw #drawing,60,9,0,1,0,0,unknown,0.0
msYTFQ4OIu8,This Has Never Happened Before | Financial Audit,48,8,0,0,0,0,ai,10.0
fpmYvXCzO1c,Things That Are Surprisingly Illegal,36,5,0,0,0,0,unknown,0.0
GXeBi91SkIw,The worst subscriber game I've ever seen. I'm done. Goodbye.,60,10,0,0,0,0,unknown,0.0
-pNi4dh7VFo,20 MILLONES de G… Saitama rompe la física,41,8,1,0,0,0,ai,10.0
CE6tiT3Q6c4,El Hermano de Fofo Márquez es PEOR de lo que Imaginas... @robertochairez,72,12,0,0,0,0,warning,12.5
6UPfq3KETg4,HAN DESCUBIERTO 11.000 NUEVOS INTEGRANTES DEL SISTEMA SOLAR 🌌,61,9,1,0,0,0,news,20.0
MqpQhyjFZQU,aimep3 siendo pickme,20,3,1,0,0,0,ai,10.0
FZbMPtLRr00,Fast-Forward Your Life,22,3,0,0,0,0,unknown,0.0
EGTF9mGda4U,Biggest Lawsuits Ever,21,3,0,0,0,0,unknown,0.0
oixqYBAPwXA,Hyperx Cloud Alpha 2,20,4,1,0,0,0,unknown,0.0
UUzxEVhRQgQ,Los Archivos DROSS: Archivo 001 Trampa radioactiva,50,7,1,0,0,0,unknown,0.0
UDiJI3q9wFQ,Más vale prevenir,17,3,0,0,0,0,unknown,0.0
0kHJZFOuMWc,El ladrón más tonto del mundo,29,6,0,0,0,0,unknown,0.0
wEb6ULf3TzU,Jobs That Don’t Technically Require A License,45,7,0,0,0,0,unknown,0.0
wJOakc64crg,¿Argentina ha mejorado o empeorado con Milei?,45,7,0,1,0,0,warning,12.5
sjbKZ4CY1Ow,"How Much You Need for $100 Per Month in Dividends with the following stocks: KO, AAPL, T",88,17,1,0,0,0,unknown,0.0
kf9ghd5-VII,Al Parecer Los Viajes En El Tiempo Son Real,43,9,0,0,0,0,ai,10.0
9oVPXnEkegY,Compré la NUEVA Toyota Rav4: Te cuento MI EXPERIENCIA | Review Honesto,70,12,1,0,0,0,ai,10.0
iaYdIU5n6vw,10 Things That Are No Longer Worth Your Money,45,9,1,0,0,0,unknown,0.0
fKtG9uPeMCc,Esto podría salvar a Ciudad de México,37,7,0,0,0,0,unknown,0.0
1VSBgPn28zA,If You Work All Day And Get Nothing Done,40,9,0,0,0,0,unknown,0.0
oj3-hWAf1uQ,Herdez puso en PELIGRO su IMPERIO por una ALIANZA,49,9,0,0,0,0,warning,12.5
XeN7wKfDOPk,Our Evolutionary Past Is Killing Us Now,39,7,0,0,0,0,unknown,0.0
Ycdklm6W1_o,What happened to my face,24,5,0,0,0,0,unknown,0.0
oqoBSeL5GIU,YOUR PENIS WILL SHRINK FOREVER,30,5,0,0,0,0,unknown,0.0
Cp3DxMyEBIM,Por qué EE.UU. necesita a México más que nunca | Dimes y Billetes #447,70,14,1,0,0,0,curiosity,16.6667
07T7V-Szcx0,Why Are You Doing So Little?,28,6,0,1,0,0,unknown,0.0
D4fkiQfzw_I,How I Work: $77K/Month Solopreneur,34,5,1,0,0,0,unknown,0.0
T7_l896OH20,Mi abuela tiene 94 años... y esto aprendió.,43,8,1,0,0,0,unknown,0.0
UEBpQgCIFTk,La peculiar manera de criar del cuco,36,7,0,0,0,0,ai,10.0
WB1bBLedJQ4,Cancelé la boda por su familia #chisme #comedia #podcast,56,9,0,0,0,0,ai,10.0
pGGJHrxn1VU,Me estafó un fantasma japonés #chisme #comedia #podcast,55,8,0,0,0,0,ai,10.0
qey62i2fvg0,"""I Don't Have Recurring Revenue""",32,5,0,0,0,0,unknown,0.0
YhNUPGphSM8,El Lobo de Wall Street de TikTok,32,7,0,0,0,0,unknown,0.0
qGDMB-PryIU,Hermes Birkin bags have appreciated over 650% in the past decade! Are they a good investment though?,100,17,1,1,0,0,ai,10.0
o8YcWD2ri9U,Something Weird Is Happening in Self-Publishing,47,6,0,0,0,0,unknown,0.0
bfENsVP77VQ,The Only Investing Video You’ll Ever Need (Start With $0),57,10,1,0,0,0,unknown,0.0
IJJbQTVdAtE,Stop Chasing The Women In The Red Dress,39,8,0,0,0,0,unknown,0.0
x2r3FTy9HHE,how i imagine they wrote the Michael Jackson movie,50,9,0,0,0,0,unknown,0.0
SZ8r5VKtGes,La crisis Argentina impulsa el consumo de carne de burro.,57,10,0,0,0,0,unknown,0.0
Lnhy0tZ8SUI,6 Ways To Change Your Life,26,6,1,0,0,0,unknown,0.0
dhbt8y_LXQY,I Tested Dead Places At Their Busiest Hour,42,8,0,0,0,0,unknown,0.0
Y9HJ_U3TdXk,Stop Making Yourself Too Available For Everyone,47,7,0,0,0,0,ai,10.0
sj1y9FDJKCM,The Film That Attacks You,25,5,0,0,0,0,unknown,0.0
EFhMcL3Kf1c,How To Eliminate Gravity,24,4,0,0,0,0,unknown,0.0
KztyymfW3Dg,"Esa parte… de la persona sin colchón, te recomendamos saltártela. 😬🙈 #chisme #comedia",85,13,0,0,0,0,ai,10.0
2gFNJ6_ogzg,estos whitexicans son peor de lo que imaginas,45,8,0,0,0,0,warning,12.5
GybLbhXj2Nw,Game Theory #2: The Collapse of the Trump Empire,48,9,1,0,0,0,unknown,0.0
tUmd3tWCDKs,WINNING LIKE THIS IS FAILURE,28,5,0,0,0,0,ai,10.0
5tW7CPAVii0,This Is What Billionaire Are Doing.....,39,6,0,0,0,0,ai,10.0
uSjcVPbJayU,¿Qué pasa si MÉXICO sigue IMPORTANDO el 75% de su GAS?,54,11,1,1,0,0,unknown,0.0
kXenRXelpKs,I learned to earn unlimited money,33,6,0,0,0,0,unknown,0.0
hXPy19kPego,El Gran Vacío de Nuestro Genoma,31,6,0,0,0,0,unknown,0.0
Rvy2kXZpBtM,50 Datos Sorprendentes de la Ciudad de Miami,44,8,1,0,0,0,ai,10.0
nnKkk3CpLes,"Freestyleando con Danger AK. Azuky vs Nota Roja, Danger vs. Chilli Parker y más.",80,14,0,0,0,0,unknown,0.0
DSRfs1qKWR0,Big news,8,2,0,0,0,0,unknown,0.0
6WqWhSmCbXk,"Experto En Lujo: Las Estrategias Para Luxurizar Tu Vida, Ser Más Deseado Y Ganar Mucho Dinero",93,16,0,0,0,0,promise,25.0
J7ieKmP96Hc,The Wild Story of the Teton Dam Failure,39,8,0,0,0,0,ai,10.0
YPboGQjMxNY,Gotham vs PRODIGY,17,3,0,0,0,0,unknown,0.0
QIKiQjEMUjY,¡Abandoné A Mis Trillizos! 😭 Ft. @CD9MX - T10E05 #podcast #chisme #cd9,70,12,1,0,0,0,unknown,0.0
9LsgBjswQZY,Homeless Man Spent $5k on Paintings,35,6,1,0,0,0,ai,10.0
XfY_L8MLOsU,How Much Money Does It Take To Empty A Claw Machine?,52,11,0,1,0,0,unknown,0.0
kTlm_3HwRFg,Togi Needs $5 Million Before He Gets Canceled,45,8,1,0,0,0,unknown,0.0
vTXoE7BLv9s,El aterrador manifiesto de Palantir. #diegoruzzarin #noticias,61,7,0,0,0,0,news,20.0
8hN5PF2oXGs,SECRET BRAIN STRATEGIES BEHIND SUCCESS,38,5,0,0,0,0,ai,10.0
LkRVMOzUypo,We Really Just Do The Basics,28,6,0,0,0,0,unknown,0.0
F1gM7N-WXdU,Intermediate Chess Masterclass: 1300 to 2000 Elo,48,7,1,0,0,1,ai,10.0
VjqsnOrW3AM,"If I wanted to hit my first $100,000 by 35 - here's what I'd do",63,15,1,0,0,0,unknown,0.0
nbHMeopNtDg,Hard Work Is The Goal,21,5,0,0,0,0,unknown,0.0
t9_dqoKfqLo,¿porqué este prompt es tan importante?,38,6,0,1,0,0,unknown,0.0
Fy8H9I2kJkI,Fidelity is introducing $100 ETF fees on 120+ ETFs. Here’s what you need to know+List in description,100,17,1,0,0,0,unknown,0.0
crrTHKN_R58,Por qué ODIAMOS a los demás? - CIENCIA SIMPLIFICADA EP#77,57,10,1,1,0,0,curiosity,16.6667
PN8bHAr0f1M,The Damage is done…,19,4,0,0,0,0,unknown,0.0
wd_xh6gSSOs,Give It All Away,16,4,0,0,0,0,unknown,0.0
jIj6PuMrDGA,Nunca haría esto #shorts,24,4,0,0,0,0,warning,12.5
_dASAu79K0s,"Use ""But"" The Right Way",23,5,0,0,0,0,unknown,0.0
ND9eyW5Fw0s,Could a TRILLION Monkeys Write Shakespeare Before the Universe Ends?,68,10,0,1,0,0,unknown,0.0
na5Enw8P18A,artists who draw anime be like... #art #artist #draw #drawing,61,10,0,0,0,0,unknown,0.0
tQCVAU-fZPA,Me cambió la vida cuando Jaime Higuera dijo esto #shorts,56,10,0,0,0,0,ai,10.0
lWj_3TE2UsE,If You're At Rock Bottom,24,5,0,0,0,0,unknown,0.0
n1G2FQ0UEqc,Por qué saber usar IA ya no es opcional.,40,9,0,0,0,0,curiosity,16.6667
ABoKfabPQyY,Why Can't You Just Do More?,27,6,0,1,0,0,unknown,0.0
r6AB_e8Rk1I,Los aranceles de Trump FUERZAN a Hyundai a MOVERSE de México,60,11,0,0,0,0,ai,10.0
THMW7bXTog4,Zuckerberg compró INSTAGRAM por $1000M y Wall Street se BURLÓ,61,10,1,0,0,0,unknown,0.0
NlW_R21cBXs,Milei abandona a las personas con discapacidad. #diegoruzzarin #Milei #argentina,80,10,0,0,0,0,unknown,0.0
ZhRgnBzcYHQ,Cómo Ganar Dinero Por Internet (De Verdad) En 2026? Curso Completo Con Resultados Garantizados,94,14,1,1,0,1,promise,25.0
_9bYQ2tvc_s,La Peor Disculpa que he visto,29,6,0,0,0,0,warning,12.5
TfojYStTlZE,Tienes que Aprender a Estar SOLO.,33,6,0,0,0,0,tutorial,20.0
WEnvorobhEE,FBI investigates suspicious disappearances of scientists tied to classified research,84,10,0,0,0,0,unknown,0.0
AzNb2nQrM7U,Llegaron sin nada y hoy viven aquí. ¿Lo harías?,47,9,0,1,0,0,unknown,0.0
zj0BKLv9r8Y,"Cuando el ""RARITO DE LA ESCUELA"" se cansa del bullying",54,10,0,0,0,0,unknown,0.0
XFpBgNMBNNI,The Most Humiliating Defeat Of My Life.,39,7,0,0,0,0,ai,10.0
U14_qm5y38o,Cómo detectar a un charlatán en una sobremesa,45,8,0,0,0,0,tutorial,20.0
h9kh7KssnMc,China Encontró Algo Inexplicable en Esta Montaña de África y Ahora se lo Lleva Rápido,85,15,0,0,0,0,promise,12.5
cnCEUFzWspI,Just Pick Up The Phone And Start,32,7,0,0,0,0,unknown,0.0
0VjrLsr61pk,El futuro de Apple después de Tim Cook,38,8,0,0,0,0,unknown,0.0
fr78adfAnuA,How to Use AI in Your Business in 2026,38,9,1,0,0,1,ai,10.0
XXZ2wOom1l0,Curso Completo De Claude Code (+4 Horas),40,7,1,0,0,0,ai,10.0
KXpgCNB6Dcs,La valiosa excreción de cachalote,33,5,0,0,0,0,unknown,0.0
OuOIrxBXB0M,How I Filter Feedback,21,4,0,0,0,0,unknown,0.0
6XxQMeqG1P4,"El Fin de las Suscripciones Baratas de IA (Copilot, Claude y más)",65,12,0,0,0,0,ai,20.0
Cd5EHfRerGI,The physics slop that YouTube wants me to make,46,9,0,0,0,0,unknown,0.0
M_FKC2NTb24,Gasto culposo de Sofía Niño de Rivera,39,7,0,0,0,0,unknown,0.0
VKaslzzv1QM,🚨 NOTICIAS IA 🚨: China lanza IA al nivel de USA 🔥🤖,50,12,0,0,0,0,news,20.0
XjAeQOmdNFU,My 2 paths to meet people,25,6,1,0,0,0,unknown,0.0
gPmmDEGCQLg,Por qué hacer Alioli es casi imposible,38,7,0,0,0,0,curiosity,16.6667
Ju0usucry_g,Lo que NO defendería jamás como ABOGADA,39,7,0,0,0,0,unknown,0.0
rfnB9MhBI44,Se Cumplen 40 años del Accidente de Chernobyl,45,8,1,0,0,0,unknown,0.0
OEqMxMEBQQY,SpaceX comprará Cursor por 60 mil millones. ¿Por qué?,53,9,1,1,0,0,curiosity,16.6667
yzajLZXh9JU,Solved: The Bug That Haunted AI Video For Years,47,9,0,0,0,0,ai,10.0
nHH771Vtkxw,Por qué Israel ''manda'' en Estados Unidos?,43,7,0,1,0,0,curiosity,16.6667
SvLaz6y-mhs,Escúchalo completo en Más Allá del Rosa en YouTube,50,9,0,0,0,0,unknown,0.0
GMXWOLJHnJc,I Failed 9 Times In A Row,25,7,1,0,0,0,ai,10.0
-txFIHA4ez8,Usa Códex como aplicación de dictado GRATIS,43,7,0,0,0,0,unknown,0.0
UgfrzicHc80,¡Tiene Un Fetiche Con Su Hermana! 😱 Ft. @leal_stephany y @lozano_gf - T10E04 #podcast #chismes,94,15,1,0,0,0,unknown,0.0
eGmGoahyI-U,EEUU Tiene un Nuevo PROBLEMA… Su Buen EMPLEO,44,8,0,0,0,0,news,20.0
DB1fSfulSJQ,This Is What Wasted Potential Actually Looks Like,49,8,0,0,0,0,ai,10.0
wnoSOSgBNHk,¡La NUEVA “Simula” de Google es INCREÍBLE!,42,7,0,0,0,0,unknown,0.0
VVfMO6SJZLw,"Gané $800,000+ en la bolsa de valores. ¿Cuánto pagué de impuestos?",66,11,1,1,0,0,unknown,0.0
4uRgDr5maYo,Cuando Claude Code ya sabe cómo le hablas 😮‍💨 🕺,47,10,0,0,0,0,tutorial,20.0
AU6gGMDF7ts,Estados Unidos vs Morena #méxico,32,5,0,0,0,0,unknown,0.0
yXl7MRLoxrM,Summer ✈️ Prices Are Surging,28,5,0,0,0,0,unknown,0.0
KppJdbUvqp8,Esto me cambió la vida #shorts,30,6,0,0,0,0,unknown,0.0
q1l42BPzbIk,MALLWORLD: TODOS SOÑAMOS LO MISMO..😴👁️ | Luna Martínez,54,8,0,0,0,0,unknown,0.0
aqIgIWIc3uw,México empieza a tener matices de país desarrollado #méxico,59,9,0,0,0,0,unknown,0.0
siKdeoxrxIA,1 de cada 10 mexicanos tiene seguro médico,43,8,1,0,0,0,unknown,0.0
nWfp_X31vqk,¿Te imaginas tener un meteorito REAL en tus manos? 🌌,52,10,0,1,0,0,unknown,0.0
IldLswg2yAM,Bely y Beto: salí de la tele sin plan y sin dinero | Belinda Treviño | Dimes y Billetes #448,92,20,1,0,0,0,finance,10.0
shgZ8WYcC6k,You're Going To Look Stupid,27,5,0,0,0,0,unknown,0.0
ZOPXzlpBVoM,Comenzó,7,1,0,0,0,0,unknown,0.0
Hs6RxFMX1i4,Almost No One Succeeds At First...,34,6,0,0,0,0,unknown,0.0
DerWppSGkmE,Si ya usas VS Code este es tu siguiente paso en la IA,53,13,0,0,0,0,ai,10.0
QLnHGjCD-Vw,Así te espera el 2027 #shorts,29,6,1,0,0,1,unknown,0.0
8Uk97zU2GCg,Argentina: pesadilla libertaria. (Milei se supera cada día),59,8,0,0,0,0,ai,10.0
f2fDaAMvlV4,Chisme exclusivo con Melissa Ortega #chisme #comedia #podcast,61,8,0,0,0,0,ai,10.0
TekYNY3eGC0,ARTEMIS II FOTOGRAFÍA NUESTRA GALAXIA EN PLENO VIAJE 🌌,54,9,0,0,0,0,ai,10.0
myMj_ZfZ_xI,How To Pick The Right Market,28,6,0,0,0,0,unknown,0.0
_twN29IEQlc,"La DECADENCIA de la CRÍTICA LITERARIA 🐍 ¿Crítica, adulación o ""hate""? | Arcade's Books",86,14,0,1,0,0,ai,10.0
DBWMP58IOcw,No te rindas si tu vida parece un caos #shorts,46,10,0,0,0,0,unknown,0.0
lWQY5zccbQs,Stick With The Pan,18,4,0,0,0,0,unknown,0.0
0dwlHNDdn2s,¿Curar o facturar?,18,3,0,1,0,0,unknown,0.0
95KqKaDsIAM,Lo hicieron! Crea vídeos largos GRATIS con audio de calidad por IA 🎥,68,13,0,0,0,0,ai,10.0
TLdMXZSABH8,En vivo: ¿Qué es lo nuevo de Deepseek 4?,40,9,1,1,0,0,news,20.0
IwjPma4PPTM,Pruebo La Nueva IA De Google Para Ganar Dinero,46,9,0,0,0,0,promise,25.0
dVb9vyCwM2s,Demanda Repugnante a YouTuber,29,4,0,0,0,0,unknown,0.0
bFO0uAMPx1g,Hermes Agent is INSANE...,25,4,0,0,0,0,unknown,0.0
AHyZdLVYJfc,basically every Breaking Points™ video,38,5,0,0,0,0,unknown,0.0
g_7mUw6Xt2E,Sorpresa mundial: la homeopatía no funciona.,44,6,0,0,0,0,curiosity,16.6667
-APimd6TUro,No saben que lo mantengo #chisme #comedia #podcast,50,8,0,0,0,0,ai,10.0
TOKUlItJpY4,Lo que tengo no es suerte #shorts,33,7,0,0,0,0,unknown,0.0
pdNaIhcp3z4,Me endeudé con 1 Millón en Tarjetas de Crédito - Cómo lo resolví (Storytime),76,14,1,0,0,0,tutorial,20.0
MlSS4ZqvJuA,El interés no se puede fingir #shorts,37,7,0,0,0,0,unknown,0.0
x3P8Zqux4A4,"If You Feel Like You're Behind, Watch This.",43,8,0,0,0,0,unknown,0.0
rk2b7fH_Gcc,MIL MANERAS DE M0RIR EN ARGENTINA #5,36,7,1,0,0,0,unknown,0.0
Xbang1Y_jbA,Dos amantes en su funeral #chisme #comedia #podcast,51,8,0,0,0,0,ai,10.0
_SdzVNht_nU,Todo Lo Que He Aprendido Estando Cerca Del Top 1% del Mundo,59,12,1,0,0,0,unknown,0.0
H3lUaL6-XQQ,YouTuber Arruina Otro Hobby,27,4,0,0,0,0,unknown,0.0
NM-bwZZoX80,d4vd es peor de lo que imaginas,31,7,1,0,0,0,warning,12.5
0EqJD2o-Mnk,Helping 6 Business Owners Scale in 33 Minutes,45,8,1,0,0,0,unknown,0.0
4IeYytwcpuQ,we tricked the internet...#art #artist,38,5,0,0,0,0,unknown,0.0
zyJ1yZwX_tE,"""I Want To Make My Competition Irrelevant""",42,7,0,0,0,0,unknown,0.0
ys1zQyiLrMc,¡Le tuve que mentir a mi mamá! #chisme #comedia #podcast,56,10,0,0,0,0,ai,10.0
fpkC4nn2D60,La jugada de USA 🇺🇸 para ingresar a México 🇲🇽 #mexico,53,11,0,0,0,0,unknown,0.0
-IhdnUzV64Y,La Simple TÉCNICA que convierte a la gente en NPC,49,10,0,0,0,0,unknown,0.0
MnlZeYcfowk,Este es el verdadero problema #shorts,37,6,0,0,0,0,unknown,0.0
GmTuhpMe1oM,La ballena explosiva,20,3,0,0,0,0,unknown,0.0
yIUDe9YH0ac,Dating As An Entrepreneur,25,4,0,0,0,0,unknown,0.0
51dULrDA8E8,NINTENDO no nació como EMPRESA de videojuegos… ESTO PASÓ,56,9,0,0,0,0,unknown,0.0
jcfifYFAdpM,Ecatepec en la mira del desarrollo #ecatepec #méxico,52,8,0,0,0,0,unknown,0.0
LQd65ctML6o,Este es uno de los errores más comunes cuando la gente empieza a ganar dinero #shorts,85,16,0,0,0,0,warning,25.0
1lx0bttCAbs,Estos suplementos te harán dormir en menos de 5 minutos #shorts,63,11,1,0,0,0,unknown,0.0
sncgYGQt1T8,👉🏻 Te dejo el PROMPT para mejorar tu foto de perfil fijado en los comentarios de este vídeo,91,18,0,0,0,0,promise,12.5
67JREKwyixk,👉🏻 Te dejo la Guía Pro de ChatGPT fijada en los comentarios de este video.,74,15,0,0,0,0,tutorial,20.0
UszcZZ1QZho,Cuando tienes ESTOS 3 HÁBITOS siempre tendrás tu casa Limpia y Ordenada ✨,73,13,1,0,0,0,ai,10.0
HVPhcOmSMtM,La Verdad que Nadie te Dice sobre Cómo los Colombianos Están Gastando Su Dinero | VP de Mastercard,98,18,0,0,0,0,curiosity,33.3333
B2ag364pRgQ,I got cancelled for my 2x speed,31,7,1,0,0,0,unknown,0.0
mT-7tbs7rVw,Por esto digo que vestir bien es un acto de rebeldía #shorts,60,12,0,0,0,0,unknown,0.0
nJ0oh5u6YbM,Don't Even Think About Passive Income,37,6,0,0,0,0,unknown,0.0
0SSctcuOy0o,Mi nuevo lector de E-books #productividad #libros #lectura #tecnologia,70,9,0,0,0,0,news,20.0
5BbGrGFI2gQ,Se inaugura tren suburbano Buenavista-AIFA #trensuburbano #méxico,65,7,0,0,0,0,ai,10.0
y3HkZSayX2s,Decisión por apariencia es mala decisión (probablemente) #smartphone #iphone #apple,83,10,0,0,0,0,ai,10.0
NuoEsHIW5JA,Why do mammals keep evolving into ant-eaters?,45,7,0,1,0,0,unknown,0.0
-0FsgHxwxgQ,La Situación de Emilio Antun es muy Divertida,45,8,0,0,0,0,unknown,0.0
Ff0AYRWrnGY,The Truth About China’s Green Energy Industry,45,7,0,0,0,0,unknown,0.0
4ZK7Ms4IZ7g,How to Chose Your Next Business Idea,36,7,0,0,0,0,unknown,0.0
1t2Yd_bmg_k,Me cambió la vida cuando Jaime Higuera dijo esto #shorts,56,10,0,0,0,0,ai,10.0
uHXjo7DUAAM,Entrepreneurship Often Sucks,28,3,0,0,0,0,unknown,0.0
yemarhfhVA0,Epic transformation of my 1850s house in France (start to finish),65,11,1,0,0,0,unknown,0.0
2JhSWzxzLXA,DELCY consolida su RÉGIMEN: ¿Está VENEZUELA SUFRIENDO una nueva DECEPCIÓN? @VisualPolitik,89,11,0,1,0,0,unknown,0.0
UWRxdKxuOb8,Me voló la cabeza cuando Jaime Higuera dijo esto #shorts,56,10,0,0,0,0,ai,10.0
7PY7jbupwSg,¿Qué ganan las empresas que dan Open Source?,44,8,0,1,0,0,promise,12.5
YD2iT-SCJb0,Escúchalo completo en Más Allá del Rosa en YouTube,50,9,0,0,0,0,unknown,0.0
Um1DSnUqmko,👉🏻 Te dejo la Guía Pro de ChatGPT fijada en los comentarios de este video.,74,15,0,0,0,0,tutorial,20.0
5fKeNMp7F6s,Im Doing Too Many Things In The Business,40,8,0,0,0,0,unknown,0.0
A83vXatD6sY,👉🏻 Te dejo la Guía Pro de ChatGPT fijada en los comentarios de este video.,74,15,0,0,0,0,tutorial,20.0
v3JV42WbomE,Los chinos van a superar a Estados Unidos en IA,47,10,0,0,0,0,ai,10.0
rhVEOqNhjKo,People WANT To Buy...,21,4,0,0,0,0,unknown,0.0
LPTQADIf6Xk,Tecnologías de las que NADIE Habla,34,6,0,0,0,0,curiosity,16.6667
DQiQ30VepbU,¿Qué hizo OpenAI para vencer a Anthropic?,41,7,0,1,0,0,ai,10.0
j584RpaMrDg,👉🏻 Te dejo la Guía Pro de ChatGPT fijada en los comentarios de este video.,74,15,0,0,0,0,tutorial,20.0
sqXsMACtso0,ASÍ SE CONFIGURÓ EL MOTOR CLIMÁTICO DEL PLANETA 🌎,49,9,0,0,0,0,unknown,0.0
3skIuC1lP00,"Las mujeres tienen pepino… y están guangas, según esta fan del temach",69,12,0,0,0,0,unknown,0.0
uvfU2B8b4G4,¿Por qué ESPERAN años para SALIR a BOLSA?,41,8,0,1,0,0,curiosity,16.6667
T34ygnCahZc,¿Nacimos para ser fieles? La mentira de la monogamia,52,9,0,1,0,0,ai,10.0
4vHF2qU89Jo,La pregunta que me salvó la vida (y te va a incomodar),54,12,0,0,0,0,unknown,0.0
wN3O2GSvoWE,PLAN De INVERSIÓN Desde Cero — NADIE Te Enseña A Invertir ASÍ,61,12,0,0,0,0,finance,20.0
krqt6eg3UoI,EL TRISTE CASO DE JUAN MARTÍN (EL WILLIAMS DE TIIKTOK),54,10,0,0,0,0,ai,10.0
H_i8nh8uBco,👉🏻 Te dejo la Guía Pro de ChatGPT fijada en los comentarios de este video.,74,15,0,0,0,0,tutorial,20.0
lE7rIBv-nV8,Business Will Always Be Hard,28,5,0,0,0,0,unknown,0.0
Xy09nfcwZ3E,Los factos van en la factoría #chisme #comedia #podcast,56,9,0,0,0,0,ai,10.0
HEW0VJx9iw0,Watch If You're Under $1M Year,30,6,1,0,0,0,unknown,0.0
IQZiAOokKXo,Here Is Why People Stop Buying From You,39,8,0,0,0,0,unknown,0.0
U4gpio58908,Physicists finally prove that virtual particles are real and all around us,74,12,0,0,0,0,unknown,0.0
_BhjwaNE8mc,Ser rico es toda una estafa #shorts,35,7,0,0,0,0,unknown,0.0
pVXm6lt1F7w,Este es el tiempo más peligroso #shorts,39,7,0,0,0,0,warning,12.5
CZe8DucT3qA,Actualización Repugnante,24,2,0,0,0,0,news,20.0
Q4zggacUY6E,El Mejor Consejo Financiero del VP de Mastercard,48,8,0,0,0,0,unknown,0.0
ckyeC880OPA,Comparamos el nuevo GPT Images 2.0 vs. Nano Banana 2 🤯,54,11,1,0,0,0,news,20.0
XX7hskkX1AA,El imperio en decadencia: El capricho de Trump costeado por el pueblo de U.S.A.,79,14,0,0,0,0,ai,10.0
cdOcjUyQr8A,TRAUMA TRIANGLE SHAPES WHO YOU ARE AS AN ADULT,46,9,0,0,0,0,ai,10.0
NDF3VSFbxAU,¿Claude Design destruyó Figma?,30,4,0,1,0,0,ai,10.0
nOR-IY0SnEY,Los mexicanos saben sobrevivir #méxico #mrbeast,47,6,0,0,0,0,unknown,0.0
EXOQ7vN2NXk,¿Cuál es la mejor IA para programar?,36,7,0,1,0,0,ai,10.0
QDZUOBnmf4Q,LA MATERIA OSCURA PODRÍA TENER DOS ESTADOS 🌌,44,8,0,0,0,0,ai,10.0
Cs1nC8kqS5k,Polémica en el Mitin de María Corina Machado.,45,8,0,0,0,0,unknown,0.0
a8LrJMGoVL4,Tres libros imprescindibles para cambiar tu forma de ver el mundo,65,11,0,0,0,0,ai,10.0
QSe13hyv68o,🤖 Los sistemas de seguridad nuclear están diseñados para proteger la vida 🤖 #ia #chatgpt #nuclear,97,16,0,0,0,0,ai,20.0
87jnYKGVetM,Most People Quit Right Before This Happens,42,7,0,0,0,0,unknown,0.0
DHk0gFHyHeE,ChatGPT 5.5 es un cambio de era 🔥🚀,34,8,1,0,0,0,ai,10.0
AXvou3mSGQA,"OpenAI lanzó GPT 5.5, ya no necesitas prompts detallados.",57,9,1,0,0,0,ai,10.0
TUSbI3pqiCM,El ÚNICO Sistema de Dinero que Necesitas // Te Enseñaré a Ser Rico,66,13,0,0,0,0,finance,10.0
Jr9Xm5f44NQ,China Abandonó A Millones De Vietnamitas A Su Suerte Arrebatándoles Lo Que Mantenía Viva A La Región,100,17,0,0,0,0,unknown,0.0
stk7f11pyr8,👉🏻 Te dejo la Guía para convertirte en un pastel fijada en los comentarios de este vídeo,88,17,0,0,0,0,tutorial,20.0
664cs6FZEZo,The Reason Why You Can't Is Why You Should,42,9,0,0,0,0,unknown,0.0
jdrW-vJOD1w,Meta está entrenando la IA con sus propios empleados,52,9,0,0,0,0,ai,10.0
0IGNbK4bbXA,Ideas de Negocio: Servicios para Mascotas 🐶 🐱 (Ignorados Pero MUY Rentables),76,12,0,0,0,0,unknown,0.0
3QRWlCFdzyE,Me cambió la vida cuando Jaime Higuera dijo esto #shorts,56,10,0,0,0,0,ai,10.0
rYKQ0Ukxe6k,Me borran la memoria y despierto en 2008,40,8,1,0,0,1,ai,10.0
3W1KfxQnQiU,30 Hábitos que (Silenciosamente) Cambiaron mi Vida para Siempre,63,9,1,0,0,0,ai,10.0
xO5diVmgE8Y,i drew secret emojis...#art #artist,35,5,0,0,0,0,unknown,0.0
dYJM9jmLBzY,No Lo Puedo Creer,17,4,0,0,0,0,unknown,0.0
GfSGy5C1OIA,¿Tener seguro hace que pagues más?,35,6,0,1,0,0,unknown,0.0
z-7AhJ55htQ,ESTADO DE ALERTA en COREA: IRÁN pone al país CONTRA LAS CUERDAS @VisualPolitik,78,13,0,0,0,0,unknown,0.0
SK8tkpErsm8,No te hables mal a ti mismo #shorts,35,8,0,0,0,0,unknown,0.0
01NMf5-J_P4,Don't Let Them Stop You,23,5,0,0,0,0,unknown,0.0
OkuWh46I4m4,5 pasos para MULTIPLICAR tu DINERO,34,6,1,0,0,0,finance,10.0
kLJNcHqVmJA,Las 3 Metas Financieras Que Deberías Lograr,43,7,1,0,0,0,unknown,0.0
G9L3zK57X6Y,El ERROR más PELIGROSO que COMETES sin saber,44,8,0,0,0,0,warning,25.0
AxM96v9ZCzI,Dándole ojos a la IA 👁️🤖💻,25,6,0,0,0,0,ai,10.0
BnAKfe0qGbE,La forma más fácil de crear tu primera skill,44,9,0,0,0,0,promise,12.5
lvw8Fe5wcBo,"ChatGPT, Claude y Gemini están empatados, ninguno es mejor.",59,9,0,0,0,0,ai,30.0
2FFoc89SAj0,GitHub va a cambiar PARA SIEMPRE,32,6,0,0,0,0,ai,10.0
vd8fb3noIgY,Jaime Higuera no se equivocó cuando dijo esto #shorts,53,9,0,0,0,0,ai,10.0
6-PunI-5Ts4,DESCUBREN PARTÍCULAS QUE SALEN DIRECTAMENTE DEL VACÍO 🌌,55,8,0,0,0,0,unknown,0.0
OWkM5YoEhgM,EL FUTURO DE LA PROPULSIÓN ESPACIAL SIN COMBUSTIBLE 🛰️,54,9,0,0,0,0,ai,10.0
L8_m7pOI2-A,¿Los Fans del Temach son una SECTA?,35,7,0,1,0,0,unknown,0.0
0ShXZN7aHqA,¿Qué es exactamente una skill de IA?,36,7,0,1,0,0,ai,10.0
EZLeWRbCEbA,El Método Exacto para Invertir en CTDs (Renta Fija) y Crear Patrimonio | Experto en Inversiones,95,16,0,0,0,0,finance,10.0
1gyuiKoSc-w,Bárbara Tijerina: Cómo Detectar Mentiras y Leer a Cualquier Persona en Segundos | EP. #65,89,15,1,0,0,0,tutorial,20.0
uWOLkr7S47A,This Sales Tactic Is Underrated,31,5,0,0,0,0,unknown,0.0
Vd3Pkc0YGrM,Mira estos videos si quieres volverte rico #shorts,50,8,0,0,0,0,unknown,0.0
XzkJ2WrHR2c,No esperes que el mundo sea bueno contigo si no haces el bien #shorts,69,14,0,0,0,0,unknown,0.0
I-rogofBX8c,Work Beats Talent....,21,3,0,0,0,0,unknown,0.0
9QKOkpu78CQ,Publi⭐️ ¿Por qué hay cosas que lees mil veces y no entiendes… y en vídeo sí? 📹🧬✨,80,17,0,1,0,0,curiosity,16.6667
S3JuEF7RQ5k,¿El fin de los expertos?,24,5,0,1,0,0,unknown,0.0
p5zWy46yWxU,Here's How I'd Get To $1M/Month,31,6,1,0,0,0,unknown,0.0
tg0LuGGeOPA,¿Cómo van las cosas en Irán? Resumen noticias.,46,8,0,1,0,0,tutorial,20.0
bouvNyq8xCY,Earth's Crust and Mantle Explained: Crash Course Geology #3,59,9,1,0,0,0,ai,10.0
5ymn2oV1Zls,Al Parecer Sí Es Un Monstruo,28,6,0,0,0,0,unknown,0.0
DgX6SMZaC_8,UN PLANETA GIGANTE ORBITANDO UNA PEQUEÑA ESTRELLA 🛰️,52,8,0,0,0,0,unknown,0.0
SYdW3cZKdmY,🤖 Los países nórdicos combinan con éxito la energía hidroeléctrica con la nuclear 🤖 #ia #chatgpt,96,16,0,0,0,0,ai,20.0
-5kkpHpexIA,Se ofendieron sin contexto #chisme #comedia #podcast,52,7,0,0,0,0,ai,10.0
k0ZYVWoVWAc,¡S&P rebaja calificación de Colombia! ¿Qué significa esto para tu dinero?,73,11,0,1,0,0,ai,10.0
CzIJ566XexE,Por esto NO DEBES vender BARATO,31,6,0,0,0,0,unknown,0.0
Nq-c06vj5PM,Médicos vs Aseguradoras ¿Por qué no te alcanza el seguro? | Dimes y Billetes #445,81,15,1,1,0,0,curiosity,16.6667
yawQxLw0K08,Esta técnica es muy efectiva #shorts,36,6,0,0,0,0,unknown,0.0
x0HFad-M2iE,La gente no me creyó cuando les enseñé la optimización de la laptop #laptop #windows,84,15,0,0,0,0,unknown,0.0
7m9uIc31Egw,Las 3 Reglas que Necesitas Seguir para Vivir del Trading - Hyenuk Chu,69,13,1,0,0,0,unknown,0.0
RVu1kgj-miw,Relaciones tensas entre México 🇲🇽 y Estados Unidos 🇺🇸 #mexico #chihuahua,72,11,0,0,0,0,unknown,0.0
B18aH00d8oE,El PENTÁGONO ya tiene un plan para CUBA: ¿Intervención a la vista? @VisualPolitik,81,13,0,1,0,0,unknown,0.0
l1-D1s67YU4,Anthropic perdió su liderazgo frente a OpenAI ¿cómo pasó?,57,9,0,1,0,0,tutorial,20.0
KKq5yX8mrw0,¿Claude Design eliminará a Figma?,33,5,0,1,0,0,ai,10.0
dA8XrnlFY5w,Mis ganancias diarias | ¡Invertí 50 mil en REVOLUT!,51,9,1,0,0,0,promise,12.5
ZjtJALByo70,¿Qué le dirías a la siguiente persona?,38,7,0,1,0,0,unknown,0.0
qsJSGpOs5q4,Me voló la cabeza cuando Jaime Higuera dijo esto #shorts,56,10,0,0,0,0,ai,10.0
HyWpbCUdCr8,👉🏻 Te dejo la Guía Pro de ChatGPT fijada en los comentarios de este video.,74,15,0,0,0,0,tutorial,20.0
-ZL_mpjxaUo,Este es uno de los mayores errores que comete la gente al comenzar #shorts,74,14,0,0,0,0,warning,25.0
6AKlPLtjBR8,¿Fue Tim Cook un buen CEO?,26,6,0,1,0,0,unknown,0.0
La4ogJrxI0g,"Neuronas jugando Doom, Mega Terremotos y Nuestra Piel tiene Memoria - JefiNews Abril 22 2026",92,15,1,0,0,1,ai,10.0
61fk5yAs7Jw,¡Episodio estreno con Frida Araujo! #chisme #comedia #podcast,61,8,0,0,0,0,ai,10.0
K38w2QlgHPQ,¿Por qué tardás en responder cuando te hablan?,46,8,0,1,0,0,curiosity,16.6667
Xf_v62TQOx4,NVIDIA's New AI Broke My Brain,30,6,0,0,0,0,ai,20.0
u7sbQBw3X3g,¡Tenía el pie roto! #chisme #comedia #podcast,45,7,0,0,0,0,ai,10.0
nZlhHf8vSbU,Por esto ser realista ha matado a nuestra generación #shorts,60,10,0,0,0,0,unknown,0.0
R1iBWKeX42I,¿Cómo evitar que la IA te reemplace?,36,7,0,1,0,0,tutorial,20.0
ax0ogeQpq3E,Escúchalo completo en Más Allá del Rosa en YouTube,50,9,0,0,0,0,unknown,0.0
N14hiQw7Wdk,¡La Sofipo con MEJOR TASA de interés! Hasta el 12.25% ANUAL | Leva: Alternativas Económicas,91,15,1,0,0,0,unknown,0.0
IBBboS2nK3c,👉🏻 Te dejo la Guía Pro de ChatGPT fijada en los comentarios de este video.,74,15,0,0,0,0,tutorial,20.0
oOLYgK6RqS4,ARBITRAJE DOLAR CRIPTO-DOLAR CCL,32,4,0,0,0,0,unknown,0.0
rXs8JlFIS-U,Me voló la cabeza cuando Jaime Higuera dijo esto #shorts,56,10,0,0,0,0,ai,10.0
NAooB35YkHA,OpenClaw 4.25: la VOZ por IA ACABA de CAMBIARLO TODO,52,10,1,0,0,0,news,20.0
L7fVqlOzegQ,TRONÓ el Petrodólar! Petróleo en YUANES CHINOS! Deuda de 39 TRILLONES de USA,76,13,1,0,0,0,finance,10.0
XV4eV0wnx-c,The Identity Shift Effect,25,4,0,0,0,0,unknown,0.0
-JTeDTLElVg,Abandoné a mis trillizos #chisme #comedia #podcast,50,7,0,0,0,0,ai,10.0
5zwotvZ1rl0,⁠Stablecoins: La revolución financiera | SHAPING THE FUTURE OF FINANCE | Dimes y Billetes #446,94,15,1,0,0,0,unknown,0.0
wB2Kb0MiyAc,¡Estafó a sus padres por años! #chisme #comedia #podcast,56,9,0,0,0,0,ai,10.0
e7IyFScAa-Q,Los 5 NIVELES De La LIBERTAD FINANCIERA,39,7,1,0,0,0,unknown,0.0
kp1dLUox9_Y,¿Qué esta haciendo el IMSS?,27,5,0,1,0,0,unknown,0.0
iaT6-gjxQbo,se siente como un mundo escondido,33,6,0,0,0,0,unknown,0.0
pqIZk9qrBEM,"La Mejor, Peor e Ideal. Rankeando GPU #pc #pcgamer #gpu",55,10,0,0,0,0,warning,12.5
5Z4z2oEoxw8,"11,7 Cosas que son un DESPERDICIO de Dinero en 2026",51,10,1,0,0,1,finance,10.0
_QHAqfILwPk,Escúchalo completo en Más Allá del Rosa en YouTube,50,9,0,0,0,0,unknown,0.0
iS1jGgfO9Z0,👉🏻 Te dejo el link de la Guía de NotbookLM fijado en los comentarios de este vídeo.,83,17,0,0,0,0,tutorial,20.0
7vdW8a6jEfw,"""What Should I Price My Products?""",34,6,0,1,0,0,unknown,0.0
-tzJJPnAenI,¿Cuánto Gana Un Canal De YouTube en LATAM? 🎥 #Compuestos #AndresGarza #EloisaWolf #Dinero,89,13,0,1,0,0,promise,12.5
oXKkhajzwgE,¿Quieren desestabilizar México? #méxico,39,4,0,1,0,0,unknown,0.0
1c8cpHNlIb8,Así es la era en la que vivimos #shorts,39,9,0,0,0,0,unknown,0.0
zzsUsCRoGcI,Deja de actuar así #shorts,26,5,0,0,0,0,unknown,0.0
_O6ICkmg1Zg,Cruzó ESTADOS UNIDOS con UN CENTAVO,35,6,0,0,0,0,unknown,0.0
AYIqxqyY-es,⚠️ ¡Cuidado! Tu fondo de vivienda corre PELIGRO 😨,49,9,0,0,0,0,warning,25.0
Mxv60XerzG4,Me voló la cabeza cuando Jaime Higuera dijo esto #shorts,56,10,0,0,0,0,ai,10.0
J9p4GMskefU,“La memoria colectiva” puede ser tu mayor obstáculo.,52,8,0,0,0,0,ai,10.0
AVyYMXc_t9s,"""Dinero Roto"" (Broken Money) de Lyn Alden | Club de Lectura #199",64,12,1,0,0,0,finance,10.0
-6t20SnbOyc,"Un buen clasista no es aquel que juzga, es que el describe la realidad.",71,14,0,0,0,0,unknown,0.0
MSl5mD3E7PE,4 creencias que te mantienen pobre.,35,6,1,0,0,0,ai,10.0
ERxzxl6fXbw,Un mundial para ricos? #mundial2026 #méxico,43,6,1,1,0,0,ai,10.0
DWt3zfqtI6g,Top 10 AI-Exposed Occupations,29,4,1,0,0,0,ai,10.0
f1rK6WfCjCQ,The biggest myth in business,28,5,0,0,0,0,unknown,0.0
kkQDCTCcgC0,Chisme express con Frida Araujo #chisme #comedia #podcast,57,8,0,0,0,0,ai,10.0
lYpHv3Tg0Vg,¿Cómo Tener Buenas Ideas En YouTube? 💡 #Compuestos #AndresGarza #EloisaWolf #Ideas,82,11,0,1,0,0,tutorial,20.0
03uRM4Uz5t8,Por esto no creo en el amor eterno #shorts,42,9,0,0,0,0,unknown,0.0
-Ap6qWvqk0I,"SI ERES MUJER, TU BELLEZA ES UNA MONEDA DE CAMBIO: Barbie y los Diarios de una boticaria",88,17,0,0,0,0,ai,10.0
PfdNPN9Jv6s,Me voló la cabeza cuando Jaime Higuera dijo esto #shorts,56,10,0,0,0,0,ai,10.0
gtdao7DVsBo,You Have To Pick 1 Thing,24,6,1,0,0,0,unknown,0.0
UQXupr6-Wmg,Helping A Stranger Scale Her $300K Year Business,48,8,1,0,0,0,unknown,0.0
gS87TtB9nk4,This Changed How I Do Business,30,6,0,0,0,0,unknown,0.0
5ov8sBSV-pc,6 TRUCOS psicológicos para ENAMORAR a cualquiera,48,7,1,0,0,0,unknown,0.0
M_iusAv-K8Y,Estrategia impulsos Trading Bitcoin,35,4,0,0,0,0,ai,10.0
2FdfXwODkr4,El hombre que compró su empresa por 1 dólar,43,9,1,0,0,0,unknown,0.0
AMpe2jD0lZw,Por esto paré de leer un libro por semana #shorts,49,10,0,0,0,0,unknown,0.0
pS5AOr4B7hg,"Deja de escribir, simplemente habla 👀🎙️ #desarrolloweb #programacion",68,8,0,0,0,0,unknown,0.0
UkbeRKmr5kM,¿Se Puede Vivir De YouTube? 📹 #Compuestos #AndresGarza #EloisaWolf #YouTube,75,10,0,1,0,0,unknown,0.0
0xTKuxdSrRI,Esta es la forma más rápida de leer a una persona #shorts,57,12,0,0,0,0,unknown,0.0
yaBzATxyEYs,La Gran Mentira del Helio - 3,29,7,1,0,0,0,unknown,0.0
iq599kyAjVA,The UNTHINKABLE is About to Happen to Stocks (Emergency Update),63,10,0,0,0,0,unknown,0.0
HOwVuamQvTc,Esta es la historia del edificio que fue el más alto de LATAM durante muchos años,81,16,0,0,0,0,ai,10.0
7u0DJM1SNPs,“No salgo si no me pagan”,25,6,0,0,0,0,unknown,0.0
Qyf99inRvDE,Así puedes dejar de perder horas en cambios del cliente,55,10,0,0,0,0,unknown,0.0
X9fGa-F_ars,Jugador Profesional Se Enoja y Lo Pierde Todo,45,8,0,0,0,0,unknown,0.0
VREVC0wXPfs,This idea validation formula has made him $500K from iOS apps,61,11,1,0,0,0,unknown,0.0
MbX7gs6huVE,Qué es GPT Image 2.0 y por qué es el mejor generador de imágenes con AI,71,16,1,0,0,0,curiosity,16.6667
fHes8kAGJHs,Working Hard Isn't Enough,25,4,0,0,0,0,unknown,0.0
MX1a5garnwc,Cómo INVERTIR Con El Salario MÍNIMO,35,6,0,0,0,0,tutorial,20.0
96k8OXI58Ko,Ventajas de ser un Growth Partner #shorts,41,7,0,0,0,0,unknown,0.0
dG7UGA71QJU,Aprende A Detectar Una Mentira 🎭 #Compuestos #AndresGarza #BárbaraTijerina #Mentira,83,10,0,0,0,0,tutorial,20.0
lkM12v2VZyE,¿Qué es Shadow AI y por qué es peligroso?,41,9,0,1,0,0,curiosity,16.6667
uAOfsghz2NY,👉🏻 Te dejo la Guía Completa para convertirte en Slime fijada en los comentarios de este vídeo.,94,17,0,0,0,0,tutorial,20.0
vrW0swCG3Kg,Nobody Warns You About This Part Of Wanting Something Big,57,10,0,0,0,0,unknown,0.0
eEfZlpKPAIU,¡Elon Musk comprará Cursor!,27,4,0,0,0,0,unknown,0.0
YfEz4a39qS0,Cómo está cambiando la forma en que gastamos,44,8,0,0,0,0,tutorial,20.0
s47EWzAbZL4,Don't Let It Affect You Twice,29,6,0,0,0,0,unknown,0.0
9361MUAmA24,Haz ESTO para gestionar BIEN tu tiempo,38,7,0,0,0,0,unknown,0.0
Zu3g28TTetU,Startups de Silicon Valley dejan OpenAI por modelos chinos 😳,60,10,0,0,0,0,ai,10.0
OkVrrVAG9yg,¿Es normal lo que pasa en México? ¿O nos quieren desestabilizar?,64,11,0,1,0,0,unknown,0.0
SY53rwqE2i0,¡Atención Perú! 🇵🇪,18,3,0,0,0,0,unknown,0.0
MdYM6kw372Q,Este es el quinto cambio mental que necesitas hacer #shorts,59,10,0,0,0,0,unknown,0.0
fQK8Lx-oRIU,Australia Eliminó Toda Vida en Esta Línea en MEDIO de la Ciudad y Dejó a Todos en Shock,87,18,0,0,0,0,ai,10.0
94PJFiyaSrs,Renovaciones por el mundial,27,4,0,0,0,0,ai,10.0
bM3ojc2bhdA,Las ÚNICAS 3 IA que SÍ Valen la Pena (y tengo),46,11,1,0,0,0,ai,10.0
1a5xOhqvm-I,The Minimum $2K Pricing Effect,30,5,1,0,0,0,unknown,0.0
wJwQm_aqC8U,Life Isn't Easy,15,3,0,0,0,0,unknown,0.0
RBz3O-4xBYE,Me voló la cabeza cuando Jaime Higuera dijo esto #shorts,56,10,0,0,0,0,ai,10.0
evVs-Jtor50,OpenAI just WON...,18,3,0,0,0,0,ai,10.0
n16KlvFN28c,Empezar a invertir con $100 pesos #shorts #dinero #ahorro #cetes,64,10,1,0,0,0,finance,30.0
PCAPjDDY-h4,El Mitin de María Corina Machado y el muy cuestionable grito de Carlos Baute.,77,14,0,0,0,0,unknown,0.0
FpwEaued1Hc,What Your Passion Is Actually Covering Up,41,7,0,0,0,0,unknown,0.0
v8z-clVwRxM,Lo Que No Te Dicen De La Subida De Tasas — CUIDADO ⚠️,53,13,0,0,0,0,warning,12.5
OPDzJP8iWLo,¿SIRVEN PARA ALGO LOS EXPERIMENTOS EN EL ESPACIO? 🛰️,52,9,0,1,0,0,unknown,0.0
Wj8owIKaQKQ,Who Should You Blame?,21,4,0,1,0,0,unknown,0.0
NkWtrW-9GDY,3 Formas de Desplegar tu Proyecto Web que TODO Desarrollador Debe Conocer,73,12,1,0,0,0,unknown,0.0
Zqmsoqo2fJs,¿Qué estás esperando? ¡Emprende YA!,35,5,0,1,0,0,unknown,0.0
EvauKuWaNmk,Mis Agentes OpenClaw están empezando a putearse entre ellos 😡,61,10,0,0,0,0,ai,10.0
pVwkpXd5PCA,3 Hyperspecific AI Apps,23,4,1,0,0,0,ai,10.0
xAJcbx5h6wE,¿Qué Es El Lenguaje No Verbal? 👀 #Compuestos #AndresGarza #BárbaraTijerina #LenguajeNoVerbal,92,11,0,1,0,0,unknown,0.0
XoY4BiK1WW8,Tomar café al despertarte es un error #shorts,45,8,0,0,0,0,warning,12.5
-OmU9HqUNZ0,"Las Palabras Engañan, El Cuerpo No 🧘🏼 #Compuestos #AndresGarza #BárbaraTijerina #Cuerpo",87,11,0,0,0,0,unknown,0.0
RtCDqPRlu48,BOMBAZO: Anthropic sí nerfeó a Claude Opus 4.6,46,8,1,0,0,0,ai,10.0
XAQ275WwWnw,The tech stack behind a $25K/month timer app?,45,8,1,1,0,0,unknown,0.0
uZ6Nbwp8GtU,Convierte Diseños de Figma en Código Automáticamente (MCP Tutorial),67,9,0,0,0,0,tutorial,20.0
xL5gZGVPjnQ,¡NOS NOMINARON EN LOS SPOTIFY PODCAST AWARDS!,45,7,0,0,0,0,unknown,0.0
ieJE93iObcI,Por qué las personas secretamente te odian (aún más de lo que imaginas) | Carl Jung,83,16,0,0,0,0,curiosity,16.6667
qCFEWA_Nu3k,🤖 Es necesario instalar más potencia para suplir a los nuevos consumidores 🤖 #ia #chatgpt #energía,98,16,0,0,0,0,news,20.0
_BHe9R7pYNw,Por qué la clase media es cada vez más POBRE,45,10,0,0,0,0,ai,10.0
oeymdn1d4qg,La situación en Argentina no mejora #argentina,46,7,0,0,0,0,promise,12.5
1HWpBvWbexU,Planificación Inversa | Sofía Contreras te lo Explica,53,8,0,0,0,0,unknown,0.0
ZB9IMq0ee0k,OpenAI revienta a Nano Banana 🔥🤯,32,6,0,0,0,0,ai,10.0
7Ocx3WwDK_c,"""Mi mala relación con los números""",36,6,0,0,0,0,unknown,0.0
0moz0GJcIHg,Which Would You Rather Be?,26,5,0,1,0,0,unknown,0.0
MK-6-YuFzC4,La CUENTA que más paga en abril 2026,36,8,1,0,0,1,unknown,0.0
CZtseHx5dAM,You Just Need To Pick One...,28,6,0,0,0,0,unknown,0.0
jjSaUeqJi4s,Probé Claude Design: la nueva IA de Anthropic para crear interfaces,67,11,0,0,0,0,ai,20.0
-wkZoxeFIpM,Los Mayores Errores Científicos de la Historia - Domingo de Ciencia 225,71,12,1,0,0,0,warning,25.0
raie7EtagZk,¿Qué está encareciendo los seguros médicos?,46,6,0,1,0,0,unknown,0.0
UN6X2Jj-qrQ,Si siempre estás ocupado pero no avanzas… mira ESTO,51,9,0,0,0,0,unknown,0.0
TpncXdKNLTQ,¿Por qué el gobierno paga más caro?,35,7,0,1,0,0,curiosity,16.6667
wR8P970sqH8,There Are Only Two Reasons People Feel Hopeless,47,8,0,0,0,0,unknown,0.0
uay_qpfTJOE,Platzi Conf Mexico 2026 🇲🇽 El evento tech del año,49,10,1,0,0,1,unknown,0.0
PQOKPfU-zIs,Enfócate únicamente en una cosa a la vez #shorts,48,9,0,0,0,0,unknown,0.0
seu69-hMmGw,¿Traición a la patria? #méxico,30,5,0,1,0,0,ai,20.0
EnLpF9i3I4I,querido desconocido…,20,2,0,0,0,0,unknown,0.0
TeheJAFWwYs,Didi Cuenta vs Bancos Tradicionales | El DINERO Que PIERDES,59,10,0,0,0,0,finance,20.0
Qf1PdYlk_9A,Por esto no confío en personas débiles #shorts,46,8,0,0,0,0,unknown,0.0
FOyH5MIRyD4,Me voló la cabeza cuando Jaime Higuera dijo esto #shorts,56,10,0,0,0,0,ai,10.0
VvBy9AkhR2w,Escúchalo completo en Más Allá del Rosa en YouTube,50,9,0,0,0,0,unknown,0.0
UacKz43AiDQ,Lo que separa a los negocios exitosos de los que fracasan | Sofía Contreras,75,14,0,0,0,0,unknown,0.0
7A5KHuRU8BE,Empecé a dormir mejor con esta rutina #shorts,45,8,0,0,0,0,unknown,0.0
FHeTJmwxo5s,La industria no quiere que sepas esto #shorts,45,8,0,0,0,0,ai,10.0
au_CNv7ZBS4,REGALAN 1000 boletos… pero NO ES casualidad,43,7,1,0,0,0,unknown,0.0
nLlqkXdlNsM,Así fue cuando me tuve que ir a Londres #shorts,47,10,0,0,0,0,unknown,0.0
gGvkfd-LiKA,Claude normalizó la ansiedad por los tokens,43,7,0,0,0,0,ai,10.0
tveRHTJJyy8,This Is What's Actually Been Stopping You,41,7,0,0,0,0,unknown,0.0
G-i7hiu_yPU,El Imperio Más Poderoso del Mundo Está Empezando a Romperse,59,10,0,0,0,0,unknown,0.0
f7fbvRa4eJE,Why Your Competition Is Already Ahead And You Don't See It,58,11,0,0,0,0,unknown,0.0
xUWqMdypNsM,Por qué no podés parar de comer (y no es tu culpa),50,12,0,0,0,0,curiosity,16.6667
X8ekpP_cQa8,3 Consejos clave para invertir con EXITO en Yotepresto',55,9,1,0,0,0,finance,10.0
sa3zzPEnz_4,Claude ahora diseña. Lo probamos SIN HUMO ¿Mató a Figma?,56,10,0,1,0,0,ai,10.0
CF4oRpaLSqw,lunes de whitexicanadas y ratones,33,5,0,0,0,0,unknown,0.0
D3h2gmgCBFg,👉🏻 Te dejo la Guía Pro de ChatGPT fijada en los comentarios de este video.,74,15,0,0,0,0,tutorial,20.0
QduEFho6dLg,"""ZENcillamente"" de Roberto Cuéllar | Club de Lectura #198",57,9,1,0,0,0,unknown,0.0
XyFrfcsbDGY,"Japón Perforó Un Agujero En La Tierra Cerca De Un Volcán, y Esto Provocó Algo",77,15,0,0,0,0,unknown,0.0
8mnzaIML2AM,Los millonarios no quieren que conozcas este modelo de negocio #shorts,70,11,0,0,0,0,unknown,0.0
rg1PhRvmFXk,Cómo DEJAR de PREOCUPARTE por lo que OTROS PIENSAN de ti,56,11,0,0,0,0,tutorial,20.0
dINRvKoLQ-c,Me voló la cabeza cuando Jaime Higuera dijo esto #shorts,56,10,0,0,0,0,ai,10.0
F4ZxeuNDoUw,¿Te gustó supernova Genesis? #supernovagenesis #mexico,54,6,0,1,0,0,unknown,0.0
HgD5P0gQxOk,¿Cómo este youtuber ha cambiado las redes para siempre?,55,9,0,1,0,0,tutorial,20.0
0YCyZKuGPmA,🐜📸,2,1,0,0,0,0,unknown,0.0
6q2ptE-BXIc,México se desarrollará por su gente #méxico,43,7,0,0,0,0,unknown,0.0
aFvAFWzCwF8,Algunas personas llegan a tu vida por esta razón #shorts,56,10,0,0,0,0,unknown,0.0
UPYFbiBv8H4,Haz esto con un empático y desaparecerá de tu vida - carl jung,64,13,0,0,0,0,unknown,0.0
6Np0FPnWdMs,¿Cómo hackearon a Vercel?,25,4,0,1,0,0,tutorial,20.0
AxHTi--S-sU,Volvió el rey de la IA: ChatGPT humilla a Claude Design con GPT-Images-2,72,13,1,0,0,0,ai,30.0
sPHe-L95K0o,Estrategia Gaps Tesla,21,3,0,0,0,0,ai,10.0
mPbb2Gk3fr4,Don't Say This In A Sale,24,6,0,0,0,0,unknown,0.0
X5MyBjZ8Jgw,Me quedé pensando cuando Jaime Higuera dijo esto #shorts,56,9,0,0,0,0,ai,10.0
5jOtf3OIgHg,MCP es la magia por la que muchos prefieren Claude,50,10,0,0,0,0,ai,20.0
u03PlL13QDw,La Estructura De Un Buen Video De YouTube📏 #Compuestos #AndresGarza #EloisaWolf #YouTube,88,12,0,0,0,0,unknown,0.0
5Tsi4Beca6g,OpenAI estuvo en silencio porque planeaban algo GRANDE,54,8,0,0,0,0,ai,10.0
woNfdYrmVGw,El anillo que vale más que BANCOS ENTEROS,41,8,0,0,0,0,finance,10.0
jq7ocNZXg_s,This Is Your Lonely Chapter,27,5,0,0,0,0,unknown,0.0
FfMFahO2VE4,What HARD Feels Like,20,4,0,0,0,0,unknown,0.0
QCcQpkBhOvI,"Claude Design no es rival para Figma, pero…",43,8,0,0,0,0,ai,10.0
ra8QknbAJs4,¿Hay que invertir en CDTs?,26,5,0,1,0,0,finance,10.0
6cUe6qrXxJU,Nunca he hecho un Excel,23,5,0,0,0,0,warning,12.5
40kncAedwjs,"Sexo, luego el vacío — Arthur Schopenhauer",43,7,0,0,0,0,unknown,0.0
4RmcHqjzw-A,Sobre las elecciones en Perú y una reflexión sobre la democracia,64,11,0,0,0,0,ai,10.0
6q8iEtd0IGE,EL REGRESO DE DON X (RESIDENT EVIL REQUIEM PARTE 7),51,10,1,0,0,0,unknown,0.0
E6IrH04B8wg,👉🏻 Te dejo el PROMPT Completo para añadir a tus personajes favoritos fijado en los comentarios.,95,16,0,0,0,0,unknown,0.0
R6VQrYkJf74,¡Vercel fue hackeado! ¿Cómo lo lograron y cómo estar prevenido?,63,10,0,1,0,0,tutorial,20.0
ITT9xWeicWM,"Mythos leaks, SpaceX buys Cursor and OpenAI drops GPT Image 2.0",63,11,1,0,0,0,ai,10.0
9T90MfOpaZY,uando tus Papás se Enferman: Cómo Afrontarlo sin Romperte 💙,59,10,0,0,0,0,tutorial,20.0
VszurX3VCPE,En vivo: Se acabó el reinado de Anthropic // Llegaron los agentes a ChatGPT,75,14,0,0,0,0,ai,20.0
9dIy1d0jmXw,"Sin condominio, mecánicos adentro del taller.",45,6,0,0,0,0,unknown,0.0
erf6YdpSakA,Escúchalo completo en Más Allá del Rosa en YouTube,50,9,0,0,0,0,unknown,0.0
Xq-4lUaLIp8,🤖 Fuentes de energía que no salen la salud ni el ambiente 🤖 #ia #chatgpt #energía,81,16,0,0,0,0,ai,20.0
zEUstENVghI,👉🏻 Te dejo el PROMPT Completo fijado en los comentarios de este vídeo.,70,13,0,0,0,0,unknown,0.0
sQoa8y7eN-8,Deja de ser Esclavo del dinero,30,6,0,0,0,0,finance,10.0
qO9602XOIfY,No tengas miedo a esto #shorts,30,6,0,0,0,0,unknown,0.0
sujVZ7316qo,Millonario limpiando alfombras ¿GRATIS?,39,4,0,1,0,0,ai,10.0
E7PxcFm-Xs8,9 Business Lessons From My CEO Wife,35,7,1,0,0,0,unknown,0.0
hrIY-clbdg8,OpenAI's GPT 5.5 is wild...,27,5,1,0,0,0,ai,10.0
PiKd0maLI6o,👉🏻 Te dejo el link de la Guía de NotbookLM fijada en los comentarios de este vídeo.,83,17,0,0,0,0,tutorial,20.0
TSAh8dzN0cw,👉🏻 Te dejo la Guía Pro de ChatGPT fijada en los comentarios de este video.,74,15,0,0,0,0,tutorial,20.0
pe_HkAV9yJM,"El peligro de usar el celular como ""niñera""",43,8,0,0,0,0,warning,12.5
H1fy1Brpa3Q,Escúchalo completo en Más Allá del Rosa en YouTube,50,9,0,0,0,0,unknown,0.0
tLlucpJbi5E,La retención de ISR en tus ganancias de Revolut,47,9,0,0,0,0,promise,12.5
vyUuhcDRcf4,Me voló la cabeza cuando Jaime Higuera dijo esto #shorts,56,10,0,0,0,0,ai,10.0
jKwIvjb9kgM,Estas personas están atrapadas #shorts,38,5,0,0,0,0,unknown,0.0
w9LJSjmwufQ,Estás desarrollando apps de la forma equivocada,47,7,0,0,0,0,unknown,0.0
nxCFXdIgxmw,Solo tienes derecho a tener una casa #españa #notícias,54,9,0,0,0,0,ai,10.0
W1js1spTUPs,Así puedes crear tus MVP en un día 👀 #desarrolloweb #programacion #programador,78,12,0,0,0,0,unknown,0.0
Q9qmcTjw89Q,Malo vs Bueno vs Impecable. Edición PC #pc #pcgamer,51,9,0,0,0,0,unknown,0.0
rzHYdFYDjcQ,Frutinovela #chisme #comedia #podcast,37,4,0,0,0,0,ai,10.0
HnafDG2aj1I,This Is Rarer Than Any Goal You'll Ever Hit,43,9,0,0,0,0,unknown,0.0
Z-xAO96GQtU,Esto es lo primero que vas a hacer mañana #shorts,49,10,0,0,0,0,unknown,0.0
Rdfd1KAX6NU,👉🏻 Te dejo la Guía Pro de ChatGPT fijada en los comentarios de este video.,74,15,0,0,0,0,tutorial,20.0
EJfh57hfc_E,Me cambió la vida cuando Jaime Higuera dijo esto #shorts,56,10,0,0,0,0,ai,10.0
Z0uWs_W9S1A,The Real Cost Of Not Using AI...,32,7,0,0,0,0,ai,10.0
m8mdQGF-Pmw,Me quedé pensando cuando Jaime Higuera dijo esto #shorts,56,9,0,0,0,0,ai,10.0
i7eGzJCQ1Yg,"LEVA vs Nu, Didi, y Revolut: ¿Quién gana en tasas?",50,10,0,1,0,0,promise,12.5
_XyunBBcVXY,Conoce la historia de LEVA: ¿una SOFIPO segura?,47,8,0,1,0,0,ai,10.0
oYu0ZgihU8Q,¿Cómo usar agentes en tu Mac mini (Perplexity Personal Computer)?,65,10,0,1,0,0,tutorial,20.0
h_G5spN1nJk,"Cuál es el mejor, el peor y el ideal? Rankeando iPhones #iphone #apple",70,13,0,1,0,0,warning,12.5
7y8W9bita7o,la cordialidad del silencio,27,4,0,0,0,0,ai,10.0
FdFgh2vQp8I,¡LEVA supera a todos! Paga la TASA más ALTA de todo el mercafdo,63,13,0,0,0,0,unknown,0.0
DykSRxbFZZo,Shrink Your Competition,23,3,0,0,0,0,unknown,0.0
g47pe7T6-KE,The First Rule Of Money,23,5,0,0,0,0,unknown,0.0
g8NWmUdMh_E,GPT 5.5 LET'S GOOOOOOOO!,24,4,1,0,0,0,unknown,0.0
-bFkzPRxH4w,Cambian las Reglas del SAT 🚨💸: Lo que Cambió en tu Declaración Anual,68,13,0,0,0,0,ai,10.0
8ImVuaOhTf4,Me voló la cabeza cuando Jaime Higuera dijo esto #shorts,56,10,0,0,0,0,ai,10.0
9Ke8dmefEqo,Todo depende de lo que hagas hoy #shorts,40,8,0,0,0,0,unknown,0.0
Ux-bi7bqrUU,Así trabajan las personas que están construyendo riquezas #shorts,65,9,0,0,0,0,unknown,0.0
qGa8y4tPUkc,Calificando comentarios de mis videos junto a ChatGPT,53,8,0,0,0,0,ai,10.0
1WQetpMA8-k,¡las NUEVAS Actualizaciones de Google AI Studio son una LOCURA!,63,10,0,0,0,0,ai,10.0
8MhnMHlXk7Q,Atacan al presidente Trump #notícias,36,5,0,0,0,0,ai,10.0
PZ2yduZysf0,👉🏻 Te dejo la Guía Pro de ChatGPT fijada en los comentarios de este video.,74,15,0,0,0,0,tutorial,20.0
FAerQflosns,Aprendí a cobrar mi trabajo,28,5,0,0,0,0,unknown,0.0
vm8Yn0BN-TQ,viernes de disyuntivas,22,3,0,0,0,0,unknown,0.0
lrl7lslhv2s,👉🏻 Te dejo la Guía Pro de ChatGPT fijada en los comentarios de este video.,74,15,0,0,0,0,tutorial,20.0
SHPKe7pGqMk,el fin se acerca,16,4,0,0,0,0,unknown,0.0
rbbMgCB90fk,En quién se convierte el narcisista cuando el empático deja de cooperar — Carl Jung,85,15,0,0,0,0,unknown,0.0
xpf49h0tGvI,Experta en Imagen: La Realidad de lo que Representa Cada Color,62,11,0,0,0,0,unknown,0.0
aNfOwttNQcg,👉🏻 Te dejo la Guía Pro de ChatGPT fijada en los comentarios de este video.,74,15,0,0,0,0,tutorial,20.0
9R7IaubJFhA,¡Estas quemando tokens por no saber programar!,46,7,0,0,0,0,unknown,0.0
NLrfMQ0dqpQ,Francia Desecha Windows 11 y Tim Cook Renuncia en Apple,55,10,1,0,0,0,ai,10.0
6_o0OElprPo,GITHUB Copilot va a COBRAR por TOKEN...,39,7,0,0,0,0,unknown,0.0
5qoKwHygsy8,Negocios de Mascotas que Nadie Está Haciendo #pequenocerdocapitalista #podcast #semanadellibro,94,10,0,0,0,0,curiosity,16.6667
ZrTIAjdcBGM,En vivo: ¡ChatGPT humilla a Claude Design!,42,7,0,0,0,0,ai,20.0
HyTkdC8bhCg,yo soy Emilio y...(sonido dramático),36,5,0,0,0,0,unknown,0.0
F1D4G7VTBnY,¿Qué te separa de los demás?,30,6,0,1,0,0,unknown,0.0
5cynqLNd1gA,como si la idea (pintura) se fuera a secar,42,9,0,0,0,0,unknown,0.0
PMX-urJB7uw,Esta es la idea de ingreso pasivo #shorts,41,8,0,0,0,0,unknown,0.0
vcL1MMmXeO8,Nadie se esperaba esto de J Balvin,34,7,0,0,0,0,curiosity,16.6667
l8F9Omk197E,"""Aprender a vivir con menos""",28,5,0,0,0,0,tutorial,20.0
TlwFNKM1OyA,Para conseguir lo que quieres debes enfocarte #shorts,53,8,0,0,0,0,unknown,0.0
eoXIFY2GZTw,Estos libros te pueden cambiar la vida #shorts,46,8,0,0,0,0,ai,10.0
hCNT8hK1T98,¿Es Importante El Lenguaje No Verbal? ⭐ #Compuestos #AndresGarza #BárbaraTijerina #LenguajeNoVerbal,99,11,0,1,0,0,unknown,0.0
BwIlVEvq7mU,🤖 Los centros de datos consumen energía de forma masiva y constante 🤖 #ia #chatgpt #educación,93,16,0,0,0,0,ai,20.0
8XfsycyMf48,El Primer Paso Para Vivir De YouTube 🎥 #Compuestos #AndresGarza #EloisaWolf #YouTube,84,12,0,0,0,0,unknown,0.0
FjxyqtLuh_M,quién es Juan Martin de TikTok?,31,6,0,1,0,0,unknown,0.0
rWwPAnF8Qeo,En Argentina se come carne de burro 🫏? #argentina,49,9,0,1,0,0,unknown,0.0
yqwGsf5XVkI,GitHub ARRUINÓ Copilot con estos CAMBIOS,40,6,0,0,0,0,unknown,0.0
Bv4wqAVZ6Ps,Los hombres nunca deberían saber esto sobre las mujeres,55,9,0,0,0,0,warning,12.5
wFTojQEC2eE,La Estrategia de GAPS que gana 7 de cada 10 veces (REAL),56,12,1,0,0,0,promise,12.5
ZVnXmeZZDw0,"Sí, funciona, puedes encontrarlo buscando caveman ✌🏻 #desarrolloweb #programacion #programador",94,10,0,0,0,0,unknown,0.0
RNi5EAKHQ_I,Escúchalo completo en Más Allá del Rosa en YouTube,50,9,0,0,0,0,unknown,0.0
mTqDtRTKvqE,👉🏻 Te dejo la Guía Pro de ChatGPT fijada en los comentarios de este video.,74,15,0,0,0,0,tutorial,20.0
GZ9itUCDrac,LEVA: Siempre NICAP 1 y con ganancias en alza,45,9,1,0,0,0,promise,12.5
kLhNERKdwd4,Revolut: ¿vale la pena invertir grandes sumas?,46,7,0,1,0,0,finance,10.0
q__FKs64J28,¿Quién define la tasa de interés y por qué?,43,9,0,1,0,0,curiosity,16.6667
FR04V2DkErI,“Mi estrategia: hacer lo que me gusta”,38,7,0,0,0,0,ai,10.0
kyojR7HQsVs,Esto es la fatiga de decisiones #shorts,39,7,0,0,0,0,unknown,0.0
2Z1aJVGA1-M,"¡Señoronas, señorones! Les tengo una noticia 🤯",46,7,0,0,0,0,news,20.0
h5Snd8uqih8,Muchos dueños de negocio se sienten así #shorts,47,8,0,0,0,0,unknown,0.0
Lw3RJgDjXh0,👉🏻 Te dejo la Guía Pro de ChatGPT fijada en los comentarios de este video.,74,15,0,0,0,0,tutorial,20.0
uHx1N_qFfTw,Esto es lo primero que necesitas #shorts,40,7,0,0,0,0,unknown,0.0
2Ylfj8r_-V8,Esta música te hará productivo al instante #shorts,50,8,0,0,0,0,unknown,0.0
Enic64S66_s,👉🏻 Te dejo la Guía Pro de ChatGPT fijada en los comentarios de este video.,74,15,0,0,0,0,tutorial,20.0
ppy-SwlSnEo,😱 ERRORES que te hacen perder dinero con el SAT 💸,49,11,0,0,0,0,warning,25.0
kLZUfQUWNNw,¡Estás a muy poco de vivir la vida de tus sueños #shorts,56,12,0,0,0,0,unknown,0.0
YY3pLnSX1W4,No consumas tu tiempo y tu energía en algo que no te aporta nada #shorts,72,15,0,0,0,0,unknown,0.0
YNW_D7b60I4,Revolut: Gana 5 mil pesos en un año con interés compuesto,57,11,1,0,0,0,promise,12.5
OHGtOI47r4M,Este es el resultado de probar el mismo prompt en 3 IAs distintas 👀 #desarrolloweb #programacion,96,16,1,0,0,0,ai,10.0
t3oZncJYgwE,No hagas caso a la sociedad actual #shorts,42,8,0,0,0,0,warning,12.5
SxYWhC51qFo,Me voló la cabeza cuando Jaime Higuera dijo esto #shorts,56,10,0,0,0,0,ai,10.0
IiPyKNs5dtg,GPT 5.5 ACABA de FILTRARSE y es INCREÍBLEMENTE BUENO,52,9,1,0,0,0,news,20.0
YldxYShWvGE,🤖 La energía nuclear no debe usarse para solucionar cualquier problema 🤖 #ia #chatgpt #educación,96,15,0,0,0,0,ai,20.0
SrN39dykl7A,Esto es lo primero que necesitas #shorts,40,7,0,0,0,0,unknown,0.0
3wJvtiigDcg,Que te rompan el corazón es lo mejor que te puede pasar #shorts,63,13,0,0,0,0,unknown,0.0
wm1qu3D9-ho,Sonar como un CEO tiene que ver con como tomas las decisiones #shorts,69,13,0,0,0,0,unknown,0.0
d4AaggbJACU,"Qué pasa con Claude Code, GPT 5.5 y mas chismecito dev",54,11,1,0,0,0,ai,10.0
TAJkbsNrZuM,¿Para dónde va el mercado?,26,5,0,1,0,0,unknown,0.0
BYv6i1MhiRA,¿El Algoritmo No Te Apoya? 🤖 #Compuestos #AndresGarza #EloisaWolf #Algoritmo,76,10,0,1,0,0,unknown,0.0
TCGbMJYgaYA,Estos hábitos están destrozando tu testosterona #shorts,55,7,0,0,0,0,unknown,0.0
tysrC1PivVE,En el futuro eso ya es tuyo #shorts,35,8,0,0,0,0,unknown,0.0
G1xuyxMOUNM,¿Cómo se calculan tus rendimientos en Revolut?,46,7,0,1,0,0,tutorial,20.0
sZoT8IoDJTU,Finsus: Alto rendimiento y estabilidad para tu dinero,53,8,0,0,0,0,finance,20.0
_EHKT75Ir0g,¡Episodio estreno con CD9! #chisme #comedia #podcast,52,7,1,0,0,0,ai,10.0
weyrpnOTB-A,Así generaría 10000€ al mes #shorts,35,6,1,0,0,0,unknown,0.0
cRKwXRLqKQM,Así deberían pensar los fundadores de e-commerce #shorts,56,8,0,0,0,0,unknown,0.0
QeK4l-iH51Y,🤖 La ley de cambio climático prohíbe la extracción de materiales radioactivos en España 🤖 #chatgpt,98,16,0,0,0,0,ai,20.0
vaEGXlhFrJQ,¿La Inteligencia Artificial le Quitará el Trabajo a los YouTubers? (La Realidad de 2026),88,14,1,1,0,1,ai,20.0
pgFxsauDXjc,En vivo: Hackearon a Vercel y Lovable,37,7,0,0,0,0,unknown,0.0
KW2YQ1C0ECs,La TRAMPA de los CRÉDITOS | No saques un PRÉSTAMO sin ver esto,62,13,0,0,0,0,finance,10.0
2q62qBqugJE,TRADING Y ARBITRAJE EN VIVO CON SANTIAGO AMAT,45,8,0,0,0,0,ai,10.0
jr8lgZvzA34,ANTHROPIC quiere ELIMINAR CLAUDE CODE...,40,5,0,0,0,0,ai,10.0
I66LDF9iWts,"Experta en Lenguaje No Verbal: ""Juzgar No es Malo si...""",56,10,0,0,0,0,unknown,0.0
LikC_lxkVEg,Este es el activo más valioso que puedes poseer #shorts,55,10,0,0,0,0,unknown,0.0
MOpYEt-XfaU,Invierte 50 mil en Revolut y esto ganarás,41,8,1,0,0,0,promise,25.0
XvLttG6zZck,Que hay detrás de lo ocurrido en Teotihuacán? #teotihuacan #méxico,66,10,0,1,0,0,unknown,0.0
uOGqRV25LOc,Esta es la trampa de la educación #shorts,41,8,0,0,0,0,unknown,0.0
tqD_yn5Y_zQ,🤖 Recursos por los que hay que seguir apostando 🤖 #ia #chatgpt #educacion,73,13,0,0,0,0,ai,20.0
5DilrEUdYnY,"Si quieres resultados diferentes, necesitas entornos diferentes.",64,7,0,0,0,0,unknown,0.0
V4tlvp9IP_8,¿Calidad o Cantidad en YouTube? (Respuesta por Experta),55,8,0,1,0,0,unknown,0.0
4NHnN9EmDk0,¿Se Puede Vivir de Ser YouTube? (La Realidad de 2026),53,10,1,1,0,1,unknown,0.0
fIZkXHaOuvY,La sociedad te está programando #shorts,39,6,0,0,0,0,unknown,0.0
ymxpml7CipE,genera así 1000€ al mes fácil #shorts,37,7,1,0,0,0,promise,12.5
AWWSm291p7c,Que te rompan el corazon es lo mejor que te puede pasar #shorts,63,13,0,0,0,0,unknown,0.0
SZLTZDoVcfA,Haz esto si estás estancado en 0 euros #shorts,46,9,1,0,0,0,unknown,0.0
i6WQdQsE0kc,Introducing ChatGPT Images 2.0,30,4,1,0,0,0,ai,10.0
C9V8L2emj9M,¿Qué es renta fija? (explicado fácil),37,6,0,1,0,0,promise,12.5
kFVzax1iFW8,¿Es Bueno Hacer Videos de Experimento en YouTube? (La Respuesta de una Experta),79,13,0,1,0,0,unknown,0.0
dCJJcNtrNjo,¿Audiencia Grande O Nicho Específico? 👥 #Compuestos #AndresGarza #EloisaWolf #Audiencia,87,10,0,1,0,0,ai,10.0
rzqgWnJPamU,Este consejo cambia tu relación con las mujeres #shorts,55,9,0,0,0,0,ai,10.0
izQP0WI1i9A,Por esto una marca de ropa e-commerce es muy difícil #shorts,60,11,0,0,0,0,unknown,0.0
5aR4agCS1OM,Tómatelo como algo personal #shorts,35,5,0,0,0,0,unknown,0.0
qC_5K9u8nY4,¡Episodio estreno con Traumaditos Podcast! #chisme #comedia #podcast,68,8,0,0,0,0,ai,10.0
dUo1R8tp6zQ,¿Importa la Edición en YouTube? (La Nueva Tendencia de 2026),60,10,1,1,0,1,ai,10.0
IkNEALHWXUo,Los Primeros Pasos Para Empezar a Vivir de YouTube (Eloisa Wolf),64,11,0,0,0,0,unknown,0.0
xSS2WTAglww,Que te rompan el corazón es lo mejor que te puede pasar en la vida #shorts,74,16,0,0,0,0,unknown,0.0
VsjETURd7No,Esto es un embudo de venta #shorts,34,7,0,0,0,0,unknown,0.0
-rDMPyp2tvQ,Esto hice para generar 72.000€ #shorts,38,6,1,0,0,0,unknown,0.0
vW1rzDI4KhM,Me cambió la vida cuando Jaime Higuera dijo esto #shorts,56,10,0,0,0,0,ai,10.0
2F50vE7VUIw,Chisme express con Traumaditos Podcast #chisme #comedia #podcast,64,8,0,0,0,0,ai,10.0
WSSQ8mtQicE,Gancho chismoso #chisme #comedia #podcast,41,5,0,0,0,0,ai,10.0
WVEngsk1RuQ,Tener Suscriptores No Es Importante 👥 #Compuestos #AndresGarza #EloisaWolf #Suscriptores,88,10,0,0,0,0,unknown,0.0
hx45I5QyAFw,Por esto que te rompan el corazón es una de las mejores cosas que te puede pasar en la vida #shorts,99,21,0,0,0,0,unknown,0.0
50Esq3fgXzA,Existe otra forma de comenzar un negocio #shorts,48,8,0,0,0,0,unknown,0.0
bGis_LtFRRo,Tiene un fetiche con su hermana #chisme #comedia #podcast,57,9,0,0,0,0,ai,10.0
uJzhn5czGL4,¿YouTube Es La Mejor Red Para Crear Contenido? 👥#Compuestos #AndresGarza #EloisaWolf #Contenido,95,12,0,1,0,0,unknown,0.0
Tx6waClZSYM,¿El Siguiente Mr Beast? 💰 #Compuestos #AndresGarza #EloisaWolf #MrBeast,71,9,0,1,0,0,unknown,0.0
WBBOTxvDook,Céntrate en tu objetivo principal #shorts,41,6,0,0,0,0,unknown,0.0
Jlw306k4Sv0,Te recomiendo esto #shorts,26,4,0,0,0,0,unknown,0.0
GQtuLY1Qs1Q,Así es como se ha creado un protocolo de cómo vivir hasta los 100 años #shorts,78,16,1,0,0,0,tutorial,20.0
MCnA_GAeAfg,Revolut: tasas de interés y ganancias diarias,45,7,0,0,0,0,promise,12.5
bjFyP8D_XvM,Los Errores Más Comunes Al Crear En YouTube ❌ #Compuestos #AndresGarza #EloisaWolf #Errores,91,13,0,0,0,0,warning,25.0
YPM2Fep2P3A,El Mejor Formato Para Crear Contenido 📱 #Compuestos #AndresGarza #EloisaWolf #Formato,85,11,0,0,0,0,unknown,0.0
saLXbA_OCkE,Beneficios de Revolut: interés diario y capital,47,7,0,0,0,0,ai,10.0
Mm2C9CRyDxY,Morosidad en YoTePresto: ¿Estable o creciente?,46,6,0,1,0,0,unknown,0.0
wvJLjIR3nRI,Supertasas: ¡La SOFIPO más sólida y con regalo!,47,8,0,0,0,0,unknown,0.0
nIrSjC_gsk8,Alerta SOFIPO: NICAP CATEGORIA 2 ¿Quién es?,43,7,1,1,0,0,ai,10.0
0O8CF6F7CVs,Emisión en directo de Cristina Dayz,35,6,0,0,0,0,unknown,0.0
wlOrP9Q1akA,"Nu: Tasas a la baja, pero ¿qué hay en la 'cajita turbo'?",56,12,0,1,0,0,unknown,0.0
IaUn-c8Lxss,Multiplica X2 tus ganancias con XTB Código: ALAINXTB,52,8,1,0,0,0,ai,20.0
k30WHO9_ppU,👉🏻 Te dejo la Guía Pro de ChatGPT fijada en los comentarios de este video.,74,15,0,0,0,0,tutorial,20.0
sGEEHGc7eyo,👉🏻 Te dejo la Guía de Gemini Pro fijada en los comentarios de este video.,73,15,0,0,0,0,tutorial,20.0
gzjXoJoWgjs,How Much You Really Need Invested to Live Off Dividends in 2026,63,12,1,0,0,1,unknown,0.0
fgasMQ6UWPY,Reporte de resultados,21,3,0,0,0,0,unknown,0.0
Tu8OUN2WuyU,IA va a ser tu agente de compras,32,8,0,0,0,0,ai,20.0
5-ASQ44GpNI,Experto En Seducción Revela Los Secretos De La Atracción Y El Deseo “La Clave Está En El Sudor”,95,18,0,0,0,0,curiosity,16.6667
MmtdaRSSUZA,Cómo salir de Deudas Para Siempre- Clase Completa,50,8,0,0,0,0,finance,10.0
0elkAIACdFE,No te gastes todo lo que ganas,30,7,0,0,0,0,promise,12.5
dqOmDZPkIF4,La Forma Más Fácil De Ganar Dinero Con Skool,44,9,0,0,0,0,promise,37.5
LkaaMQx9uZ0,El TRUCO del DINERO INVISIBLE que TODOS hacemos,47,8,0,0,0,0,finance,10.0
DYhg0nWZ1UQ,Crisis Financiera en el Matrimonio | Lo Que Nadie Te Dice,57,11,0,0,0,0,curiosity,16.6667
tXgFifuwvno,Lo que nadie te enseña sobre dinero | Sofía Macías,50,10,0,0,0,0,curiosity,16.6667
MlcUa5-3G68,¿Realmente Vale la Pena Comprar Casa? Lo que los Números Dicen 🔢💸,65,12,0,1,0,0,unknown,0.0
9opMZrn2-zg,More For You,12,3,0,0,0,0,unknown,0.0
Aa1qfpfSaVY,You Can Be In A Good Mood,25,7,0,0,0,0,unknown,0.0
98ShZgIhSbk,Don't Ask This Question In A Sale,33,7,0,0,0,0,unknown,0.0
31WQ21L6kE8,You Have To Be The Exception,28,6,0,0,0,0,unknown,0.0
s9TcINJc2pw,Watch This If You Don't Wan't To Be Average...,46,9,0,0,0,0,unknown,0.0
LK1OJ-izQfQ,"""How Do I Get More Qualified Leads?""",36,7,0,1,0,0,unknown,0.0
2mOqRPcWgMM,I Would Give Away 100% Of My Profit To Do This,46,11,1,0,0,0,unknown,0.0
GDex3WIPF7c,The Most USELESS College Degrees,32,5,0,0,0,0,unknown,0.0
yE8fJOgv7Pc,"Grandma Makes $100,000 Per Year",31,5,1,0,0,0,unknown,0.0
Y254oB1QNOE,Gen-Z Men Need To LOCK IN,25,6,0,0,0,0,unknown,0.0
FzdGk0ceLCA,¿Hay Segundas Oportunidades En La Primera Impresión? 😮 #Compuestos #AndresGarza #BárbaraTijerina,96,11,0,1,0,0,unknown,0.0
0GmokuFXa_o,El Celular Nos Está Haciendo Daño 📱 #Compuestos #AndresGarza #BárbaraTijerina #Celular,86,11,0,0,0,0,unknown,0.0
yA-SufBCL7g,Me cambió la vida cuando Jaime Higuera dijo esto #shorts,56,10,0,0,0,0,ai,10.0
Wz8CxWdCHC0,Por esto estoy agradecido con mis padres #shorts,48,8,0,0,0,0,unknown,0.0
Nz7vsR3_W3I,Tienes que creer en ti #shorts,30,6,0,0,0,0,unknown,0.0
JTtyJPD0ZOw,Jaime Higuera no se equivocó cuando dijo esto #shorts,53,9,0,0,0,0,ai,10.0
SK7yqZdN3Dg,Este es el enfado más peligroso #shorts,39,7,0,0,0,0,warning,12.5
eYZUzUEUsjo,Este es realmente el problema #shorts,37,6,0,0,0,0,unknown,0.0
zSPnVUpVwj8,Así es como te están destruyendo sin que te des cuenta #shorts,62,12,0,0,0,0,unknown,0.0
8TvJvfKz8Fo,No es Normal Vivir Así,22,5,0,0,0,0,unknown,0.0
KdmRWazuBRU,¡Volvió Deepseek v4! Al nivel de GPT y Claude y 10 veces más barato,67,14,1,0,0,0,ai,10.0
nH8YRX4Stfs,Trump Convertirá a China en Superpotencia,41,6,0,0,0,0,ai,10.0
MK3Lz4fAvZo,MATERIA OSCURA Y AGUJEROS NEGROS DE OTRO UNIVERSO 🌌,51,9,0,0,0,0,ai,10.0
1PIbKMyFMAY,¿Existen Fisuras en el Universo?,32,5,0,1,0,0,unknown,0.0
wgADj9n8XMs,¿Por qué te mareas al leer en un coche?,39,9,0,1,0,0,curiosity,16.6667
u5HPVyEpyNI,Por qué son INÚTILES las LEYES de la ROBÓTICA,45,9,0,0,0,0,curiosity,16.6667
-CB2CwSPtAQ,Your anus created consciousness #science #evolution,51,6,0,0,0,0,unknown,0.0
FMdrD_jcYgE,We Found Galaxies Too Old for the Universe,42,8,0,0,0,0,unknown,0.0
OgbLx7K5jKI,3 Surprising Things I Learned As a New Dad,42,9,1,0,0,0,unknown,0.0
9rRvmcDpWwA,7 Unhealthy Habits That Made Me Rich,36,7,1,0,0,0,unknown,0.0
UxUmboIvArE,La nueva estrategia de YouTube que está generando millones,58,9,0,0,0,0,ai,10.0
YY99Gla0v4E,Por qué no puedes trabajar en un empleo de 9 a 5 después del despertar | Carl Jung,84,18,1,0,0,0,unknown,0.0
-8Xee3Y4Yeg,¡Los 2 ÚNICOS ETFs que Necesitas para Hacerte Millonario!🤑💵,59,9,1,0,0,0,unknown,0.0
ZgcrZ8qm0-w,¡No tengas miedo! VOO es para el largo plazo,44,9,0,0,0,0,unknown,0.0
cxBZkkzJcpw,¿Es LEVA seguro? Analizamos su estabilidad,42,6,0,1,0,0,unknown,0.0
NoXtR658c_k,"Talibanes Cruzan Montañas Hacia China Tras 80 Años Aislados, pero China Cierra la Salida",88,14,1,0,0,0,ai,20.0
FBq_mtNPweg,Me ligó su mejor amigo #chisme #comedia #podcast,48,8,0,0,0,0,ai,10.0
4Zi41MRVP0g,¡Me LIGÓ el amigo de mi ESPOSO! 😱 Ft. Fabrizio Santini de La Oficina - T10E07 #podcast #LaOficina,97,18,1,0,0,0,unknown,0.0
KfaPxlvQx1M,El gnomo #chisme #comedia #podcast,34,5,0,0,0,0,ai,10.0
enQeP-ztP5A,Carta de Matias Galetto en varios idiomas porque me odio #italian #matiasgaletto #french,88,13,0,0,0,0,ai,10.0
k7aOM--Ycts,which nail art should i try? #art #artist,41,8,0,1,0,0,ai,10.0
eYDQWSBQ47s,Creo una app con IA pero usando solo el móvil.,46,10,0,0,0,0,ai,10.0
2ZV29QhLfjw,"Los aranceles de Trump fueron ilegales, ahora el pueblo paga. #diegoruzzarin",76,11,0,0,0,0,unknown,0.0
HyO6rMqRXw0,La batalla de #azuky y #notaroja,32,6,0,0,0,0,unknown,0.0
P9MkPdQc74o,¡Está pasando!,14,2,0,0,0,0,unknown,0.0
mbtA5CBh5qk,Estrategia gaps más velas de indecisión,39,6,0,0,0,0,ai,10.0
N-zjDtQOwxc,Científicos importantes mueren y desaparecen en Estados Unidos ~ TODO LO QUE SE SABE,84,14,0,0,0,0,unknown,0.0
POn6IRgP5-A,La INFIDELIDAD está Fuera de Control...,39,6,0,0,0,0,unknown,0.0
GAf7J_t1o8U,La REALIDAD de CREAR CONTENIDO en 2026...,41,7,1,0,0,1,unknown,0.0
oIr5NyY01EQ,5 cosas que NUNCA debes DECIRLE a alguien con TDAH (y qué puedes decirle),73,14,1,0,0,0,warning,12.5
mQR17nCXUSA,La Situación De Nintendo Es Triste,34,6,0,0,0,0,unknown,0.0
W65cfPslnzo,I Tried Getting Banned From Every Store (Again),47,8,0,0,0,0,ai,10.0
VgH5rhALEfU,Actors Who Changed Identities For Roles,39,6,0,0,0,0,unknown,0.0
QPWScf-86po,I Made Mascots For Stores That Don’t Have Them,46,9,0,0,0,0,unknown,0.0
7IL0scdhgJA,Let’s talk about Emily Blunt’s career advice 😬,46,8,0,0,0,0,unknown,0.0
s2NSwy8xraQ,Con ESTO tu vida podria ser MÁS FÁCIL,37,8,0,0,0,0,promise,12.5
8erUsIGULKc,"Mirá lo que hiciste, Leito. #dev #programacion",46,7,0,0,0,0,unknown,0.0
s23TO2BQBcU,El FIN de la IA barata ya comenzó 🚨,35,9,0,0,0,0,ai,10.0
rfRFwXnk660,Salvá a tus hijos (estás a tiempo),34,7,0,0,0,0,unknown,0.0
ByJAH8vTgfw,El día que descubrí el futuro,29,6,0,0,0,0,unknown,0.0
W4BkgA1P27o,¡Las NUEVAS Actualizaciones de NotebookLM son una LOCURA!,57,8,0,0,0,0,unknown,0.0
quCJwkDAx0g,"US wants Claude all to itself... because it's ""TOO DANGEROUS""",61,10,0,0,0,0,ai,10.0
iQxwDGnuByc,La IA China acaba de Explotar en el TOP 1: Y esto puedes hacer ahora 🔥,70,16,1,0,0,0,news,20.0
waOGddip3Wk,La maldición de la silla presidencial #méxico,45,7,0,0,0,0,ai,10.0
xfMhpaP8QSg,¿Los extraditarías o no? #méxico,32,5,0,1,0,0,unknown,0.0
iGaMJCi8mAk,Pasó de FUNDADORA a COMPETENCIA,31,5,0,0,0,0,ai,10.0
kmKuk_TCEvU,"Se acabó la subvención de la IA, estas son las mejores alternativas",68,12,0,0,0,0,ai,10.0
yGC0oT995TM,Minimalist AI Setup I’d Give To Any Employee,44,8,0,0,0,0,ai,10.0
lB_XJmoBLjw,Escúchalo completo en Más Allá del Rosa en YouTube,50,9,0,0,0,0,unknown,0.0
t6GzhyGTKCo,BUYING A HOUSE IS KEEPING YOU POOR,34,7,0,0,0,0,unknown,0.0
qgzwtKsXCMo,Jynxzi REALIZES,15,2,0,0,0,0,unknown,0.0
0D14LJGiBkg,"Chess, But Each Piece Is A Human?!",34,7,0,1,0,0,unknown,0.0
mpZK1dqX6aA,BOOM BOOM BOOM BOOM,19,4,0,0,0,0,unknown,0.0
RniYUmKs93U,Pigeons Are GPS Drones,22,4,0,0,0,0,unknown,0.0
IEJALLQFmDs,You’re Breathing Dinosaur Breath!,33,4,0,0,0,0,unknown,0.0
dqazxW8R5BY,Our Brains Got Bigger. Now They’re Shrinking?,45,7,0,1,0,0,ai,10.0
UsS6bOYnnOI,The Fermi Paradox Just Got Worse,32,6,0,0,0,0,unknown,0.0
