video_id,semantic_cluster_id,semantic_cluster_size,semantic_cluster_label,cluster_top_terms
QPWScf-86po,0,345,con_to_you,con to you
WgcdDVIUXcI,5,219,de_en_la,de en la
OrI86PV-aPg,7,194,que_el_shorts,que el shorts
qgzwtKsXCMo,0,345,con_to_you,con to you
ksn5yrsC3Wg,2,82,the_in_business,the in business
Su0aCV35IFM,2,82,the_in_business,the in business
pXI3xinu4bc,0,345,con_to_you,con to you
reCJ5EuvukI,2,82,the_in_business,the in business
dqazxW8R5BY,0,345,con_to_you,con to you
WOTUpoI2LQA,5,219,de_en_la,de en la
IEJALLQFmDs,0,345,con_to_you,con to you
kB_PJC80JhY,0,345,con_to_you,con to you
jLFG_FZKbks,3,63,is_this_what,is this what
u_f8bJkfg68,0,345,con_to_you,con to you
GDex3WIPF7c,2,82,the_in_business,the in business
snM0UfZxakc,3,63,is_this_what,is this what
yE8fJOgv7Pc,0,345,con_to_you,con to you
vmRbevilfpU,5,219,de_en_la,de en la
TmkbUF0V0hM,0,345,con_to_you,con to you
eOI7WQIEX1Y,0,345,con_to_you,con to you
FMdrD_jcYgE,2,82,the_in_business,the in business
XGAhqBxEV78,0,345,con_to_you,con to you
3PZ3d4eNWrc,0,345,con_to_you,con to you
io_Ysi-LFWE,0,345,con_to_you,con to you
2pao0845DQQ,0,345,con_to_you,con to you
xjcVnFd-4YA,0,345,con_to_you,con to you
iBpxQpktHN4,0,345,con_to_you,con to you
N-zjDtQOwxc,7,194,que_el_shorts,que el shorts
pG99B0ui06s,0,345,con_to_you,con to you
2ZV29QhLfjw,0,345,con_to_you,con to you
7Y7Iv5XAXwI,2,82,the_in_business,the in business
UncqiOQc4rI,0,345,con_to_you,con to you
31t_CBePs34,7,194,que_el_shorts,que el shorts
0y8vRPcSvbw,3,63,is_this_what,is this what
W65cfPslnzo,0,345,con_to_you,con to you
mpZK1dqX6aA,0,345,con_to_you,con to you
PnpHwhTWw0c,3,63,is_this_what,is this what
jKTNMlUEdgU,0,345,con_to_you,con to you
Hk-ARbCTKzM,0,345,con_to_you,con to you
YUwjueXzffE,3,63,is_this_what,is this what
ndkH5fZSIvs,0,345,con_to_you,con to you
U0f47Nt9g-Q,7,194,que_el_shorts,que el shorts
pUlUgkaTQZg,2,82,the_in_business,the in business
PoHZWjU54jY,2,82,the_in_business,the in business
Czf68kDF_7Y,3,63,is_this_what,is this what
dU5sDKcwN9E,2,82,the_in_business,the in business
0t118SCf-2w,0,345,con_to_you,con to you
tkLxg6h07aE,2,82,the_in_business,the in business
W41XcEogOB0,2,82,the_in_business,the in business
0D14LJGiBkg,3,63,is_this_what,is this what
69AWec8qjjo,0,345,con_to_you,con to you
IrGd4xIhTN0,2,82,the_in_business,the in business
vgwG6e9TFcw,3,63,is_this_what,is this what
gdjCR9h1yGc,2,82,the_in_business,the in business
rfRFwXnk660,0,345,con_to_you,con to you
dNNyCZwEa6k,0,345,con_to_you,con to you
RniYUmKs93U,0,345,con_to_you,con to you
jytAQWCc_TI,3,63,is_this_what,is this what
t9PF8V132Y4,0,345,con_to_you,con to you
WPOhGVSPOyM,0,345,con_to_you,con to you
9rHaUzPlJws,0,345,con_to_you,con to you
XsY6iChNzf0,0,345,con_to_you,con to you
8TvJvfKz8Fo,7,194,que_el_shorts,que el shorts
4iXwPD-VHyg,0,345,con_to_you,con to you
VgH5rhALEfU,0,345,con_to_you,con to you
5YKhtb3DNNo,0,345,con_to_you,con to you
JjwHFerSu4M,5,219,de_en_la,de en la
z7Qp9Q_Br88,3,63,is_this_what,is this what
5W2lIWDyXjI,0,345,con_to_you,con to you
v_1Dhh8G84c,2,82,the_in_business,the in business
IMM5cm6xrXQ,0,345,con_to_you,con to you
39czcByvq7c,0,345,con_to_you,con to you
vNXFk8iGHk8,0,345,con_to_you,con to you
dl0-TveDDGA,0,345,con_to_you,con to you
m-nnyNZ0TQ0,0,345,con_to_you,con to you
Cr7oGnSzmb4,3,63,is_this_what,is this what
MVFd0qFB9TE,0,345,con_to_you,con to you
pcAJLeGAtwc,0,345,con_to_you,con to you
jAaw0vn7eLs,2,82,the_in_business,the in business
eRD2C7w9r6Y,5,219,de_en_la,de en la
u5HPVyEpyNI,5,219,de_en_la,de en la
LMJb-_uL6lQ,0,345,con_to_you,con to you
Ycdklm6W1_o,3,63,is_this_what,is this what
DYkyYUjOZTk,0,345,con_to_you,con to you
JWOErbTL9N4,0,345,con_to_you,con to you
oOCN30ulVyo,0,345,con_to_you,con to you
wgADj9n8XMs,7,194,que_el_shorts,que el shorts
BdUzhVM5w1U,3,63,is_this_what,is this what
UsS6bOYnnOI,2,82,the_in_business,the in business
4at2bVIhLgc,2,82,the_in_business,the in business
s6XPoPYDn-Y,0,345,con_to_you,con to you
ExlWYbISs6I,0,345,con_to_you,con to you
_WrHMsTYlOU,0,345,con_to_you,con to you
wdCDxH9KBss,5,219,de_en_la,de en la
fwUWAoSeg2g,0,345,con_to_you,con to you
Hk20QLW6nEc,7,194,que_el_shorts,que el shorts
TET8fTKH1e8,5,219,de_en_la,de en la
ERWIJPTNZVM,0,345,con_to_you,con to you
QfUb5MEAOXA,3,63,is_this_what,is this what
roUppNywDks,2,82,the_in_business,the in business
Lqq78q17jDY,5,219,de_en_la,de en la
wy3a_xJI3so,0,345,con_to_you,con to you
kijJaXVri7Q,5,219,de_en_la,de en la
oNjLzGpMCuw,0,345,con_to_you,con to you
-1Fhry-Mqks,0,345,con_to_you,con to you
LLK879SXq_w,5,219,de_en_la,de en la
ktkpd9A8MD8,7,194,que_el_shorts,que el shorts
4Zi41MRVP0g,5,219,de_en_la,de en la
FYMdllTCrc0,2,82,the_in_business,the in business
a9T6IRpz31E,0,345,con_to_you,con to you
HRxULulg_hM,0,345,con_to_you,con to you
1PIbKMyFMAY,7,194,que_el_shorts,que el shorts
oRVJREzko-M,0,345,con_to_you,con to you
aRLwX_dN8AQ,2,82,the_in_business,the in business
ucN2hf0CgI8,0,345,con_to_you,con to you
Y254oB1QNOE,2,82,the_in_business,the in business
UM9dcnJXX0k,0,345,con_to_you,con to you
kH_bSvf7EVA,3,63,is_this_what,is this what
er7v-GJj_V0,5,219,de_en_la,de en la
Bcag49Fk3zA,0,345,con_to_you,con to you
KGeCwEOLPGE,0,345,con_to_you,con to you
eBbqRceO2qY,0,345,con_to_you,con to you
3era1_feC3U,0,345,con_to_you,con to you
-uSQcEfnKp0,0,345,con_to_you,con to you
tbvteFr4SPQ,0,345,con_to_you,con to you
3LnNwS6rqk8,5,219,de_en_la,de en la
rc-xQnupse0,7,194,que_el_shorts,que el shorts
yk8ziJow5dw,3,63,is_this_what,is this what
gzjXoJoWgjs,2,82,the_in_business,the in business
8QsAx7s9PmQ,0,345,con_to_you,con to you
5-ASQ44GpNI,5,219,de_en_la,de en la
BOmc_wliaRg,0,345,con_to_you,con to you
KdmRWazuBRU,5,219,de_en_la,de en la
98ShZgIhSbk,2,82,the_in_business,the in business
if955Z_s4Ts,0,345,con_to_you,con to you
UPbaPjDGQIE,2,82,the_in_business,the in business
0HSNPIttevk,2,82,the_in_business,the in business
8u7HqZJQHDM,2,82,the_in_business,the in business
mDh52QTqR0o,5,219,de_en_la,de en la
t6GzhyGTKCo,3,63,is_this_what,is this what
1d3wR5LJ4-4,0,345,con_to_you,con to you
48hHo2WcAQI,5,219,de_en_la,de en la
5wuHYQMnYhA,2,82,the_in_business,the in business
iRach9lpIlg,0,345,con_to_you,con to you
up__2flbXw4,0,345,con_to_you,con to you
POn6IRgP5-A,5,219,de_en_la,de en la
RWGr8LwG3TY,5,219,de_en_la,de en la
LDXkrlIxj8U,6,26,higuera_dijo_dijo_esto,higuera dijo dijo esto
tVpky2riji0,5,219,de_en_la,de en la
aZVcAlzBIp4,0,345,con_to_you,con to you
o1LnQHf3b6I,3,63,is_this_what,is this what
NRELko2BoRk,0,345,con_to_you,con to you
LkaaMQx9uZ0,7,194,que_el_shorts,que el shorts
CPJhzRv9y_8,0,345,con_to_you,con to you
GXeBi91SkIw,2,82,the_in_business,the in business
YhNUPGphSM8,5,219,de_en_la,de en la
gEUMAljLr78,0,345,con_to_you,con to you
Cp3DxMyEBIM,7,194,que_el_shorts,que el shorts
MqpQhyjFZQU,0,345,con_to_you,con to you
zxQJIBt9CBI,5,219,de_en_la,de en la
WeliLUboy3M,2,82,the_in_business,the in business
8fIRAhGGRgA,3,63,is_this_what,is this what
0kHJZFOuMWc,7,194,que_el_shorts,que el shorts
oqoBSeL5GIU,0,345,con_to_you,con to you
0Z1lChyi2W4,3,63,is_this_what,is this what
FBq_mtNPweg,4,26,chisme_podcast_chisme_comedia,chisme podcast chisme comedia
msYTFQ4OIu8,3,63,is_this_what,is this what
EGTF9mGda4U,0,345,con_to_you,con to you
QzZ4VwDHAT4,3,63,is_this_what,is this what
07T7V-Szcx0,2,82,the_in_business,the in business
sKME5er1OKc,7,194,que_el_shorts,que el shorts
wEb6ULf3TzU,0,345,con_to_you,con to you
-uUlnDjQxhg,3,63,is_this_what,is this what
JrGlAw_Q7ow,0,345,con_to_you,con to you
5tW7CPAVii0,3,63,is_this_what,is this what
D4fkiQfzw_I,0,345,con_to_you,con to you
UUzxEVhRQgQ,0,345,con_to_you,con to you
P9MkPdQc74o,0,345,con_to_you,con to you
TRVnxUYQAmI,5,219,de_en_la,de en la
OwbaFLtBpkQ,2,82,the_in_business,the in business
FJNk3OGtmbk,4,26,chisme_podcast_chisme_comedia,chisme podcast chisme comedia
nVHr2D6tnA4,7,194,que_el_shorts,que el shorts
S0WQP5GeTZs,2,82,the_in_business,the in business
DSRfs1qKWR0,0,345,con_to_you,con to you
9oVPXnEkegY,0,345,con_to_you,con to you
ZUpr3u1inlg,0,345,con_to_you,con to you
YPboGQjMxNY,0,345,con_to_you,con to you
iaYdIU5n6vw,2,82,the_in_business,the in business
AzNb2nQrM7U,0,345,con_to_you,con to you
ehizptRtYzM,5,219,de_en_la,de en la
fpmYvXCzO1c,2,82,the_in_business,the in business
wJOakc64crg,0,345,con_to_you,con to you
Rax-kdRVG74,7,194,que_el_shorts,que el shorts
MWrMtRjLhjk,7,194,que_el_shorts,que el shorts
mQR17nCXUSA,0,345,con_to_you,con to you
oixqYBAPwXA,0,345,con_to_you,con to you
iQxwDGnuByc,5,219,de_en_la,de en la
k7aOM--Ycts,0,345,con_to_you,con to you
6WqWhSmCbXk,0,345,con_to_you,con to you
FZbMPtLRr00,0,345,con_to_you,con to you
mbGPgjXCx24,7,194,que_el_shorts,que el shorts
6r-qlEX6hGY,0,345,con_to_you,con to you
o8Z1Q8UPSOU,7,194,que_el_shorts,que el shorts
_jxLMMcKmRQ,5,219,de_en_la,de en la
VjqsnOrW3AM,3,63,is_this_what,is this what
kTlm_3HwRFg,0,345,con_to_you,con to you
T7_l896OH20,0,345,con_to_you,con to you
dhbt8y_LXQY,0,345,con_to_you,con to you
BPt0fwBCDbQ,5,219,de_en_la,de en la
XfY_L8MLOsU,0,345,con_to_you,con to you
kf9ghd5-VII,7,194,que_el_shorts,que el shorts
J7ieKmP96Hc,2,82,the_in_business,the in business
ZAmCJoz4c4w,2,82,the_in_business,the in business
VsLOWe6VuyQ,0,345,con_to_you,con to you
MlcUa5-3G68,7,194,que_el_shorts,que el shorts
Q5rmW96IGqA,0,345,con_to_you,con to you
sbzsqNJuZvg,3,63,is_this_what,is this what
rVixyOY_Xr4,5,219,de_en_la,de en la
lk7HWLeXjS4,5,219,de_en_la,de en la
EFhMcL3Kf1c,0,345,con_to_you,con to you
Cql6TAdpPDU,5,219,de_en_la,de en la
SZ8r5VKtGes,5,219,de_en_la,de en la
KKwxanUOAd4,7,194,que_el_shorts,que el shorts
2gFNJ6_ogzg,7,194,que_el_shorts,que el shorts
Rvy2kXZpBtM,5,219,de_en_la,de en la
RGWm_UCIWnc,5,219,de_en_la,de en la
NoXtR658c_k,0,345,con_to_you,con to you
K9S3YgFZN9Y,0,345,con_to_you,con to you
9rRvmcDpWwA,2,82,the_in_business,the in business
F1gM7N-WXdU,0,345,con_to_you,con to you
fKtG9uPeMCc,5,219,de_en_la,de en la
-CB2CwSPtAQ,0,345,con_to_you,con to you
rQmlUxDeTxE,7,194,que_el_shorts,que el shorts
THMW7bXTog4,0,345,con_to_you,con to you
xhCLLakHBa8,0,345,con_to_you,con to you
shkHigLwBnM,5,219,de_en_la,de en la
-pNi4dh7VFo,5,219,de_en_la,de en la
CdlFyd3WHbg,5,219,de_en_la,de en la
iTOXHp4c1YE,0,345,con_to_you,con to you
QIKiQjEMUjY,4,26,chisme_podcast_chisme_comedia,chisme podcast chisme comedia
2mOqRPcWgMM,3,63,is_this_what,is this what
OgbLx7K5jKI,2,82,the_in_business,the in business
AHyZdLVYJfc,0,345,con_to_you,con to you
ftk4VdOcaj8,7,194,que_el_shorts,que el shorts
dqOmDZPkIF4,5,219,de_en_la,de en la
bfENsVP77VQ,2,82,the_in_business,the in business
x2r3FTy9HHE,2,82,the_in_business,the in business
hXPy19kPego,5,219,de_en_la,de en la
7FYFhOiiMIU,0,345,con_to_you,con to you
kmKuk_TCEvU,5,219,de_en_la,de en la
s23TO2BQBcU,5,219,de_en_la,de en la
CE6tiT3Q6c4,7,194,que_el_shorts,que el shorts
9opMZrn2-zg,0,345,con_to_you,con to you
0VjrLsr61pk,5,219,de_en_la,de en la
kXenRXelpKs,0,345,con_to_you,con to you
LKxIrZFhONI,0,345,con_to_you,con to you
TfojYStTlZE,7,194,que_el_shorts,que el shorts
yy_J5fdELm0,3,63,is_this_what,is this what
21UbB1_pq3o,0,345,con_to_you,con to you
sjbKZ4CY1Ow,2,82,the_in_business,the in business
-X2P40t70LM,7,194,que_el_shorts,que el shorts
s9TcINJc2pw,3,63,is_this_what,is this what
na5Enw8P18A,3,63,is_this_what,is this what
1VSBgPn28zA,0,345,con_to_you,con to you
MK3Lz4fAvZo,5,219,de_en_la,de en la
IldLswg2yAM,0,345,con_to_you,con to you
uSjcVPbJayU,0,345,con_to_you,con to you
wN3O2GSvoWE,0,345,con_to_you,con to you
XXZ2wOom1l0,5,219,de_en_la,de en la
eYDQWSBQ47s,5,219,de_en_la,de en la
nnKkk3CpLes,0,345,con_to_you,con to you
WwEyLRmGU9g,0,345,con_to_you,con to you
tUmd3tWCDKs,3,63,is_this_what,is this what
FbRnMwKmmTA,5,219,de_en_la,de en la
SK7yqZdN3Dg,7,194,que_el_shorts,que el shorts
Y9HJ_U3TdXk,2,82,the_in_business,the in business
yA-SufBCL7g,6,26,higuera_dijo_dijo_esto,higuera dijo dijo esto
3OUrr_2UCYs,0,345,con_to_you,con to you
d0VoQtmw9Eg,5,219,de_en_la,de en la
yIUDe9YH0ac,0,345,con_to_you,con to you
ZhRgnBzcYHQ,5,219,de_en_la,de en la
Aa1qfpfSaVY,2,82,the_in_business,the in business
RCl-cN1Hf-Q,4,26,chisme_podcast_chisme_comedia,chisme podcast chisme comedia
1X8BPKi1kP8,0,345,con_to_you,con to you
nGakcu0V0ZM,3,63,is_this_what,is this what
KztyymfW3Dg,4,26,chisme_podcast_chisme_comedia,chisme podcast chisme comedia
KXpgCNB6Dcs,5,219,de_en_la,de en la
_9bYQ2tvc_s,7,194,que_el_shorts,que el shorts
nHH771Vtkxw,0,345,con_to_you,con to you
GAf7J_t1o8U,5,219,de_en_la,de en la
o8YcWD2ri9U,2,82,the_in_business,the in business
9VyCOVdFpL8,3,63,is_this_what,is this what
fr78adfAnuA,2,82,the_in_business,the in business
YR-4vFbwe18,7,194,que_el_shorts,que el shorts
UgfrzicHc80,0,345,con_to_you,con to you
nH8YRX4Stfs,5,219,de_en_la,de en la
enQeP-ztP5A,5,219,de_en_la,de en la
lB_XJmoBLjw,5,219,de_en_la,de en la
zj0BKLv9r8Y,5,219,de_en_la,de en la
95KqKaDsIAM,0,345,con_to_you,con to you
wnoSOSgBNHk,5,219,de_en_la,de en la
GybLbhXj2Nw,2,82,the_in_business,the in business
KfaPxlvQx1M,4,26,chisme_podcast_chisme_comedia,chisme podcast chisme comedia
XeN7wKfDOPk,3,63,is_this_what,is this what
crrTHKN_R58,0,345,con_to_you,con to you
gPmmDEGCQLg,7,194,que_el_shorts,que el shorts
h9kh7KssnMc,5,219,de_en_la,de en la
OEqMxMEBQQY,0,345,con_to_you,con to you
w_Z0cdu9c9I,0,345,con_to_you,con to you
_FP4gbF0KWY,7,194,que_el_shorts,que el shorts
ByJAH8vTgfw,7,194,que_el_shorts,que el shorts
quCJwkDAx0g,0,345,con_to_you,con to you
vTXoE7BLv9s,5,219,de_en_la,de en la
q1l42BPzbIk,0,345,con_to_you,con to you
sj1y9FDJKCM,2,82,the_in_business,the in business
6UPfq3KETg4,0,345,con_to_you,con to you
XFpBgNMBNNI,2,82,the_in_business,the in business
f2fDaAMvlV4,4,26,chisme_podcast_chisme_comedia,chisme podcast chisme comedia
LDQnGP6iSH4,5,219,de_en_la,de en la
VKaslzzv1QM,5,219,de_en_la,de en la
HyO6rMqRXw0,5,219,de_en_la,de en la
0DB_Qj43O6Q,0,345,con_to_you,con to you
UEBpQgCIFTk,5,219,de_en_la,de en la
3GUtClCifjw,0,345,con_to_you,con to you
UszcZZ1QZho,0,345,con_to_you,con to you
Lnhy0tZ8SUI,0,345,con_to_you,con to you
WEnvorobhEE,0,345,con_to_you,con to you
0elkAIACdFE,7,194,que_el_shorts,que el shorts
LK1OJ-izQfQ,0,345,con_to_you,con to you
qGDMB-PryIU,2,82,the_in_business,the in business
RNUjufFVGXs,7,194,que_el_shorts,que el shorts
krqt6eg3UoI,5,219,de_en_la,de en la
r6AB_e8Rk1I,5,219,de_en_la,de en la
pra3fiwosjU,0,345,con_to_you,con to you
PN8bHAr0f1M,3,63,is_this_what,is this what
oj3-hWAf1uQ,5,219,de_en_la,de en la
N8Bc_M2Ew2E,7,194,que_el_shorts,que el shorts
U14_qm5y38o,5,219,de_en_la,de en la
rk2b7fH_Gcc,5,219,de_en_la,de en la
8Uk97zU2GCg,0,345,con_to_you,con to you
Hf6NC8AzAKo,5,219,de_en_la,de en la
31WQ21L6kE8,2,82,the_in_business,the in business
4IeYytwcpuQ,2,82,the_in_business,the in business
GmTuhpMe1oM,0,345,con_to_you,con to you
NlW_R21cBXs,0,345,con_to_you,con to you
TekYNY3eGC0,5,219,de_en_la,de en la
bFO0uAMPx1g,3,63,is_this_what,is this what
_twN29IEQlc,5,219,de_en_la,de en la
xfMhpaP8QSg,0,345,con_to_you,con to you
IwjPma4PPTM,5,219,de_en_la,de en la
WB1bBLedJQ4,4,26,chisme_podcast_chisme_comedia,chisme podcast chisme comedia
jIj6PuMrDGA,0,345,con_to_you,con to you
VVfMO6SJZLw,5,219,de_en_la,de en la
H_i8nh8uBco,1,23,de_de_este_dejo,de de este dejo
UDiJI3q9wFQ,0,345,con_to_you,con to you
-APimd6TUro,4,26,chisme_podcast_chisme_comedia,chisme podcast chisme comedia
0SSctcuOy0o,5,219,de_en_la,de en la
ND9eyW5Fw0s,2,82,the_in_business,the in business
HeY4a7uDlkg,0,345,con_to_you,con to you
2A0dbP8LJoA,5,219,de_en_la,de en la
Cd5EHfRerGI,2,82,the_in_business,the in business
x3P8Zqux4A4,3,63,is_this_what,is this what
HVPhcOmSMtM,7,194,que_el_shorts,que el shorts
v3JV42WbomE,0,345,con_to_you,con to you
sGEEHGc7eyo,1,23,de_de_este_dejo,de de este dejo
nWfp_X31vqk,7,194,que_el_shorts,que el shorts
yemarhfhVA0,2,82,the_in_business,the in business
qey62i2fvg0,0,345,con_to_you,con to you
ABoKfabPQyY,0,345,con_to_you,con to you
8CpQzf_RYb4,0,345,con_to_you,con to you
nJ0oh5u6YbM,0,345,con_to_you,con to you
ckyeC880OPA,0,345,con_to_you,con to you
IJJbQTVdAtE,2,82,the_in_business,the in business
0EqJD2o-Mnk,2,82,the_in_business,the in business
NM-bwZZoX80,7,194,que_el_shorts,que el shorts
NuoEsHIW5JA,0,345,con_to_you,con to you
k30WHO9_ppU,1,23,de_de_este_dejo,de de este dejo
tQCVAU-fZPA,6,26,higuera_dijo_dijo_esto,higuera dijo dijo esto
rfnB9MhBI44,5,219,de_en_la,de en la
9LsgBjswQZY,0,345,con_to_you,con to you
LPTQADIf6Xk,7,194,que_el_shorts,que el shorts
W4BkgA1P27o,5,219,de_en_la,de en la
1lx0bttCAbs,7,194,que_el_shorts,que el shorts
OWkM5YoEhgM,5,219,de_en_la,de en la
GEXxx3JQmdw,0,345,con_to_you,con to you
waOGddip3Wk,5,219,de_en_la,de en la
uHXjo7DUAAM,0,345,con_to_you,con to you
dVb9vyCwM2s,0,345,con_to_you,con to you
4ZK7Ms4IZ7g,2,82,the_in_business,the in business
H3lUaL6-XQQ,0,345,con_to_you,con to you
ZOPXzlpBVoM,0,345,con_to_you,con to you
Cs1nC8kqS5k,5,219,de_en_la,de en la
yGC0oT995TM,0,345,con_to_you,con to you
2JhSWzxzLXA,0,345,con_to_you,con to you
UxUmboIvArE,5,219,de_en_la,de en la
OuOIrxBXB0M,0,345,con_to_you,con to you
8hN5PF2oXGs,0,345,con_to_you,con to you
wd_xh6gSSOs,0,345,con_to_you,con to you
DerWppSGkmE,7,194,que_el_shorts,que el shorts
YD2iT-SCJb0,5,219,de_en_la,de en la
EZLeWRbCEbA,5,219,de_en_la,de en la
DQiQ30VepbU,0,345,con_to_you,con to you
_dASAu79K0s,2,82,the_in_business,the in business
Ff0AYRWrnGY,2,82,the_in_business,the in business
uvfU2B8b4G4,0,345,con_to_you,con to you
-txFIHA4ez8,5,219,de_en_la,de en la
_SdzVNht_nU,7,194,que_el_shorts,que el shorts
4vHF2qU89Jo,7,194,que_el_shorts,que el shorts
JTtyJPD0ZOw,6,26,higuera_dijo_dijo_esto,higuera dijo dijo esto
3QRWlCFdzyE,6,26,higuera_dijo_dijo_esto,higuera dijo dijo esto
MmtdaRSSUZA,0,345,con_to_you,con to you
51dULrDA8E8,0,345,con_to_you,con to you
iGaMJCi8mAk,5,219,de_en_la,de en la
DB1fSfulSJQ,3,63,is_this_what,is this what
pGGJHrxn1VU,4,26,chisme_podcast_chisme_comedia,chisme podcast chisme comedia
g_7mUw6Xt2E,0,345,con_to_you,con to you
hE1O48iNhBw,5,219,de_en_la,de en la
-0FsgHxwxgQ,5,219,de_en_la,de en la
aqIgIWIc3uw,5,219,de_en_la,de en la
-IhdnUzV64Y,7,194,que_el_shorts,que el shorts
MlSS4ZqvJuA,7,194,que_el_shorts,que el shorts
TUSbI3pqiCM,7,194,que_el_shorts,que el shorts
6XxQMeqG1P4,5,219,de_en_la,de en la
AXvou3mSGQA,0,345,con_to_you,con to you
Nz7vsR3_W3I,7,194,que_el_shorts,que el shorts
HyWpbCUdCr8,1,23,de_de_este_dejo,de de este dejo
fgasMQ6UWPY,5,219,de_en_la,de en la
Xcmg2noBQOw,7,194,que_el_shorts,que el shorts
L8_m7pOI2-A,5,219,de_en_la,de en la
p5zWy46yWxU,0,345,con_to_you,con to you
TOKUlItJpY4,7,194,que_el_shorts,que el shorts
HEW0VJx9iw0,0,345,con_to_you,con to you
xO5diVmgE8Y,0,345,con_to_you,con to you
z-7AhJ55htQ,5,219,de_en_la,de en la
U4gpio58908,0,345,con_to_you,con to you
kLJNcHqVmJA,7,194,que_el_shorts,que el shorts
Fy8H9I2kJkI,3,63,is_this_what,is this what
7IL0scdhgJA,0,345,con_to_you,con to you
_88DyxJqY-4,0,345,con_to_you,con to you
jdrW-vJOD1w,0,345,con_to_you,con to you
lE7rIBv-nV8,2,82,the_in_business,the in business
XjAeQOmdNFU,0,345,con_to_you,con to you
eGmGoahyI-U,0,345,con_to_you,con to you
zyJ1yZwX_tE,0,345,con_to_you,con to you
sqXsMACtso0,7,194,que_el_shorts,que el shorts
CZe8DucT3qA,0,345,con_to_you,con to you
DgX6SMZaC_8,5,219,de_en_la,de en la
cdOcjUyQr8A,0,345,con_to_you,con to you
EXOQ7vN2NXk,7,194,que_el_shorts,que el shorts
NDF3VSFbxAU,0,345,con_to_you,con to you
Jr9Xm5f44NQ,7,194,que_el_shorts,que el shorts
a8LrJMGoVL4,7,194,que_el_shorts,que el shorts
1gyuiKoSc-w,5,219,de_en_la,de en la
DBWMP58IOcw,7,194,que_el_shorts,que el shorts
yzajLZXh9JU,2,82,the_in_business,the in business
pdNaIhcp3z4,5,219,de_en_la,de en la
G9L3zK57X6Y,7,194,que_el_shorts,que el shorts
nbHMeopNtDg,3,63,is_this_what,is this what
-6t20SnbOyc,7,194,que_el_shorts,que el shorts
GMXWOLJHnJc,2,82,the_in_business,the in business
sncgYGQt1T8,5,219,de_en_la,de en la
n1G2FQ0UEqc,7,194,que_el_shorts,que el shorts
s2NSwy8xraQ,0,345,con_to_you,con to you
lWj_3TE2UsE,0,345,con_to_you,con to you
B2ag364pRgQ,0,345,con_to_you,con to you
OkuWh46I4m4,0,345,con_to_you,con to you
jcfifYFAdpM,5,219,de_en_la,de en la
fpkC4nn2D60,5,219,de_en_la,de en la
Ju0usucry_g,7,194,que_el_shorts,que el shorts
j584RpaMrDg,1,23,de_de_este_dejo,de de este dejo
67JREKwyixk,1,23,de_de_este_dejo,de de este dejo
DHk0gFHyHeE,5,219,de_en_la,de en la
lWQY5zccbQs,2,82,the_in_business,the in business
6dfxL42fP0c,7,194,que_el_shorts,que el shorts
uWOLkr7S47A,3,63,is_this_what,is this what
e7IyFScAa-Q,5,219,de_en_la,de en la
B18aH00d8oE,0,345,con_to_you,con to you
BnAKfe0qGbE,5,219,de_en_la,de en la
bouvNyq8xCY,0,345,con_to_you,con to you
5fKeNMp7F6s,2,82,the_in_business,the in business
4uRgDr5maYo,0,345,con_to_you,con to you
shgZ8WYcC6k,0,345,con_to_you,con to you
dYJM9jmLBzY,0,345,con_to_you,con to you
3W1KfxQnQiU,7,194,que_el_shorts,que el shorts
J9p4GMskefU,0,345,con_to_you,con to you
QDZUOBnmf4Q,0,345,con_to_you,con to you
cnCEUFzWspI,2,82,the_in_business,the in business
myMj_ZfZ_xI,2,82,the_in_business,the in business
8erUsIGULKc,7,194,que_el_shorts,que el shorts
lvw8Fe5wcBo,7,194,que_el_shorts,que el shorts
5ymn2oV1Zls,5,219,de_en_la,de en la
9QKOkpu78CQ,7,194,que_el_shorts,que el shorts
La4ogJrxI0g,0,345,con_to_you,con to you
yXl7MRLoxrM,0,345,con_to_you,con to you
6-PunI-5Ts4,7,194,que_el_shorts,que el shorts
LkRVMOzUypo,2,82,the_in_business,the in business
-Ap6qWvqk0I,5,219,de_en_la,de en la
SvLaz6y-mhs,5,219,de_en_la,de en la
Xbang1Y_jbA,4,26,chisme_podcast_chisme_comedia,chisme podcast chisme comedia
94PJFiyaSrs,7,194,que_el_shorts,que el shorts
Hs6RxFMX1i4,0,345,con_to_you,con to you
AVyYMXc_t9s,5,219,de_en_la,de en la
u7sbQBw3X3g,4,26,chisme_podcast_chisme_comedia,chisme podcast chisme comedia
Wz8CxWdCHC0,0,345,con_to_you,con to you
rhVEOqNhjKo,0,345,con_to_you,con to you
RPePcFJDNds,5,219,de_en_la,de en la
M_FKC2NTb24,5,219,de_en_la,de en la
rYKQ0Ukxe6k,5,219,de_en_la,de en la
AxM96v9ZCzI,5,219,de_en_la,de en la
X9fGa-F_ars,0,345,con_to_you,con to you
GfSGy5C1OIA,7,194,que_el_shorts,que el shorts
664cs6FZEZo,3,63,is_this_what,is this what
Nq-c06vj5PM,7,194,que_el_shorts,que el shorts
yaBzATxyEYs,5,219,de_en_la,de en la
-5kkpHpexIA,4,26,chisme_podcast_chisme_comedia,chisme podcast chisme comedia
wZBBnciTACo,5,219,de_en_la,de en la
0IGNbK4bbXA,0,345,con_to_you,con to you
L7fVqlOzegQ,5,219,de_en_la,de en la
Q4zggacUY6E,7,194,que_el_shorts,que el shorts
l1-D1s67YU4,0,345,con_to_you,con to you
pVXm6lt1F7w,7,194,que_el_shorts,que el shorts
XX7hskkX1AA,7,194,que_el_shorts,que el shorts
stk7f11pyr8,1,23,de_de_este_dejo,de de este dejo
XV4eV0wnx-c,2,82,the_in_business,the in business
mT-7tbs7rVw,7,194,que_el_shorts,que el shorts
5ov8sBSV-pc,0,345,con_to_you,con to you
EvauKuWaNmk,0,345,con_to_you,con to you
CzIJ566XexE,0,345,con_to_you,con to you
TLdMXZSABH8,5,219,de_en_la,de en la
AU6gGMDF7ts,0,345,con_to_you,con to you
LQd65ctML6o,7,194,que_el_shorts,que el shorts
fQK8Lx-oRIU,5,219,de_en_la,de en la
5Z4z2oEoxw8,7,194,que_el_shorts,que el shorts
K38w2QlgHPQ,7,194,que_el_shorts,que el shorts
SY53rwqE2i0,0,345,con_to_you,con to you
lkM12v2VZyE,7,194,que_el_shorts,que el shorts
ZjtJALByo70,0,345,con_to_you,con to you
Um1DSnUqmko,1,23,de_de_este_dejo,de de este dejo
QSe13hyv68o,5,219,de_en_la,de en la
YY99Gla0v4E,7,194,que_el_shorts,que el shorts
OkVrrVAG9yg,7,194,que_el_shorts,que el shorts
-wkZoxeFIpM,5,219,de_en_la,de en la
tXgFifuwvno,7,194,que_el_shorts,que el shorts
MbX7gs6huVE,7,194,que_el_shorts,que el shorts
87jnYKGVetM,3,63,is_this_what,is this what
2FFoc89SAj0,0,345,con_to_you,con to you
-JTeDTLElVg,4,26,chisme_podcast_chisme_comedia,chisme podcast chisme comedia
iq599kyAjVA,3,63,is_this_what,is this what
NkWtrW-9GDY,7,194,que_el_shorts,que el shorts
_O6ICkmg1Zg,0,345,con_to_you,con to you
KppJdbUvqp8,7,194,que_el_shorts,que el shorts
5zwotvZ1rl0,2,82,the_in_business,the in business
I-rogofBX8c,0,345,con_to_you,con to you
Zu3g28TTetU,5,219,de_en_la,de en la
01NMf5-J_P4,0,345,con_to_you,con to you
_BhjwaNE8mc,5,219,de_en_la,de en la
QLnHGjCD-Vw,7,194,que_el_shorts,que el shorts
S3JuEF7RQ5k,5,219,de_en_la,de en la
7PY7jbupwSg,7,194,que_el_shorts,que el shorts
gtdao7DVsBo,0,345,con_to_you,con to you
MSl5mD3E7PE,7,194,que_el_shorts,que el shorts
oIr5NyY01EQ,7,194,que_el_shorts,que el shorts
Xf_v62TQOx4,0,345,con_to_you,con to you
NAooB35YkHA,5,219,de_en_la,de en la
MX1a5garnwc,0,345,con_to_you,con to you
UQXupr6-Wmg,2,82,the_in_business,the in business
ys1zQyiLrMc,4,26,chisme_podcast_chisme_comedia,chisme podcast chisme comedia
siKdeoxrxIA,0,345,con_to_you,con to you
RtCDqPRlu48,0,345,con_to_you,con to you
T34ygnCahZc,5,219,de_en_la,de en la
oXKkhajzwgE,0,345,con_to_you,con to you
tA9L9aV6gXY,6,26,higuera_dijo_dijo_esto,higuera dijo dijo esto
XzkJ2WrHR2c,7,194,que_el_shorts,que el shorts
xAJcbx5h6wE,7,194,que_el_shorts,que el shorts
dG7UGA71QJU,5,219,de_en_la,de en la
1t2Yd_bmg_k,6,26,higuera_dijo_dijo_esto,higuera dijo dijo esto
k0ZYVWoVWAc,0,345,con_to_you,con to you
f1rK6WfCjCQ,2,82,the_in_business,the in business
n16KlvFN28c,0,345,con_to_you,con to you
Qf1PdYlk_9A,7,194,que_el_shorts,que el shorts
y3HkZSayX2s,0,345,con_to_you,con to you
_BHe9R7pYNw,7,194,que_el_shorts,que el shorts
qsJSGpOs5q4,6,26,higuera_dijo_dijo_esto,higuera dijo dijo esto
eEfZlpKPAIU,0,345,con_to_you,con to you
x0HFad-M2iE,5,219,de_en_la,de en la
DWt3zfqtI6g,0,345,con_to_you,con to you
hCNT8hK1T98,7,194,que_el_shorts,que el shorts
Qyf99inRvDE,5,219,de_en_la,de en la
v8z-clVwRxM,7,194,que_el_shorts,que el shorts
UWRxdKxuOb8,6,26,higuera_dijo_dijo_esto,higuera dijo dijo esto
A83vXatD6sY,1,23,de_de_este_dejo,de de este dejo
6AKlPLtjBR8,0,345,con_to_you,con to you
R1iBWKeX42I,7,194,que_el_shorts,que el shorts
UN6X2Jj-qrQ,0,345,con_to_you,con to you
IQZiAOokKXo,3,63,is_this_what,is this what
sa3zzPEnz_4,0,345,con_to_you,con to you
EnLpF9i3I4I,0,345,con_to_you,con to you
0ShXZN7aHqA,5,219,de_en_la,de en la
0GmokuFXa_o,7,194,que_el_shorts,que el shorts
61fk5yAs7Jw,4,26,chisme_podcast_chisme_comedia,chisme podcast chisme comedia
wB2Kb0MiyAc,4,26,chisme_podcast_chisme_comedia,chisme podcast chisme comedia
MK-6-YuFzC4,7,194,que_el_shorts,que el shorts
jjSaUeqJi4s,5,219,de_en_la,de en la
1a5xOhqvm-I,2,82,the_in_business,the in business
KKq5yX8mrw0,0,345,con_to_you,con to you
ERxzxl6fXbw,0,345,con_to_you,con to you
MnlZeYcfowk,7,194,que_el_shorts,que el shorts
zSPnVUpVwj8,7,194,que_el_shorts,que el shorts
eYZUzUEUsjo,7,194,que_el_shorts,que el shorts
Xy09nfcwZ3E,4,26,chisme_podcast_chisme_comedia,chisme podcast chisme comedia
TeheJAFWwYs,7,194,que_el_shorts,que el shorts
ZgcrZ8qm0-w,7,194,que_el_shorts,que el shorts
au_CNv7ZBS4,0,345,con_to_you,con to you
9361MUAmA24,0,345,con_to_you,con to you
gS87TtB9nk4,2,82,the_in_business,the in business
uZ6Nbwp8GtU,5,219,de_en_la,de en la
aYH-DvGfEVU,0,345,con_to_you,con to you
OPDzJP8iWLo,7,194,que_el_shorts,que el shorts
VREVC0wXPfs,3,63,is_this_what,is this what
nOR-IY0SnEY,0,345,con_to_you,con to you
kkQDCTCcgC0,4,26,chisme_podcast_chisme_comedia,chisme podcast chisme comedia
7vdW8a6jEfw,3,63,is_this_what,is this what
iaT6-gjxQbo,0,345,con_to_you,con to you
1HWpBvWbexU,0,345,con_to_you,con to you
-OmU9HqUNZ0,7,194,que_el_shorts,que el shorts
kp1dLUox9_Y,7,194,que_el_shorts,que el shorts
7m9uIc31Egw,7,194,que_el_shorts,que el shorts
XAQ275WwWnw,2,82,the_in_business,the in business
CF4oRpaLSqw,5,219,de_en_la,de en la
SK8tkpErsm8,7,194,que_el_shorts,que el shorts
03uRM4Uz5t8,7,194,que_el_shorts,que el shorts
2FdfXwODkr4,7,194,que_el_shorts,que el shorts
iS1jGgfO9Z0,1,23,de_de_este_dejo,de de este dejo
ZB9IMq0ee0k,0,345,con_to_you,con to you
-ZL_mpjxaUo,7,194,que_el_shorts,que el shorts
QduEFho6dLg,5,219,de_en_la,de en la
wJwQm_aqC8U,0,345,con_to_you,con to you
bM3ojc2bhdA,7,194,que_el_shorts,que el shorts
fHes8kAGJHs,0,345,con_to_you,con to you
MdYM6kw372Q,7,194,que_el_shorts,que el shorts
0YCyZKuGPmA,0,345,con_to_you,con to you
XyFrfcsbDGY,5,219,de_en_la,de en la
oOLYgK6RqS4,0,345,con_to_you,con to you
tg0LuGGeOPA,5,219,de_en_la,de en la
AxHTi--S-sU,5,219,de_en_la,de en la
1c8cpHNlIb8,7,194,que_el_shorts,que el shorts
G-i7hiu_yPU,7,194,que_el_shorts,que el shorts
0dwlHNDdn2s,0,345,con_to_you,con to you
HOwVuamQvTc,7,194,que_el_shorts,que el shorts
uay_qpfTJOE,7,194,que_el_shorts,que el shorts
s47EWzAbZL4,0,345,con_to_you,con to you
FzdGk0ceLCA,7,194,que_el_shorts,que el shorts
H5KmfCor3mc,0,345,con_to_you,con to you
aFvAFWzCwF8,7,194,que_el_shorts,que el shorts
Tu8OUN2WuyU,5,219,de_en_la,de en la
FpwEaued1Hc,3,63,is_this_what,is this what
YfEz4a39qS0,7,194,que_el_shorts,que el shorts
pVwkpXd5PCA,0,345,con_to_you,con to you
Vd3Pkc0YGrM,0,345,con_to_you,con to you
IBBboS2nK3c,1,23,de_de_este_dejo,de de este dejo
Mxv60XerzG4,6,26,higuera_dijo_dijo_esto,higuera dijo dijo esto
RVu1kgj-miw,0,345,con_to_you,con to you
XoY4BiK1WW8,7,194,que_el_shorts,que el shorts
3skIuC1lP00,0,345,con_to_you,con to you
SYdW3cZKdmY,0,345,con_to_you,con to you
h_G5spN1nJk,7,194,que_el_shorts,que el shorts
PCAPjDDY-h4,5,219,de_en_la,de en la
ieJE93iObcI,7,194,que_el_shorts,que el shorts
raie7EtagZk,7,194,que_el_shorts,que el shorts
vrW0swCG3Kg,3,63,is_this_what,is this what
R6VQrYkJf74,0,345,con_to_you,con to you
evVs-Jtor50,0,345,con_to_you,con to you
sQoa8y7eN-8,5,219,de_en_la,de en la
0moz0GJcIHg,0,345,con_to_you,con to you
QCcQpkBhOvI,0,345,con_to_you,con to you
AYIqxqyY-es,0,345,con_to_you,con to you
6q2ptE-BXIc,0,345,con_to_you,con to you
D3h2gmgCBFg,1,23,de_de_este_dejo,de de este dejo
yawQxLw0K08,7,194,que_el_shorts,que el shorts
nLlqkXdlNsM,7,194,que_el_shorts,que el shorts
9dIy1d0jmXw,0,345,con_to_you,con to you
vd8fb3noIgY,6,26,higuera_dijo_dijo_esto,higuera dijo dijo esto
rXs8JlFIS-U,6,26,higuera_dijo_dijo_esto,higuera dijo dijo esto
seu69-hMmGw,0,345,con_to_you,con to you
AMpe2jD0lZw,5,219,de_en_la,de en la
UPYFbiBv8H4,0,345,con_to_you,con to you
96k8OXI58Ko,5,219,de_en_la,de en la
pqIZk9qrBEM,7,194,que_el_shorts,que el shorts
xL5gZGVPjnQ,0,345,con_to_you,con to you
M_iusAv-K8Y,0,345,con_to_you,con to you
jq7ocNZXg_s,3,63,is_this_what,is this what
rg1PhRvmFXk,7,194,que_el_shorts,que el shorts
ax0ogeQpq3E,5,219,de_en_la,de en la
HgD5P0gQxOk,0,345,con_to_you,con to you
6q8iEtd0IGE,0,345,con_to_you,con to you
Zqmsoqo2fJs,0,345,con_to_you,con to you
UkbeRKmr5kM,5,219,de_en_la,de en la
ITT9xWeicWM,0,345,con_to_you,con to you
tveRHTJJyy8,3,63,is_this_what,is this what
_QHAqfILwPk,5,219,de_en_la,de en la
Dic-fJdWqhY,0,345,con_to_you,con to you
i7eGzJCQ1Yg,5,219,de_en_la,de en la
f7fbvRa4eJE,3,63,is_this_what,is this what
TpncXdKNLTQ,7,194,que_el_shorts,que el shorts
wR8P970sqH8,0,345,con_to_you,con to you
Wj8owIKaQKQ,0,345,con_to_you,con to you
FfMFahO2VE4,3,63,is_this_what,is this what
mPbb2Gk3fr4,2,82,the_in_business,the in business
xUWqMdypNsM,7,194,que_el_shorts,que el shorts
6Np0FPnWdMs,0,345,con_to_you,con to you
4RmcHqjzw-A,5,219,de_en_la,de en la
0xTKuxdSrRI,5,219,de_en_la,de en la
rzHYdFYDjcQ,4,26,chisme_podcast_chisme_comedia,chisme podcast chisme comedia
hrIY-clbdg8,3,63,is_this_what,is this what
VvBy9AkhR2w,5,219,de_en_la,de en la
-8Xee3Y4Yeg,7,194,que_el_shorts,que el shorts
40kncAedwjs,7,194,que_el_shorts,que el shorts
1WQetpMA8-k,5,219,de_en_la,de en la
uAOfsghz2NY,1,23,de_de_este_dejo,de de este dejo
sujVZ7316qo,0,345,con_to_you,con to you
zzsUsCRoGcI,5,219,de_en_la,de en la
X8ekpP_cQa8,0,345,con_to_you,con to you
FHeTJmwxo5s,7,194,que_el_shorts,que el shorts
7u0DJM1SNPs,0,345,con_to_you,con to you
qCFEWA_Nu3k,0,345,con_to_you,con to you
ra8QknbAJs4,7,194,que_el_shorts,que el shorts
HZ2uROlnuEg,5,219,de_en_la,de en la
7y8W9bita7o,5,219,de_en_la,de en la
H1fy1Brpa3Q,5,219,de_en_la,de en la
E6IrH04B8wg,0,345,con_to_you,con to you
MCnA_GAeAfg,5,219,de_en_la,de en la
vm8Yn0BN-TQ,5,219,de_en_la,de en la
FdFgh2vQp8I,7,194,que_el_shorts,que el shorts
dINRvKoLQ-c,6,26,higuera_dijo_dijo_esto,higuera dijo dijo esto
oYu0ZgihU8Q,0,345,con_to_you,con to you
pe_HkAV9yJM,7,194,que_el_shorts,que el shorts
qGa8y4tPUkc,5,219,de_en_la,de en la
oeymdn1d4qg,5,219,de_en_la,de en la
Z0uWs_W9S1A,2,82,the_in_business,the in business
DykSRxbFZZo,0,345,con_to_you,con to you
N14hiQw7Wdk,5,219,de_en_la,de en la
E7PxcFm-Xs8,2,82,the_in_business,the in business
nxCFXdIgxmw,0,345,con_to_you,con to you
8MhnMHlXk7Q,0,345,con_to_you,con to you
PQOKPfU-zIs,5,219,de_en_la,de en la
Z-xAO96GQtU,7,194,que_el_shorts,que el shorts
HnafDG2aj1I,3,63,is_this_what,is this what
qO9602XOIfY,7,194,que_el_shorts,que el shorts
SHPKe7pGqMk,7,194,que_el_shorts,que el shorts
zEUstENVghI,1,23,de_de_este_dejo,de de este dejo
lYpHv3Tg0Vg,5,219,de_en_la,de en la
gGvkfd-LiKA,0,345,con_to_you,con to you
5cynqLNd1gA,0,345,con_to_you,con to you
5BbGrGFI2gQ,0,345,con_to_you,con to you
vcL1MMmXeO8,0,345,con_to_you,con to you
CZtseHx5dAM,0,345,con_to_you,con to you
woNfdYrmVGw,7,194,que_el_shorts,que el shorts
9T90MfOpaZY,0,345,con_to_you,con to you
F4ZxeuNDoUw,0,345,con_to_you,con to you
FOyH5MIRyD4,6,26,higuera_dijo_dijo_esto,higuera dijo dijo esto
5jOtf3OIgHg,7,194,que_el_shorts,que el shorts
7Ocx3WwDK_c,0,345,con_to_you,con to you
w9LJSjmwufQ,5,219,de_en_la,de en la
EJfh57hfc_E,6,26,higuera_dijo_dijo_esto,higuera dijo dijo esto
_XyunBBcVXY,5,219,de_en_la,de en la
RBz3O-4xBYE,6,26,higuera_dijo_dijo_esto,higuera dijo dijo esto
PfdNPN9Jv6s,6,26,higuera_dijo_dijo_esto,higuera dijo dijo esto
yqwGsf5XVkI,0,345,con_to_you,con to you
Bv4wqAVZ6Ps,0,345,con_to_you,con to you
g47pe7T6-KE,2,82,the_in_business,the in business
VszurX3VCPE,5,219,de_en_la,de en la
Q9qmcTjw89Q,0,345,con_to_you,con to you
FjxyqtLuh_M,5,219,de_en_la,de en la
TSAh8dzN0cw,1,23,de_de_este_dejo,de de este dejo
UacKz43AiDQ,7,194,que_el_shorts,que el shorts
9R7IaubJFhA,0,345,con_to_you,con to you
g8NWmUdMh_E,0,345,con_to_you,con to you
erf6YdpSakA,5,219,de_en_la,de en la
X5MyBjZ8Jgw,6,26,higuera_dijo_dijo_esto,higuera dijo dijo esto
5Tsi4Beca6g,5,219,de_en_la,de en la
ZrTIAjdcBGM,5,219,de_en_la,de en la
7A5KHuRU8BE,7,194,que_el_shorts,que el shorts
gaOZZ1TYILU,5,219,de_en_la,de en la
nZlhHf8vSbU,0,345,con_to_you,con to you
LikC_lxkVEg,7,194,que_el_shorts,que el shorts
cxBZkkzJcpw,0,345,con_to_you,con to you
-bFkzPRxH4w,7,194,que_el_shorts,que el shorts
9Ke8dmefEqo,7,194,que_el_shorts,que el shorts
HyTkdC8bhCg,0,345,con_to_you,con to you
BwIlVEvq7mU,5,219,de_en_la,de en la
6cUe6qrXxJU,0,345,con_to_you,con to you
RNi5EAKHQ_I,5,219,de_en_la,de en la
xpf49h0tGvI,7,194,que_el_shorts,que el shorts
PiKd0maLI6o,1,23,de_de_este_dejo,de de este dejo
sPHe-L95K0o,0,345,con_to_you,con to you
NLrfMQ0dqpQ,5,219,de_en_la,de en la
mbtA5CBh5qk,5,219,de_en_la,de en la
aNfOwttNQcg,1,23,de_de_este_dejo,de de este dejo
SxYWhC51qFo,6,26,higuera_dijo_dijo_esto,higuera dijo dijo esto
kLhNERKdwd4,0,345,con_to_you,con to you
pS5AOr4B7hg,5,219,de_en_la,de en la
PMX-urJB7uw,5,219,de_en_la,de en la
tysrC1PivVE,7,194,que_el_shorts,que el shorts
lrl7lslhv2s,1,23,de_de_este_dejo,de de este dejo
C9V8L2emj9M,0,345,con_to_you,con to you
tLlucpJbi5E,5,219,de_en_la,de en la
_EHKT75Ir0g,4,26,chisme_podcast_chisme_comedia,chisme podcast chisme comedia
KW2YQ1C0ECs,5,219,de_en_la,de en la
8mnzaIML2AM,7,194,que_el_shorts,que el shorts
-tzJJPnAenI,5,219,de_en_la,de en la
kLZUfQUWNNw,5,219,de_en_la,de en la
GZ9itUCDrac,5,219,de_en_la,de en la
QeK4l-iH51Y,5,219,de_en_la,de en la
W1js1spTUPs,5,219,de_en_la,de en la
ZVnXmeZZDw0,0,345,con_to_you,con to you
kyojR7HQsVs,7,194,que_el_shorts,que el shorts
2Ylfj8r_-V8,7,194,que_el_shorts,que el shorts
saLXbA_OCkE,5,219,de_en_la,de en la
6_o0OElprPo,0,345,con_to_you,con to you
Xq-4lUaLIp8,7,194,que_el_shorts,que el shorts
h5Snd8uqih8,5,219,de_en_la,de en la
YY3pLnSX1W4,7,194,que_el_shorts,que el shorts
jKwIvjb9kgM,0,345,con_to_you,con to you
8ImVuaOhTf4,6,26,higuera_dijo_dijo_esto,higuera dijo dijo esto
jr8lgZvzA34,0,345,con_to_you,con to you
PZ2yduZysf0,1,23,de_de_este_dejo,de de este dejo
q__FKs64J28,5,219,de_en_la,de en la
TlwFNKM1OyA,7,194,que_el_shorts,que el shorts
Ux-bi7bqrUU,7,194,que_el_shorts,que el shorts
rbbMgCB90fk,7,194,que_el_shorts,que el shorts
Lw3RJgDjXh0,1,23,de_de_este_dejo,de de este dejo
F1D4G7VTBnY,7,194,que_el_shorts,que el shorts
weyrpnOTB-A,0,345,con_to_you,con to you
2F50vE7VUIw,4,26,chisme_podcast_chisme_comedia,chisme podcast chisme comedia
rWwPAnF8Qeo,5,219,de_en_la,de en la
Rdfd1KAX6NU,1,23,de_de_este_dejo,de de este dejo
SrN39dykl7A,7,194,que_el_shorts,que el shorts
TCGbMJYgaYA,0,345,con_to_you,con to you
bGis_LtFRRo,4,26,chisme_podcast_chisme_comedia,chisme podcast chisme comedia
qC_5K9u8nY4,4,26,chisme_podcast_chisme_comedia,chisme podcast chisme comedia
OHGtOI47r4M,7,194,que_el_shorts,que el shorts
mTqDtRTKvqE,1,23,de_de_este_dejo,de de este dejo
YldxYShWvGE,0,345,con_to_you,con to you
bjFyP8D_XvM,5,219,de_en_la,de en la
rzqgWnJPamU,0,345,con_to_you,con to you
uOGqRV25LOc,5,219,de_en_la,de en la
m8mdQGF-Pmw,6,26,higuera_dijo_dijo_esto,higuera dijo dijo esto
eoXIFY2GZTw,7,194,que_el_shorts,que el shorts
tqD_yn5Y_zQ,7,194,que_el_shorts,que el shorts
uHx1N_qFfTw,7,194,que_el_shorts,que el shorts
xSS2WTAglww,7,194,que_el_shorts,que el shorts
WSSQ8mtQicE,4,26,chisme_podcast_chisme_comedia,chisme podcast chisme comedia
fIZkXHaOuvY,7,194,que_el_shorts,que el shorts
t3oZncJYgwE,7,194,que_el_shorts,que el shorts
ymxpml7CipE,0,345,con_to_you,con to you
hx45I5QyAFw,7,194,que_el_shorts,que el shorts
dA8XrnlFY5w,5,219,de_en_la,de en la
IiPyKNs5dtg,5,219,de_en_la,de en la
i6WQdQsE0kc,0,345,con_to_you,con to you
2Z1aJVGA1-M,0,345,con_to_you,con to you
vaEGXlhFrJQ,5,219,de_en_la,de en la
WBBOTxvDook,7,194,que_el_shorts,que el shorts
Jlw306k4Sv0,7,194,que_el_shorts,que el shorts
GQtuLY1Qs1Q,5,219,de_en_la,de en la
cRKwXRLqKQM,5,219,de_en_la,de en la
wm1qu3D9-ho,7,194,que_el_shorts,que el shorts
pgFxsauDXjc,5,219,de_en_la,de en la
YNW_D7b60I4,5,219,de_en_la,de en la
XvLttG6zZck,7,194,que_el_shorts,que el shorts
TAJkbsNrZuM,0,345,con_to_you,con to you
Enic64S66_s,1,23,de_de_este_dejo,de de este dejo
5qoKwHygsy8,7,194,que_el_shorts,que el shorts
YPM2Fep2P3A,7,194,que_el_shorts,que el shorts
uJzhn5czGL4,7,194,que_el_shorts,que el shorts
8XfsycyMf48,5,219,de_en_la,de en la
3wJvtiigDcg,7,194,que_el_shorts,que el shorts
vyUuhcDRcf4,6,26,higuera_dijo_dijo_esto,higuera dijo dijo esto
MOpYEt-XfaU,5,219,de_en_la,de en la
wFTojQEC2eE,5,219,de_en_la,de en la
l8F9Omk197E,0,345,con_to_you,con to you
ppy-SwlSnEo,7,194,que_el_shorts,que el shorts
IkNEALHWXUo,5,219,de_en_la,de en la
4NHnN9EmDk0,5,219,de_en_la,de en la
izQP0WI1i9A,5,219,de_en_la,de en la
50Esq3fgXzA,5,219,de_en_la,de en la
FR04V2DkErI,7,194,que_el_shorts,que el shorts
FAerQflosns,0,345,con_to_you,con to you
BYv6i1MhiRA,7,194,que_el_shorts,que el shorts
kFVzax1iFW8,5,219,de_en_la,de en la
AWWSm291p7c,7,194,que_el_shorts,que el shorts
-rDMPyp2tvQ,0,345,con_to_you,con to you
2q62qBqugJE,0,345,con_to_you,con to you
d4AaggbJACU,0,345,con_to_you,con to you
5DilrEUdYnY,0,345,con_to_you,con to you
u03PlL13QDw,5,219,de_en_la,de en la
dUo1R8tp6zQ,5,219,de_en_la,de en la
Tx6waClZSYM,7,194,que_el_shorts,que el shorts
VsjETURd7No,5,219,de_en_la,de en la
vW1rzDI4KhM,6,26,higuera_dijo_dijo_esto,higuera dijo dijo esto
I66LDF9iWts,7,194,que_el_shorts,que el shorts
0O8CF6F7CVs,5,219,de_en_la,de en la
V4tlvp9IP_8,5,219,de_en_la,de en la
dCJJcNtrNjo,0,345,con_to_you,con to you
WVEngsk1RuQ,7,194,que_el_shorts,que el shorts
SZLTZDoVcfA,0,345,con_to_you,con to you
5aR4agCS1OM,0,345,con_to_you,con to you
G1xuyxMOUNM,5,219,de_en_la,de en la
sZoT8IoDJTU,0,345,con_to_you,con to you
wlOrP9Q1akA,7,194,que_el_shorts,que el shorts
Mm2C9CRyDxY,5,219,de_en_la,de en la
wvJLjIR3nRI,0,345,con_to_you,con to you
nIrSjC_gsk8,5,219,de_en_la,de en la
IaUn-c8Lxss,0,345,con_to_you,con to you
DYhg0nWZ1UQ,7,194,que_el_shorts,que el shorts
uoRmXpQseH8,0,345,con_to_you,con to you
-lSM97fApgQ,0,345,con_to_you,con to you
1sofoaFEV58,0,345,con_to_you,con to you
Gr6qcQdzDfw,5,219,de_en_la,de en la
2AOH5hgKzpU,5,219,de_en_la,de en la
IAn3Wu2BdyY,5,219,de_en_la,de en la
i6wL2IzuW7s,7,194,que_el_shorts,que el shorts
sXV44nHGfAA,0,345,con_to_you,con to you
OEtIq4tR1rA,3,63,is_this_what,is this what
MpPS5I1pJD8,0,345,con_to_you,con to you
7NeECqsR_u4,3,63,is_this_what,is this what
JuRjZqzpP0g,2,82,the_in_business,the in business
4yDM3ZFcQm4,2,82,the_in_business,the in business
3fsJFUvA6Ts,2,82,the_in_business,the in business
XNDiFY5vIk0,3,63,is_this_what,is this what
iK6HT02LYX4,0,345,con_to_you,con to you
A2O_CSDImRs,3,63,is_this_what,is this what
n2T6AOoUkOM,3,63,is_this_what,is this what
MOrBFf1DVvs,3,63,is_this_what,is this what
WFOEVVlOH8s,7,194,que_el_shorts,que el shorts
IrefshwOoX8,7,194,que_el_shorts,que el shorts
Cyfs-ngasus,5,219,de_en_la,de en la
dIwCndpKuSE,0,345,con_to_you,con to you
f0ukpT07u2c,7,194,que_el_shorts,que el shorts
e5jQUYrRPRk,0,345,con_to_you,con to you
Xshu2lM5PZE,0,345,con_to_you,con to you
WynveK8qJx4,7,194,que_el_shorts,que el shorts
iPg5fXvAqqo,6,26,higuera_dijo_dijo_esto,higuera dijo dijo esto
N9drBPpPZFI,7,194,que_el_shorts,que el shorts
rr8ZpzHcZJc,7,194,que_el_shorts,que el shorts
nrIEhoSCOg8,6,26,higuera_dijo_dijo_esto,higuera dijo dijo esto
b-NJDpglmeM,6,26,higuera_dijo_dijo_esto,higuera dijo dijo esto
V2d9YyBmeUk,7,194,que_el_shorts,que el shorts
qf_JlCrcPy0,5,219,de_en_la,de en la
DB302vKJ2Go,0,345,con_to_you,con to you
f9AFrDB-73g,7,194,que_el_shorts,que el shorts
mK3xENFCGnI,5,219,de_en_la,de en la
4s9LuOSR3Q4,3,63,is_this_what,is this what
1baBzd1XPkU,0,345,con_to_you,con to you
jCyhEO3h-Ik,0,345,con_to_you,con to you
UtXLbVdM7wk,5,219,de_en_la,de en la
0lt4j7GTtGU,5,219,de_en_la,de en la
40-68Uco_u0,5,219,de_en_la,de en la
o39vHtwxPRg,4,26,chisme_podcast_chisme_comedia,chisme podcast chisme comedia
WeAhvFYojh0,5,219,de_en_la,de en la
ywEV7NQlO1Y,5,219,de_en_la,de en la
2r0m4TsyIxs,0,345,con_to_you,con to you
zuzydZz-cmo,0,345,con_to_you,con to you
C4OiZ15VTxw,5,219,de_en_la,de en la
VITWpByrMdw,7,194,que_el_shorts,que el shorts
tpay1lEGZ7g,7,194,que_el_shorts,que el shorts
Gmfpq60LbVQ,0,345,con_to_you,con to you
R-klQGp_308,0,345,con_to_you,con to you
8--Bq5oEsZ8,0,345,con_to_you,con to you
fuxYQrqkfns,0,345,con_to_you,con to you
MYHiaHDLDB8,0,345,con_to_you,con to you
g-7nUex4nVg,5,219,de_en_la,de en la
tPuup43tbgA,7,194,que_el_shorts,que el shorts
vMnp3ptycik,5,219,de_en_la,de en la
81RBVN6P9cM,3,63,is_this_what,is this what
P1DSZNhApJA,0,345,con_to_you,con to you
5LJ1cxjQhyE,2,82,the_in_business,the in business
qxj4Sr5Cm24,0,345,con_to_you,con to you
t9_dqoKfqLo,0,345,con_to_you,con to you
