creative_package_id,outline_id,structure_type,intro,section_1,section_2,section_3,closing,cta
cp_1_06d8120cc3,cp_1_06d8120cc3_o1,compare_options,Por qué tema clave importa ahora,Contexto y señal principal,Interpretación para audiencia objetivo,Plan de ejecución inmediato,Riesgos y próximos pasos,Comenta qué ángulo quieres profundizar
cp_2_3e69a623fb,cp_2_3e69a623fb_o1,compare_options,Por qué tema clave importa ahora,Contexto y señal principal,Interpretación para audiencia objetivo,Plan de ejecución inmediato,Riesgos y próximos pasos,Comenta qué ángulo quieres profundizar
cp_3_1922eb90f3,cp_3_1922eb90f3_o1,compare_options,Por qué tema clave importa ahora,Contexto y señal principal,Interpretación para audiencia objetivo,Plan de ejecución inmediato,Riesgos y próximos pasos,Comenta qué ángulo quieres profundizar
cp_4_8e1592e707,cp_4_8e1592e707_o1,compare_options,Por qué tema clave importa ahora,Contexto y señal principal,Interpretación para audiencia objetivo,Plan de ejecución inmediato,Riesgos y próximos pasos,Comenta qué ángulo quieres profundizar
cp_5_32822ceefd,cp_5_32822ceefd_o1,explain_problem_solution,Por qué tema clave importa ahora,Contexto y señal principal,Interpretación para audiencia objetivo,Plan de ejecución inmediato,Riesgos y próximos pasos,Comenta qué ángulo quieres profundizar
cp_6_66abbfd367,cp_6_66abbfd367_o1,compare_options,Por qué tema clave importa ahora,Contexto y señal principal,Interpretación para audiencia objetivo,Plan de ejecución inmediato,Riesgos y próximos pasos,Comenta qué ángulo quieres profundizar
cp_7_16172815f8,cp_7_16172815f8_o1,explain_problem_solution,Por qué tema clave importa ahora,Contexto y señal principal,Interpretación para audiencia objetivo,Plan de ejecución inmediato,Riesgos y próximos pasos,Comenta qué ángulo quieres profundizar
cp_8_fe2f1c175f,cp_8_fe2f1c175f_o1,compare_options,Por qué tema clave importa ahora,Contexto y señal principal,Interpretación para audiencia objetivo,Plan de ejecución inmediato,Riesgos y próximos pasos,Comenta qué ángulo quieres profundizar
cp_9_7e42e48eec,cp_9_7e42e48eec_o1,compare_options,Por qué tema clave importa ahora,Contexto y señal principal,Interpretación para audiencia objetivo,Plan de ejecución inmediato,Riesgos y próximos pasos,Comenta qué ángulo quieres profundizar
cp_10_2a43044259,cp_10_2a43044259_o1,explain_problem_solution,Por qué tema clave importa ahora,Contexto y señal principal,Interpretación para audiencia objetivo,Plan de ejecución inmediato,Riesgos y próximos pasos,Comenta qué ángulo quieres profundizar
cp_11_055ebae450,cp_11_055ebae450_o1,explain_problem_solution,Por qué tema clave importa ahora,Contexto y señal principal,Interpretación para audiencia objetivo,Plan de ejecución inmediato,Riesgos y próximos pasos,Comenta qué ángulo quieres profundizar
cp_12_b3533b4eed,cp_12_b3533b4eed_o1,explain_problem_solution,Por qué tema clave importa ahora,Contexto y señal principal,Interpretación para audiencia objetivo,Plan de ejecución inmediato,Riesgos y próximos pasos,Comenta qué ángulo quieres profundizar
cp_13_6ad3bd5ca1,cp_13_6ad3bd5ca1_o1,explain_problem_solution,Por qué tema clave importa ahora,Contexto y señal principal,Interpretación para audiencia objetivo,Plan de ejecución inmediato,Riesgos y próximos pasos,Comenta qué ángulo quieres profundizar
cp_14_594e85d6f4,cp_14_594e85d6f4_o1,compare_options,Por qué tema clave importa ahora,Contexto y señal principal,Interpretación para audiencia objetivo,Plan de ejecución inmediato,Riesgos y próximos pasos,Comenta qué ángulo quieres profundizar
cp_15_7e3e340cca,cp_15_7e3e340cca_o1,compare_options,Por qué create_fast_reaction importa ahora,Contexto y señal principal,Interpretación para audiencia objetivo,Plan de ejecución inmediato,Riesgos y próximos pasos,Comenta qué ángulo quieres profundizar
cp_16_6ce3892238,cp_16_6ce3892238_o1,explain_problem_solution,Por qué tema clave importa ahora,Contexto y señal principal,Interpretación para audiencia objetivo,Plan de ejecución inmediato,Riesgos y próximos pasos,Comenta qué ángulo quieres profundizar
cp_17_7e2d9630f0,cp_17_7e2d9630f0_o1,explain_problem_solution,Por qué tema clave importa ahora,Contexto y señal principal,Interpretación para audiencia objetivo,Plan de ejecución inmediato,Riesgos y próximos pasos,Comenta qué ángulo quieres profundizar
cp_18_ec980591c0,cp_18_ec980591c0_o1,explain_problem_solution,Por qué tema clave importa ahora,Contexto y señal principal,Interpretación para audiencia objetivo,Plan de ejecución inmediato,Riesgos y próximos pasos,Comenta qué ángulo quieres profundizar
cp_19_fc2eda0d80,cp_19_fc2eda0d80_o1,explain_problem_solution,Por qué tema clave importa ahora,Contexto y señal principal,Interpretación para audiencia objetivo,Plan de ejecución inmediato,Riesgos y próximos pasos,Comenta qué ángulo quieres profundizar
cp_20_8c9d9c35db,cp_20_8c9d9c35db_o1,compare_options,Por qué tema clave importa ahora,Contexto y señal principal,Interpretación para audiencia objetivo,Plan de ejecución inmediato,Riesgos y próximos pasos,Comenta qué ángulo quieres profundizar
cp_21_4991998e0a,cp_21_4991998e0a_o1,explain_problem_solution,Por qué tema clave importa ahora,Contexto y señal principal,Interpretación para audiencia objetivo,Plan de ejecución inmediato,Riesgos y próximos pasos,Comenta qué ángulo quieres profundizar
cp_22_60e102e2ba,cp_22_60e102e2ba_o1,compare_options,Por qué tema clave importa ahora,Contexto y señal principal,Interpretación para audiencia objetivo,Plan de ejecución inmediato,Riesgos y próximos pasos,Comenta qué ángulo quieres profundizar
cp_23_7c8f53cd48,cp_23_7c8f53cd48_o1,explain_problem_solution,Por qué tema clave importa ahora,Contexto y señal principal,Interpretación para audiencia objetivo,Plan de ejecución inmediato,Riesgos y próximos pasos,Comenta qué ángulo quieres profundizar
cp_24_e439273748,cp_24_e439273748_o1,compare_options,Por qué tema clave importa ahora,Contexto y señal principal,Interpretación para audiencia objetivo,Plan de ejecución inmediato,Riesgos y próximos pasos,Comenta qué ángulo quieres profundizar
cp_25_674d158ce8,cp_25_674d158ce8_o1,explain_problem_solution,Por qué tema clave importa ahora,Contexto y señal principal,Interpretación para audiencia objetivo,Plan de ejecución inmediato,Riesgos y próximos pasos,Comenta qué ángulo quieres profundizar
cp_26_88530ede23,cp_26_88530ede23_o1,explain_problem_solution,Por qué repackage_idea importa ahora,Contexto y señal principal,Interpretación para audiencia objetivo,Plan de ejecución inmediato,Riesgos y próximos pasos,Comenta qué ángulo quieres profundizar
cp_27_c1c231bf66,cp_27_c1c231bf66_o1,explain_problem_solution,Por qué tema clave importa ahora,Contexto y señal principal,Interpretación para audiencia objetivo,Plan de ejecución inmediato,Riesgos y próximos pasos,Comenta qué ángulo quieres profundizar
cp_28_8dac00f950,cp_28_8dac00f950_o1,explain_problem_solution,Por qué tema clave importa ahora,Contexto y señal principal,Interpretación para audiencia objetivo,Plan de ejecución inmediato,Riesgos y próximos pasos,Comenta qué ángulo quieres profundizar
cp_29_11bdac0942,cp_29_11bdac0942_o1,compare_options,Por qué tema clave importa ahora,Contexto y señal principal,Interpretación para audiencia objetivo,Plan de ejecución inmediato,Riesgos y próximos pasos,Comenta qué ángulo quieres profundizar
cp_30_48cae843b8,cp_30_48cae843b8_o1,explain_problem_solution,Por qué tema clave importa ahora,Contexto y señal principal,Interpretación para audiencia objetivo,Plan de ejecución inmediato,Riesgos y próximos pasos,Comenta qué ángulo quieres profundizar
cp_31_9c97149c9f,cp_31_9c97149c9f_o1,quick_reaction,Por qué create_fast_reaction importa ahora,Contexto y señal principal,Interpretación para audiencia objetivo,Plan de ejecución inmediato,Riesgos y próximos pasos,Comenta qué ángulo quieres profundizar
cp_32_968e5f38b2,cp_32_968e5f38b2_o1,explain_problem_solution,Por qué tema clave importa ahora,Contexto y señal principal,Interpretación para audiencia objetivo,Plan de ejecución inmediato,Riesgos y próximos pasos,Comenta qué ángulo quieres profundizar
cp_33_babff2cacc,cp_33_babff2cacc_o1,quick_reaction,Por qué create_fast_reaction importa ahora,Contexto y señal principal,Interpretación para audiencia objetivo,Plan de ejecución inmediato,Riesgos y próximos pasos,Comenta qué ángulo quieres profundizar
cp_34_576acca0fe,cp_34_576acca0fe_o1,compare_options,Por qué tema clave importa ahora,Contexto y señal principal,Interpretación para audiencia objetivo,Plan de ejecución inmediato,Riesgos y próximos pasos,Comenta qué ángulo quieres profundizar
cp_35_800190aa5a,cp_35_800190aa5a_o1,explain_problem_solution,Por qué tema clave importa ahora,Contexto y señal principal,Interpretación para audiencia objetivo,Plan de ejecución inmediato,Riesgos y próximos pasos,Comenta qué ángulo quieres profundizar
cp_36_fb4b504c05,cp_36_fb4b504c05_o1,explain_problem_solution,Por qué tema clave importa ahora,Contexto y señal principal,Interpretación para audiencia objetivo,Plan de ejecución inmediato,Riesgos y próximos pasos,Comenta qué ángulo quieres profundizar
cp_37_4221e212fa,cp_37_4221e212fa_o1,compare_options,Por qué tema clave importa ahora,Contexto y señal principal,Interpretación para audiencia objetivo,Plan de ejecución inmediato,Riesgos y próximos pasos,Comenta qué ángulo quieres profundizar
cp_38_5ef3107894,cp_38_5ef3107894_o1,quick_reaction,Por qué create_fast_reaction importa ahora,Contexto y señal principal,Interpretación para audiencia objetivo,Plan de ejecución inmediato,Riesgos y próximos pasos,Comenta qué ángulo quieres profundizar
cp_39_640fd0e1ea,cp_39_640fd0e1ea_o1,compare_options,Por qué tema clave importa ahora,Contexto y señal principal,Interpretación para audiencia objetivo,Plan de ejecución inmediato,Riesgos y próximos pasos,Comenta qué ángulo quieres profundizar
cp_40_5ae94da1b1,cp_40_5ae94da1b1_o1,explain_problem_solution,Por qué tema clave importa ahora,Contexto y señal principal,Interpretación para audiencia objetivo,Plan de ejecución inmediato,Riesgos y próximos pasos,Comenta qué ángulo quieres profundizar
cp_41_b7f97ec2b4,cp_41_b7f97ec2b4_o1,compare_options,Por qué tema clave importa ahora,Contexto y señal principal,Interpretación para audiencia objetivo,Plan de ejecución inmediato,Riesgos y próximos pasos,Comenta qué ángulo quieres profundizar
cp_42_304ce31bc4,cp_42_304ce31bc4_o1,explain_problem_solution,Por qué tema clave importa ahora,Contexto y señal principal,Interpretación para audiencia objetivo,Plan de ejecución inmediato,Riesgos y próximos pasos,Comenta qué ángulo quieres profundizar
cp_43_60327885db,cp_43_60327885db_o1,compare_options,Por qué tema clave importa ahora,Contexto y señal principal,Interpretación para audiencia objetivo,Plan de ejecución inmediato,Riesgos y próximos pasos,Comenta qué ángulo quieres profundizar
cp_44_9707c3d532,cp_44_9707c3d532_o1,explain_problem_solution,Por qué tema clave importa ahora,Contexto y señal principal,Interpretación para audiencia objetivo,Plan de ejecución inmediato,Riesgos y próximos pasos,Comenta qué ángulo quieres profundizar
cp_45_34962e6b76,cp_45_34962e6b76_o1,explain_problem_solution,Por qué tema clave importa ahora,Contexto y señal principal,Interpretación para audiencia objetivo,Plan de ejecución inmediato,Riesgos y próximos pasos,Comenta qué ángulo quieres profundizar
cp_46_5c3d5ad4a6,cp_46_5c3d5ad4a6_o1,explain_problem_solution,Por qué tema clave importa ahora,Contexto y señal principal,Interpretación para audiencia objetivo,Plan de ejecución inmediato,Riesgos y próximos pasos,Comenta qué ángulo quieres profundizar
cp_47_42a12af5de,cp_47_42a12af5de_o1,explain_problem_solution,Por qué tema clave importa ahora,Contexto y señal principal,Interpretación para audiencia objetivo,Plan de ejecución inmediato,Riesgos y próximos pasos,Comenta qué ángulo quieres profundizar
cp_48_1bb5ab9d16,cp_48_1bb5ab9d16_o1,compare_options,Por qué tema clave importa ahora,Contexto y señal principal,Interpretación para audiencia objetivo,Plan de ejecución inmediato,Riesgos y próximos pasos,Comenta qué ángulo quieres profundizar
cp_49_e16cf20827,cp_49_e16cf20827_o1,compare_options,Por qué tema clave importa ahora,Contexto y señal principal,Interpretación para audiencia objetivo,Plan de ejecución inmediato,Riesgos y próximos pasos,Comenta qué ángulo quieres profundizar
cp_50_b958d7a3e1,cp_50_b958d7a3e1_o1,explain_problem_solution,Por qué tema clave importa ahora,Contexto y señal principal,Interpretación para audiencia objetivo,Plan de ejecución inmediato,Riesgos y próximos pasos,Comenta qué ángulo quieres profundizar
cp_51_0c109ddf16,cp_51_0c109ddf16_o1,explain_problem_solution,Por qué tema clave importa ahora,Contexto y señal principal,Interpretación para audiencia objetivo,Plan de ejecución inmediato,Riesgos y próximos pasos,Comenta qué ángulo quieres profundizar
cp_52_1497670b0a,cp_52_1497670b0a_o1,explain_problem_solution,Por qué tema clave importa ahora,Contexto y señal principal,Interpretación para audiencia objetivo,Plan de ejecución inmediato,Riesgos y próximos pasos,Comenta qué ángulo quieres profundizar
cp_53_b47448165c,cp_53_b47448165c_o1,explain_problem_solution,Por qué tema clave importa ahora,Contexto y señal principal,Interpretación para audiencia objetivo,Plan de ejecución inmediato,Riesgos y próximos pasos,Comenta qué ángulo quieres profundizar
cp_54_498f2fd820,cp_54_498f2fd820_o1,explain_problem_solution,Por qué tema clave importa ahora,Contexto y señal principal,Interpretación para audiencia objetivo,Plan de ejecución inmediato,Riesgos y próximos pasos,Comenta qué ángulo quieres profundizar
cp_55_5bac114a08,cp_55_5bac114a08_o1,explain_problem_solution,Por qué tema clave importa ahora,Contexto y señal principal,Interpretación para audiencia objetivo,Plan de ejecución inmediato,Riesgos y próximos pasos,Comenta qué ángulo quieres profundizar
cp_56_54c3cb0b6c,cp_56_54c3cb0b6c_o1,explain_problem_solution,Por qué tema clave importa ahora,Contexto y señal principal,Interpretación para audiencia objetivo,Plan de ejecución inmediato,Riesgos y próximos pasos,Comenta qué ángulo quieres profundizar
cp_57_7d15b4f2a2,cp_57_7d15b4f2a2_o1,explain_problem_solution,Por qué tema clave importa ahora,Contexto y señal principal,Interpretación para audiencia objetivo,Plan de ejecución inmediato,Riesgos y próximos pasos,Comenta qué ángulo quieres profundizar
cp_58_18a59acb74,cp_58_18a59acb74_o1,compare_options,Por qué tema clave importa ahora,Contexto y señal principal,Interpretación para audiencia objetivo,Plan de ejecución inmediato,Riesgos y próximos pasos,Comenta qué ángulo quieres profundizar
cp_59_4dd75ca1de,cp_59_4dd75ca1de_o1,explain_problem_solution,Por qué tema clave importa ahora,Contexto y señal principal,Interpretación para audiencia objetivo,Plan de ejecución inmediato,Riesgos y próximos pasos,Comenta qué ángulo quieres profundizar
cp_60_15ecab0a95,cp_60_15ecab0a95_o1,explain_problem_solution,Por qué tema clave importa ahora,Contexto y señal principal,Interpretación para audiencia objetivo,Plan de ejecución inmediato,Riesgos y próximos pasos,Comenta qué ángulo quieres profundizar
cp_61_bc96a988f2,cp_61_bc96a988f2_o1,compare_options,Por qué tema clave importa ahora,Contexto y señal principal,Interpretación para audiencia objetivo,Plan de ejecución inmediato,Riesgos y próximos pasos,Comenta qué ángulo quieres profundizar
cp_62_03a9646ce6,cp_62_03a9646ce6_o1,explain_problem_solution,Por qué tema clave importa ahora,Contexto y señal principal,Interpretación para audiencia objetivo,Plan de ejecución inmediato,Riesgos y próximos pasos,Comenta qué ángulo quieres profundizar
cp_63_e4349f164b,cp_63_e4349f164b_o1,explain_problem_solution,Por qué tema clave importa ahora,Contexto y señal principal,Interpretación para audiencia objetivo,Plan de ejecución inmediato,Riesgos y próximos pasos,Comenta qué ángulo quieres profundizar
cp_64_4c1ebabff8,cp_64_4c1ebabff8_o1,explain_problem_solution,Por qué tema clave importa ahora,Contexto y señal principal,Interpretación para audiencia objetivo,Plan de ejecución inmediato,Riesgos y próximos pasos,Comenta qué ángulo quieres profundizar
cp_65_dfee4da7c2,cp_65_dfee4da7c2_o1,compare_options,Por qué tema clave importa ahora,Contexto y señal principal,Interpretación para audiencia objetivo,Plan de ejecución inmediato,Riesgos y próximos pasos,Comenta qué ángulo quieres profundizar
cp_66_42ccb2e2a6,cp_66_42ccb2e2a6_o1,explain_problem_solution,Por qué repackage_idea importa ahora,Contexto y señal principal,Interpretación para audiencia objetivo,Plan de ejecución inmediato,Riesgos y próximos pasos,Comenta qué ángulo quieres profundizar
cp_67_a7e93d1275,cp_67_a7e93d1275_o1,compare_options,Por qué tema clave importa ahora,Contexto y señal principal,Interpretación para audiencia objetivo,Plan de ejecución inmediato,Riesgos y próximos pasos,Comenta qué ángulo quieres profundizar
cp_68_3c0e1c333a,cp_68_3c0e1c333a_o1,compare_options,Por qué tema clave importa ahora,Contexto y señal principal,Interpretación para audiencia objetivo,Plan de ejecución inmediato,Riesgos y próximos pasos,Comenta qué ángulo quieres profundizar
cp_69_3fffdc7474,cp_69_3fffdc7474_o1,explain_problem_solution,Por qué repackage_idea importa ahora,Contexto y señal principal,Interpretación para audiencia objetivo,Plan de ejecución inmediato,Riesgos y próximos pasos,Comenta qué ángulo quieres profundizar
cp_70_d96e4cdd78,cp_70_d96e4cdd78_o1,compare_options,Por qué create_fast_reaction importa ahora,Contexto y señal principal,Interpretación para audiencia objetivo,Plan de ejecución inmediato,Riesgos y próximos pasos,Comenta qué ángulo quieres profundizar
cp_71_6196a2ff87,cp_71_6196a2ff87_o1,explain_problem_solution,Por qué tema clave importa ahora,Contexto y señal principal,Interpretación para audiencia objetivo,Plan de ejecución inmediato,Riesgos y próximos pasos,Comenta qué ángulo quieres profundizar
cp_72_4dae26e676,cp_72_4dae26e676_o1,compare_options,Por qué tema clave importa ahora,Contexto y señal principal,Interpretación para audiencia objetivo,Plan de ejecución inmediato,Riesgos y próximos pasos,Comenta qué ángulo quieres profundizar
cp_73_55de1a9350,cp_73_55de1a9350_o1,explain_problem_solution,Por qué tema clave importa ahora,Contexto y señal principal,Interpretación para audiencia objetivo,Plan de ejecución inmediato,Riesgos y próximos pasos,Comenta qué ángulo quieres profundizar
cp_74_39c4b55ecc,cp_74_39c4b55ecc_o1,compare_options,Por qué tema clave importa ahora,Contexto y señal principal,Interpretación para audiencia objetivo,Plan de ejecución inmediato,Riesgos y próximos pasos,Comenta qué ángulo quieres profundizar
cp_75_1088621905,cp_75_1088621905_o1,explain_problem_solution,Por qué tema clave importa ahora,Contexto y señal principal,Interpretación para audiencia objetivo,Plan de ejecución inmediato,Riesgos y próximos pasos,Comenta qué ángulo quieres profundizar
cp_76_cf264b121b,cp_76_cf264b121b_o1,compare_options,Por qué analyze_reference importa ahora,Contexto y señal principal,Interpretación para audiencia objetivo,Plan de ejecución inmediato,Riesgos y próximos pasos,Comenta qué ángulo quieres profundizar
cp_77_ecd57fcb35,cp_77_ecd57fcb35_o1,compare_options,Por qué tema clave importa ahora,Contexto y señal principal,Interpretación para audiencia objetivo,Plan de ejecución inmediato,Riesgos y próximos pasos,Comenta qué ángulo quieres profundizar
cp_78_aaeab60547,cp_78_aaeab60547_o1,explain_problem_solution,Por qué tema clave importa ahora,Contexto y señal principal,Interpretación para audiencia objetivo,Plan de ejecución inmediato,Riesgos y próximos pasos,Comenta qué ángulo quieres profundizar
cp_79_726368af0f,cp_79_726368af0f_o1,case_breakdown,Por qué repackage_idea importa ahora,Contexto y señal principal,Interpretación para audiencia objetivo,Plan de ejecución inmediato,Riesgos y próximos pasos,Comenta qué ángulo quieres profundizar
cp_80_52fd93dc84,cp_80_52fd93dc84_o1,explain_problem_solution,Por qué tema clave importa ahora,Contexto y señal principal,Interpretación para audiencia objetivo,Plan de ejecución inmediato,Riesgos y próximos pasos,Comenta qué ángulo quieres profundizar
cp_81_95c8223ea1,cp_81_95c8223ea1_o1,compare_options,Por qué tema clave importa ahora,Contexto y señal principal,Interpretación para audiencia objetivo,Plan de ejecución inmediato,Riesgos y próximos pasos,Comenta qué ángulo quieres profundizar
cp_82_1c6ac318e5,cp_82_1c6ac318e5_o1,compare_options,Por qué tema clave importa ahora,Contexto y señal principal,Interpretación para audiencia objetivo,Plan de ejecución inmediato,Riesgos y próximos pasos,Comenta qué ángulo quieres profundizar
cp_83_9496bd1c4d,cp_83_9496bd1c4d_o1,explain_problem_solution,Por qué tema clave importa ahora,Contexto y señal principal,Interpretación para audiencia objetivo,Plan de ejecución inmediato,Riesgos y próximos pasos,Comenta qué ángulo quieres profundizar
cp_84_ef6feb1700,cp_84_ef6feb1700_o1,compare_options,Por qué tema clave importa ahora,Contexto y señal principal,Interpretación para audiencia objetivo,Plan de ejecución inmediato,Riesgos y próximos pasos,Comenta qué ángulo quieres profundizar
cp_85_2a7a202d48,cp_85_2a7a202d48_o1,compare_options,Por qué create_fast_reaction importa ahora,Contexto y señal principal,Interpretación para audiencia objetivo,Plan de ejecución inmediato,Riesgos y próximos pasos,Comenta qué ángulo quieres profundizar
cp_86_b1915e1bd1,cp_86_b1915e1bd1_o1,case_breakdown,Por qué repackage_idea importa ahora,Contexto y señal principal,Interpretación para audiencia objetivo,Plan de ejecución inmediato,Riesgos y próximos pasos,Comenta qué ángulo quieres profundizar
cp_87_aedc786b56,cp_87_aedc786b56_o1,case_breakdown,Por qué repackage_idea importa ahora,Contexto y señal principal,Interpretación para audiencia objetivo,Plan de ejecución inmediato,Riesgos y próximos pasos,Comenta qué ángulo quieres profundizar
cp_88_3236cc8e3f,cp_88_3236cc8e3f_o1,compare_options,Por qué create_fast_reaction importa ahora,Contexto y señal principal,Interpretación para audiencia objetivo,Plan de ejecución inmediato,Riesgos y próximos pasos,Comenta qué ángulo quieres profundizar
cp_89_8b2e6aa3cf,cp_89_8b2e6aa3cf_o1,explain_problem_solution,Por qué tema clave importa ahora,Contexto y señal principal,Interpretación para audiencia objetivo,Plan de ejecución inmediato,Riesgos y próximos pasos,Comenta qué ángulo quieres profundizar
cp_90_f6717cb352,cp_90_f6717cb352_o1,case_breakdown,Por qué repackage_idea importa ahora,Contexto y señal principal,Interpretación para audiencia objetivo,Plan de ejecución inmediato,Riesgos y próximos pasos,Comenta qué ángulo quieres profundizar
cp_91_221aea11fd,cp_91_221aea11fd_o1,case_breakdown,Por qué repackage_idea importa ahora,Contexto y señal principal,Interpretación para audiencia objetivo,Plan de ejecución inmediato,Riesgos y próximos pasos,Comenta qué ángulo quieres profundizar
cp_92_fcdd88f7c9,cp_92_fcdd88f7c9_o1,explain_problem_solution,Por qué tema clave importa ahora,Contexto y señal principal,Interpretación para audiencia objetivo,Plan de ejecución inmediato,Riesgos y próximos pasos,Comenta qué ángulo quieres profundizar
cp_93_fe26462cf2,cp_93_fe26462cf2_o1,explain_problem_solution,Por qué tema clave importa ahora,Contexto y señal principal,Interpretación para audiencia objetivo,Plan de ejecución inmediato,Riesgos y próximos pasos,Comenta qué ángulo quieres profundizar
cp_94_0b1dc761a8,cp_94_0b1dc761a8_o1,quick_reaction,Por qué create_fast_reaction importa ahora,Contexto y señal principal,Interpretación para audiencia objetivo,Plan de ejecución inmediato,Riesgos y próximos pasos,Comenta qué ángulo quieres profundizar
cp_95_9a14a3e020,cp_95_9a14a3e020_o1,case_breakdown,Por qué repackage_idea importa ahora,Contexto y señal principal,Interpretación para audiencia objetivo,Plan de ejecución inmediato,Riesgos y próximos pasos,Comenta qué ángulo quieres profundizar
cp_96_e053f43103,cp_96_e053f43103_o1,case_breakdown,Por qué repackage_idea importa ahora,Contexto y señal principal,Interpretación para audiencia objetivo,Plan de ejecución inmediato,Riesgos y próximos pasos,Comenta qué ángulo quieres profundizar
cp_97_ee3a03acda,cp_97_ee3a03acda_o1,case_breakdown,Por qué repackage_idea importa ahora,Contexto y señal principal,Interpretación para audiencia objetivo,Plan de ejecución inmediato,Riesgos y próximos pasos,Comenta qué ángulo quieres profundizar
cp_98_ec9283fce4,cp_98_ec9283fce4_o1,case_breakdown,Por qué repackage_idea importa ahora,Contexto y señal principal,Interpretación para audiencia objetivo,Plan de ejecución inmediato,Riesgos y próximos pasos,Comenta qué ángulo quieres profundizar
cp_99_a966e04474,cp_99_a966e04474_o1,case_breakdown,Por qué repackage_idea importa ahora,Contexto y señal principal,Interpretación para audiencia objetivo,Plan de ejecución inmediato,Riesgos y próximos pasos,Comenta qué ángulo quieres profundizar
cp_100_af71f5e25a,cp_100_af71f5e25a_o1,quick_reaction,Por qué create_fast_reaction importa ahora,Contexto y señal principal,Interpretación para audiencia objetivo,Plan de ejecución inmediato,Riesgos y próximos pasos,Comenta qué ángulo quieres profundizar
cp_101_d73f56b7db,cp_101_d73f56b7db_o1,compare_options,Por qué tema clave importa ahora,Contexto y señal principal,Interpretación para audiencia objetivo,Plan de ejecución inmediato,Riesgos y próximos pasos,Comenta qué ángulo quieres profundizar
cp_102_d53618f6de,cp_102_d53618f6de_o1,quick_reaction,Por qué create_fast_reaction importa ahora,Contexto y señal principal,Interpretación para audiencia objetivo,Plan de ejecución inmediato,Riesgos y próximos pasos,Comenta qué ángulo quieres profundizar
cp_103_03da86b651,cp_103_03da86b651_o1,case_breakdown,Por qué repackage_idea importa ahora,Contexto y señal principal,Interpretación para audiencia objetivo,Plan de ejecución inmediato,Riesgos y próximos pasos,Comenta qué ángulo quieres profundizar
cp_104_47318fe2ee,cp_104_47318fe2ee_o1,case_breakdown,Por qué repackage_idea importa ahora,Contexto y señal principal,Interpretación para audiencia objetivo,Plan de ejecución inmediato,Riesgos y próximos pasos,Comenta qué ángulo quieres profundizar
cp_105_18b8f1f6b0,cp_105_18b8f1f6b0_o1,case_breakdown,Por qué repackage_idea importa ahora,Contexto y señal principal,Interpretación para audiencia objetivo,Plan de ejecución inmediato,Riesgos y próximos pasos,Comenta qué ángulo quieres profundizar
cp_106_fdbae98ee9,cp_106_fdbae98ee9_o1,case_breakdown,Por qué repackage_idea importa ahora,Contexto y señal principal,Interpretación para audiencia objetivo,Plan de ejecución inmediato,Riesgos y próximos pasos,Comenta qué ángulo quieres profundizar
cp_107_e1c3f8f083,cp_107_e1c3f8f083_o1,explain_problem_solution,Por qué tema clave importa ahora,Contexto y señal principal,Interpretación para audiencia objetivo,Plan de ejecución inmediato,Riesgos y próximos pasos,Comenta qué ángulo quieres profundizar
cp_108_d859431e3a,cp_108_d859431e3a_o1,explain_problem_solution,Por qué tema clave importa ahora,Contexto y señal principal,Interpretación para audiencia objetivo,Plan de ejecución inmediato,Riesgos y próximos pasos,Comenta qué ángulo quieres profundizar
cp_109_d96823a073,cp_109_d96823a073_o1,case_breakdown,Por qué repackage_idea importa ahora,Contexto y señal principal,Interpretación para audiencia objetivo,Plan de ejecución inmediato,Riesgos y próximos pasos,Comenta qué ángulo quieres profundizar
cp_110_63e30d78dd,cp_110_63e30d78dd_o1,case_breakdown,Por qué repackage_idea importa ahora,Contexto y señal principal,Interpretación para audiencia objetivo,Plan de ejecución inmediato,Riesgos y próximos pasos,Comenta qué ángulo quieres profundizar
cp_111_51b2475331,cp_111_51b2475331_o1,case_breakdown,Por qué repackage_idea importa ahora,Contexto y señal principal,Interpretación para audiencia objetivo,Plan de ejecución inmediato,Riesgos y próximos pasos,Comenta qué ángulo quieres profundizar
cp_112_23d96c95be,cp_112_23d96c95be_o1,case_breakdown,Por qué repackage_idea importa ahora,Contexto y señal principal,Interpretación para audiencia objetivo,Plan de ejecución inmediato,Riesgos y próximos pasos,Comenta qué ángulo quieres profundizar
cp_113_6fb65541de,cp_113_6fb65541de_o1,case_breakdown,Por qué repackage_idea importa ahora,Contexto y señal principal,Interpretación para audiencia objetivo,Plan de ejecución inmediato,Riesgos y próximos pasos,Comenta qué ángulo quieres profundizar
cp_114_bba0c0d7cf,cp_114_bba0c0d7cf_o1,case_breakdown,Por qué repackage_idea importa ahora,Contexto y señal principal,Interpretación para audiencia objetivo,Plan de ejecución inmediato,Riesgos y próximos pasos,Comenta qué ángulo quieres profundizar
cp_115_de22d7f193,cp_115_de22d7f193_o1,case_breakdown,Por qué repackage_idea importa ahora,Contexto y señal principal,Interpretación para audiencia objetivo,Plan de ejecución inmediato,Riesgos y próximos pasos,Comenta qué ángulo quieres profundizar
cp_116_2013c88da3,cp_116_2013c88da3_o1,case_breakdown,Por qué repackage_idea importa ahora,Contexto y señal principal,Interpretación para audiencia objetivo,Plan de ejecución inmediato,Riesgos y próximos pasos,Comenta qué ángulo quieres profundizar
cp_117_b88ce1d708,cp_117_b88ce1d708_o1,case_breakdown,Por qué repackage_idea importa ahora,Contexto y señal principal,Interpretación para audiencia objetivo,Plan de ejecución inmediato,Riesgos y próximos pasos,Comenta qué ángulo quieres profundizar
cp_118_2c682c914c,cp_118_2c682c914c_o1,case_breakdown,Por qué repackage_idea importa ahora,Contexto y señal principal,Interpretación para audiencia objetivo,Plan de ejecución inmediato,Riesgos y próximos pasos,Comenta qué ángulo quieres profundizar
cp_119_7a8f335c1f,cp_119_7a8f335c1f_o1,case_breakdown,Por qué repackage_idea importa ahora,Contexto y señal principal,Interpretación para audiencia objetivo,Plan de ejecución inmediato,Riesgos y próximos pasos,Comenta qué ángulo quieres profundizar
cp_120_38582fcf10,cp_120_38582fcf10_o1,case_breakdown,Por qué repackage_idea importa ahora,Contexto y señal principal,Interpretación para audiencia objetivo,Plan de ejecución inmediato,Riesgos y próximos pasos,Comenta qué ángulo quieres profundizar
cp_121_de940da6c7,cp_121_de940da6c7_o1,case_breakdown,Por qué repackage_idea importa ahora,Contexto y señal principal,Interpretación para audiencia objetivo,Plan de ejecución inmediato,Riesgos y próximos pasos,Comenta qué ángulo quieres profundizar
cp_122_e52a5dd93d,cp_122_e52a5dd93d_o1,explain_problem_solution,Por qué tema clave importa ahora,Contexto y señal principal,Interpretación para audiencia objetivo,Plan de ejecución inmediato,Riesgos y próximos pasos,Comenta qué ángulo quieres profundizar
cp_123_3ac8c698ab,cp_123_3ac8c698ab_o1,case_breakdown,Por qué repackage_idea importa ahora,Contexto y señal principal,Interpretación para audiencia objetivo,Plan de ejecución inmediato,Riesgos y próximos pasos,Comenta qué ángulo quieres profundizar
cp_124_e47a422224,cp_124_e47a422224_o1,case_breakdown,Por qué repackage_idea importa ahora,Contexto y señal principal,Interpretación para audiencia objetivo,Plan de ejecución inmediato,Riesgos y próximos pasos,Comenta qué ángulo quieres profundizar
cp_125_950784d930,cp_125_950784d930_o1,case_breakdown,Por qué repackage_idea importa ahora,Contexto y señal principal,Interpretación para audiencia objetivo,Plan de ejecución inmediato,Riesgos y próximos pasos,Comenta qué ángulo quieres profundizar
cp_126_08274c7e9a,cp_126_08274c7e9a_o1,case_breakdown,Por qué repackage_idea importa ahora,Contexto y señal principal,Interpretación para audiencia objetivo,Plan de ejecución inmediato,Riesgos y próximos pasos,Comenta qué ángulo quieres profundizar
cp_127_b75e81eaaf,cp_127_b75e81eaaf_o1,case_breakdown,Por qué repackage_idea importa ahora,Contexto y señal principal,Interpretación para audiencia objetivo,Plan de ejecución inmediato,Riesgos y próximos pasos,Comenta qué ángulo quieres profundizar
cp_128_dbe8438610,cp_128_dbe8438610_o1,case_breakdown,Por qué repackage_idea importa ahora,Contexto y señal principal,Interpretación para audiencia objetivo,Plan de ejecución inmediato,Riesgos y próximos pasos,Comenta qué ángulo quieres profundizar
cp_129_7af051a99e,cp_129_7af051a99e_o1,case_breakdown,Por qué repackage_idea importa ahora,Contexto y señal principal,Interpretación para audiencia objetivo,Plan de ejecución inmediato,Riesgos y próximos pasos,Comenta qué ángulo quieres profundizar
cp_130_acf26e6001,cp_130_acf26e6001_o1,case_breakdown,Por qué repackage_idea importa ahora,Contexto y señal principal,Interpretación para audiencia objetivo,Plan de ejecución inmediato,Riesgos y próximos pasos,Comenta qué ángulo quieres profundizar
cp_131_bac97b5e6f,cp_131_bac97b5e6f_o1,case_breakdown,Por qué repackage_idea importa ahora,Contexto y señal principal,Interpretación para audiencia objetivo,Plan de ejecución inmediato,Riesgos y próximos pasos,Comenta qué ángulo quieres profundizar
cp_132_25484a6c68,cp_132_25484a6c68_o1,case_breakdown,Por qué repackage_idea importa ahora,Contexto y señal principal,Interpretación para audiencia objetivo,Plan de ejecución inmediato,Riesgos y próximos pasos,Comenta qué ángulo quieres profundizar
cp_133_cb9d9eb421,cp_133_cb9d9eb421_o1,compare_options,Por qué create_fast_reaction importa ahora,Contexto y señal principal,Interpretación para audiencia objetivo,Plan de ejecución inmediato,Riesgos y próximos pasos,Comenta qué ángulo quieres profundizar
cp_134_b5f6e36f12,cp_134_b5f6e36f12_o1,case_breakdown,Por qué repackage_idea importa ahora,Contexto y señal principal,Interpretación para audiencia objetivo,Plan de ejecución inmediato,Riesgos y próximos pasos,Comenta qué ángulo quieres profundizar
cp_135_e9e95bb80c,cp_135_e9e95bb80c_o1,case_breakdown,Por qué repackage_idea importa ahora,Contexto y señal principal,Interpretación para audiencia objetivo,Plan de ejecución inmediato,Riesgos y próximos pasos,Comenta qué ángulo quieres profundizar
cp_136_6443979852,cp_136_6443979852_o1,case_breakdown,Por qué repackage_idea importa ahora,Contexto y señal principal,Interpretación para audiencia objetivo,Plan de ejecución inmediato,Riesgos y próximos pasos,Comenta qué ángulo quieres profundizar
cp_137_c74456370e,cp_137_c74456370e_o1,case_breakdown,Por qué repackage_idea importa ahora,Contexto y señal principal,Interpretación para audiencia objetivo,Plan de ejecución inmediato,Riesgos y próximos pasos,Comenta qué ángulo quieres profundizar
cp_138_e0ba119812,cp_138_e0ba119812_o1,case_breakdown,Por qué repackage_idea importa ahora,Contexto y señal principal,Interpretación para audiencia objetivo,Plan de ejecución inmediato,Riesgos y próximos pasos,Comenta qué ángulo quieres profundizar
cp_139_9c4aefa6cf,cp_139_9c4aefa6cf_o1,case_breakdown,Por qué repackage_idea importa ahora,Contexto y señal principal,Interpretación para audiencia objetivo,Plan de ejecución inmediato,Riesgos y próximos pasos,Comenta qué ángulo quieres profundizar
cp_140_23ac34671f,cp_140_23ac34671f_o1,case_breakdown,Por qué repackage_idea importa ahora,Contexto y señal principal,Interpretación para audiencia objetivo,Plan de ejecución inmediato,Riesgos y próximos pasos,Comenta qué ángulo quieres profundizar
cp_141_06d0dd81e8,cp_141_06d0dd81e8_o1,case_breakdown,Por qué repackage_idea importa ahora,Contexto y señal principal,Interpretación para audiencia objetivo,Plan de ejecución inmediato,Riesgos y próximos pasos,Comenta qué ángulo quieres profundizar
cp_142_aa5a69a9cd,cp_142_aa5a69a9cd_o1,case_breakdown,Por qué repackage_idea importa ahora,Contexto y señal principal,Interpretación para audiencia objetivo,Plan de ejecución inmediato,Riesgos y próximos pasos,Comenta qué ángulo quieres profundizar
cp_143_397c07b64b,cp_143_397c07b64b_o1,case_breakdown,Por qué repackage_idea importa ahora,Contexto y señal principal,Interpretación para audiencia objetivo,Plan de ejecución inmediato,Riesgos y próximos pasos,Comenta qué ángulo quieres profundizar
cp_144_d6eb751f7b,cp_144_d6eb751f7b_o1,case_breakdown,Por qué repackage_idea importa ahora,Contexto y señal principal,Interpretación para audiencia objetivo,Plan de ejecución inmediato,Riesgos y próximos pasos,Comenta qué ángulo quieres profundizar
cp_145_d2335ec9e0,cp_145_d2335ec9e0_o1,explain_problem_solution,Por qué tema clave importa ahora,Contexto y señal principal,Interpretación para audiencia objetivo,Plan de ejecución inmediato,Riesgos y próximos pasos,Comenta qué ángulo quieres profundizar
cp_146_b1ad14b4bf,cp_146_b1ad14b4bf_o1,explain_problem_solution,Por qué tema clave importa ahora,Contexto y señal principal,Interpretación para audiencia objetivo,Plan de ejecución inmediato,Riesgos y próximos pasos,Comenta qué ángulo quieres profundizar
cp_147_5e1eb0e468,cp_147_5e1eb0e468_o1,case_breakdown,Por qué repackage_idea importa ahora,Contexto y señal principal,Interpretación para audiencia objetivo,Plan de ejecución inmediato,Riesgos y próximos pasos,Comenta qué ángulo quieres profundizar
cp_148_b7dfafc0ae,cp_148_b7dfafc0ae_o1,case_breakdown,Por qué repackage_idea importa ahora,Contexto y señal principal,Interpretación para audiencia objetivo,Plan de ejecución inmediato,Riesgos y próximos pasos,Comenta qué ángulo quieres profundizar
cp_149_8d32fc8229,cp_149_8d32fc8229_o1,case_breakdown,Por qué repackage_idea importa ahora,Contexto y señal principal,Interpretación para audiencia objetivo,Plan de ejecución inmediato,Riesgos y próximos pasos,Comenta qué ángulo quieres profundizar
cp_150_697e24fe5c,cp_150_697e24fe5c_o1,case_breakdown,Por qué repackage_idea importa ahora,Contexto y señal principal,Interpretación para audiencia objetivo,Plan de ejecución inmediato,Riesgos y próximos pasos,Comenta qué ángulo quieres profundizar
cp_151_18bd2634a5,cp_151_18bd2634a5_o1,case_breakdown,Por qué repackage_idea importa ahora,Contexto y señal principal,Interpretación para audiencia objetivo,Plan de ejecución inmediato,Riesgos y próximos pasos,Comenta qué ángulo quieres profundizar
cp_152_bce5aa0e6c,cp_152_bce5aa0e6c_o1,case_breakdown,Por qué repackage_idea importa ahora,Contexto y señal principal,Interpretación para audiencia objetivo,Plan de ejecución inmediato,Riesgos y próximos pasos,Comenta qué ángulo quieres profundizar
cp_153_6c32d22a83,cp_153_6c32d22a83_o1,case_breakdown,Por qué repackage_idea importa ahora,Contexto y señal principal,Interpretación para audiencia objetivo,Plan de ejecución inmediato,Riesgos y próximos pasos,Comenta qué ángulo quieres profundizar
cp_154_647748122b,cp_154_647748122b_o1,case_breakdown,Por qué repackage_idea importa ahora,Contexto y señal principal,Interpretación para audiencia objetivo,Plan de ejecución inmediato,Riesgos y próximos pasos,Comenta qué ángulo quieres profundizar
cp_155_42bf376170,cp_155_42bf376170_o1,case_breakdown,Por qué repackage_idea importa ahora,Contexto y señal principal,Interpretación para audiencia objetivo,Plan de ejecución inmediato,Riesgos y próximos pasos,Comenta qué ángulo quieres profundizar
cp_156_ebac9f3668,cp_156_ebac9f3668_o1,case_breakdown,Por qué repackage_idea importa ahora,Contexto y señal principal,Interpretación para audiencia objetivo,Plan de ejecución inmediato,Riesgos y próximos pasos,Comenta qué ángulo quieres profundizar
cp_157_30b62827a3,cp_157_30b62827a3_o1,case_breakdown,Por qué repackage_idea importa ahora,Contexto y señal principal,Interpretación para audiencia objetivo,Plan de ejecución inmediato,Riesgos y próximos pasos,Comenta qué ángulo quieres profundizar
cp_158_a8a5ff36d6,cp_158_a8a5ff36d6_o1,case_breakdown,Por qué repackage_idea importa ahora,Contexto y señal principal,Interpretación para audiencia objetivo,Plan de ejecución inmediato,Riesgos y próximos pasos,Comenta qué ángulo quieres profundizar
cp_159_719d0f4e01,cp_159_719d0f4e01_o1,case_breakdown,Por qué repackage_idea importa ahora,Contexto y señal principal,Interpretación para audiencia objetivo,Plan de ejecución inmediato,Riesgos y próximos pasos,Comenta qué ángulo quieres profundizar
cp_160_2d29352771,cp_160_2d29352771_o1,case_breakdown,Por qué repackage_idea importa ahora,Contexto y señal principal,Interpretación para audiencia objetivo,Plan de ejecución inmediato,Riesgos y próximos pasos,Comenta qué ángulo quieres profundizar
cp_161_b9a5cab6b9,cp_161_b9a5cab6b9_o1,case_breakdown,Por qué repackage_idea importa ahora,Contexto y señal principal,Interpretación para audiencia objetivo,Plan de ejecución inmediato,Riesgos y próximos pasos,Comenta qué ángulo quieres profundizar
cp_162_ec61e86461,cp_162_ec61e86461_o1,case_breakdown,Por qué repackage_idea importa ahora,Contexto y señal principal,Interpretación para audiencia objetivo,Plan de ejecución inmediato,Riesgos y próximos pasos,Comenta qué ángulo quieres profundizar
cp_163_764a91557c,cp_163_764a91557c_o1,case_breakdown,Por qué repackage_idea importa ahora,Contexto y señal principal,Interpretación para audiencia objetivo,Plan de ejecución inmediato,Riesgos y próximos pasos,Comenta qué ángulo quieres profundizar
cp_164_02ea4b80ac,cp_164_02ea4b80ac_o1,case_breakdown,Por qué repackage_idea importa ahora,Contexto y señal principal,Interpretación para audiencia objetivo,Plan de ejecución inmediato,Riesgos y próximos pasos,Comenta qué ángulo quieres profundizar
cp_165_3b68f7a4df,cp_165_3b68f7a4df_o1,case_breakdown,Por qué repackage_idea importa ahora,Contexto y señal principal,Interpretación para audiencia objetivo,Plan de ejecución inmediato,Riesgos y próximos pasos,Comenta qué ángulo quieres profundizar
cp_166_4508847d55,cp_166_4508847d55_o1,case_breakdown,Por qué repackage_idea importa ahora,Contexto y señal principal,Interpretación para audiencia objetivo,Plan de ejecución inmediato,Riesgos y próximos pasos,Comenta qué ángulo quieres profundizar
cp_167_608d9cfbee,cp_167_608d9cfbee_o1,case_breakdown,Por qué repackage_idea importa ahora,Contexto y señal principal,Interpretación para audiencia objetivo,Plan de ejecución inmediato,Riesgos y próximos pasos,Comenta qué ángulo quieres profundizar
cp_168_35e7e0d790,cp_168_35e7e0d790_o1,case_breakdown,Por qué repackage_idea importa ahora,Contexto y señal principal,Interpretación para audiencia objetivo,Plan de ejecución inmediato,Riesgos y próximos pasos,Comenta qué ángulo quieres profundizar
cp_169_d7bdbc7357,cp_169_d7bdbc7357_o1,case_breakdown,Por qué repackage_idea importa ahora,Contexto y señal principal,Interpretación para audiencia objetivo,Plan de ejecución inmediato,Riesgos y próximos pasos,Comenta qué ángulo quieres profundizar
cp_170_8502ff78ea,cp_170_8502ff78ea_o1,case_breakdown,Por qué repackage_idea importa ahora,Contexto y señal principal,Interpretación para audiencia objetivo,Plan de ejecución inmediato,Riesgos y próximos pasos,Comenta qué ángulo quieres profundizar
cp_171_d6f3dba776,cp_171_d6f3dba776_o1,explain_problem_solution,Por qué tema clave importa ahora,Contexto y señal principal,Interpretación para audiencia objetivo,Plan de ejecución inmediato,Riesgos y próximos pasos,Comenta qué ángulo quieres profundizar
cp_172_130f25c385,cp_172_130f25c385_o1,case_breakdown,Por qué repackage_idea importa ahora,Contexto y señal principal,Interpretación para audiencia objetivo,Plan de ejecución inmediato,Riesgos y próximos pasos,Comenta qué ángulo quieres profundizar
cp_173_b5178742d9,cp_173_b5178742d9_o1,case_breakdown,Por qué repackage_idea importa ahora,Contexto y señal principal,Interpretación para audiencia objetivo,Plan de ejecución inmediato,Riesgos y próximos pasos,Comenta qué ángulo quieres profundizar
cp_174_3eda6b83a4,cp_174_3eda6b83a4_o1,case_breakdown,Por qué repackage_idea importa ahora,Contexto y señal principal,Interpretación para audiencia objetivo,Plan de ejecución inmediato,Riesgos y próximos pasos,Comenta qué ángulo quieres profundizar
cp_175_3585d012ef,cp_175_3585d012ef_o1,case_breakdown,Por qué repackage_idea importa ahora,Contexto y señal principal,Interpretación para audiencia objetivo,Plan de ejecución inmediato,Riesgos y próximos pasos,Comenta qué ángulo quieres profundizar
cp_176_a514e9b443,cp_176_a514e9b443_o1,case_breakdown,Por qué repackage_idea importa ahora,Contexto y señal principal,Interpretación para audiencia objetivo,Plan de ejecución inmediato,Riesgos y próximos pasos,Comenta qué ángulo quieres profundizar
cp_177_e1572b47fb,cp_177_e1572b47fb_o1,case_breakdown,Por qué repackage_idea importa ahora,Contexto y señal principal,Interpretación para audiencia objetivo,Plan de ejecución inmediato,Riesgos y próximos pasos,Comenta qué ángulo quieres profundizar
cp_178_79443c8ff7,cp_178_79443c8ff7_o1,quick_reaction,Por qué create_fast_reaction importa ahora,Contexto y señal principal,Interpretación para audiencia objetivo,Plan de ejecución inmediato,Riesgos y próximos pasos,Comenta qué ángulo quieres profundizar
cp_179_bd1b3ec6f6,cp_179_bd1b3ec6f6_o1,case_breakdown,Por qué repackage_idea importa ahora,Contexto y señal principal,Interpretación para audiencia objetivo,Plan de ejecución inmediato,Riesgos y próximos pasos,Comenta qué ángulo quieres profundizar
cp_180_5d6064b77f,cp_180_5d6064b77f_o1,case_breakdown,Por qué repackage_idea importa ahora,Contexto y señal principal,Interpretación para audiencia objetivo,Plan de ejecución inmediato,Riesgos y próximos pasos,Comenta qué ángulo quieres profundizar
cp_181_e4314bd6a3,cp_181_e4314bd6a3_o1,case_breakdown,Por qué repackage_idea importa ahora,Contexto y señal principal,Interpretación para audiencia objetivo,Plan de ejecución inmediato,Riesgos y próximos pasos,Comenta qué ángulo quieres profundizar
cp_182_05a241a293,cp_182_05a241a293_o1,case_breakdown,Por qué repackage_idea importa ahora,Contexto y señal principal,Interpretación para audiencia objetivo,Plan de ejecución inmediato,Riesgos y próximos pasos,Comenta qué ángulo quieres profundizar
cp_183_5cbc9cde07,cp_183_5cbc9cde07_o1,case_breakdown,Por qué repackage_idea importa ahora,Contexto y señal principal,Interpretación para audiencia objetivo,Plan de ejecución inmediato,Riesgos y próximos pasos,Comenta qué ángulo quieres profundizar
cp_184_ee1b048c88,cp_184_ee1b048c88_o1,case_breakdown,Por qué repackage_idea importa ahora,Contexto y señal principal,Interpretación para audiencia objetivo,Plan de ejecución inmediato,Riesgos y próximos pasos,Comenta qué ángulo quieres profundizar
cp_185_2d70f7e61b,cp_185_2d70f7e61b_o1,case_breakdown,Por qué repackage_idea importa ahora,Contexto y señal principal,Interpretación para audiencia objetivo,Plan de ejecución inmediato,Riesgos y próximos pasos,Comenta qué ángulo quieres profundizar
cp_186_1e366cce53,cp_186_1e366cce53_o1,case_breakdown,Por qué repackage_idea importa ahora,Contexto y señal principal,Interpretación para audiencia objetivo,Plan de ejecución inmediato,Riesgos y próximos pasos,Comenta qué ángulo quieres profundizar
cp_187_e3b5b6ce12,cp_187_e3b5b6ce12_o1,case_breakdown,Por qué repackage_idea importa ahora,Contexto y señal principal,Interpretación para audiencia objetivo,Plan de ejecución inmediato,Riesgos y próximos pasos,Comenta qué ángulo quieres profundizar
cp_188_7956f25d95,cp_188_7956f25d95_o1,case_breakdown,Por qué repackage_idea importa ahora,Contexto y señal principal,Interpretación para audiencia objetivo,Plan de ejecución inmediato,Riesgos y próximos pasos,Comenta qué ángulo quieres profundizar
cp_189_77938dc302,cp_189_77938dc302_o1,case_breakdown,Por qué repackage_idea importa ahora,Contexto y señal principal,Interpretación para audiencia objetivo,Plan de ejecución inmediato,Riesgos y próximos pasos,Comenta qué ángulo quieres profundizar
cp_190_233dae17c4,cp_190_233dae17c4_o1,case_breakdown,Por qué repackage_idea importa ahora,Contexto y señal principal,Interpretación para audiencia objetivo,Plan de ejecución inmediato,Riesgos y próximos pasos,Comenta qué ángulo quieres profundizar
cp_191_8280c47044,cp_191_8280c47044_o1,case_breakdown,Por qué repackage_idea importa ahora,Contexto y señal principal,Interpretación para audiencia objetivo,Plan de ejecución inmediato,Riesgos y próximos pasos,Comenta qué ángulo quieres profundizar
cp_192_7d3ac82e93,cp_192_7d3ac82e93_o1,quick_reaction,Por qué create_fast_reaction importa ahora,Contexto y señal principal,Interpretación para audiencia objetivo,Plan de ejecución inmediato,Riesgos y próximos pasos,Comenta qué ángulo quieres profundizar
cp_193_eee17acb38,cp_193_eee17acb38_o1,case_breakdown,Por qué repackage_idea importa ahora,Contexto y señal principal,Interpretación para audiencia objetivo,Plan de ejecución inmediato,Riesgos y próximos pasos,Comenta qué ángulo quieres profundizar
cp_194_2c1c39e3e6,cp_194_2c1c39e3e6_o1,case_breakdown,Por qué repackage_idea importa ahora,Contexto y señal principal,Interpretación para audiencia objetivo,Plan de ejecución inmediato,Riesgos y próximos pasos,Comenta qué ángulo quieres profundizar
cp_195_263916974c,cp_195_263916974c_o1,case_breakdown,Por qué repackage_idea importa ahora,Contexto y señal principal,Interpretación para audiencia objetivo,Plan de ejecución inmediato,Riesgos y próximos pasos,Comenta qué ángulo quieres profundizar
cp_196_276ce98c16,cp_196_276ce98c16_o1,case_breakdown,Por qué repackage_idea importa ahora,Contexto y señal principal,Interpretación para audiencia objetivo,Plan de ejecución inmediato,Riesgos y próximos pasos,Comenta qué ángulo quieres profundizar
cp_197_92693b3dab,cp_197_92693b3dab_o1,case_breakdown,Por qué repackage_idea importa ahora,Contexto y señal principal,Interpretación para audiencia objetivo,Plan de ejecución inmediato,Riesgos y próximos pasos,Comenta qué ángulo quieres profundizar
cp_198_87679415ba,cp_198_87679415ba_o1,case_breakdown,Por qué repackage_idea importa ahora,Contexto y señal principal,Interpretación para audiencia objetivo,Plan de ejecución inmediato,Riesgos y próximos pasos,Comenta qué ángulo quieres profundizar
cp_199_d47a2d1c85,cp_199_d47a2d1c85_o1,case_breakdown,Por qué repackage_idea importa ahora,Contexto y señal principal,Interpretación para audiencia objetivo,Plan de ejecución inmediato,Riesgos y próximos pasos,Comenta qué ángulo quieres profundizar
cp_200_537322b102,cp_200_537322b102_o1,case_breakdown,Por qué repackage_idea importa ahora,Contexto y señal principal,Interpretación para audiencia objetivo,Plan de ejecución inmediato,Riesgos y próximos pasos,Comenta qué ángulo quieres profundizar
cp_201_cedd64087d,cp_201_cedd64087d_o1,case_breakdown,Por qué repackage_idea importa ahora,Contexto y señal principal,Interpretación para audiencia objetivo,Plan de ejecución inmediato,Riesgos y próximos pasos,Comenta qué ángulo quieres profundizar
cp_202_26bc3edd5d,cp_202_26bc3edd5d_o1,case_breakdown,Por qué repackage_idea importa ahora,Contexto y señal principal,Interpretación para audiencia objetivo,Plan de ejecución inmediato,Riesgos y próximos pasos,Comenta qué ángulo quieres profundizar
cp_203_a475fdc37f,cp_203_a475fdc37f_o1,case_breakdown,Por qué repackage_idea importa ahora,Contexto y señal principal,Interpretación para audiencia objetivo,Plan de ejecución inmediato,Riesgos y próximos pasos,Comenta qué ángulo quieres profundizar
cp_204_bd20e7dc81,cp_204_bd20e7dc81_o1,explain_problem_solution,Por qué tema clave importa ahora,Contexto y señal principal,Interpretación para audiencia objetivo,Plan de ejecución inmediato,Riesgos y próximos pasos,Comenta qué ángulo quieres profundizar
cp_205_6a9c6f9902,cp_205_6a9c6f9902_o1,compare_options,Por qué tema clave importa ahora,Contexto y señal principal,Interpretación para audiencia objetivo,Plan de ejecución inmediato,Riesgos y próximos pasos,Comenta qué ángulo quieres profundizar
cp_206_7e67552394,cp_206_7e67552394_o1,case_breakdown,Por qué repackage_idea importa ahora,Contexto y señal principal,Interpretación para audiencia objetivo,Plan de ejecución inmediato,Riesgos y próximos pasos,Comenta qué ángulo quieres profundizar
cp_207_e554aaf695,cp_207_e554aaf695_o1,case_breakdown,Por qué repackage_idea importa ahora,Contexto y señal principal,Interpretación para audiencia objetivo,Plan de ejecución inmediato,Riesgos y próximos pasos,Comenta qué ángulo quieres profundizar
cp_208_2801d9f3b0,cp_208_2801d9f3b0_o1,case_breakdown,Por qué repackage_idea importa ahora,Contexto y señal principal,Interpretación para audiencia objetivo,Plan de ejecución inmediato,Riesgos y próximos pasos,Comenta qué ángulo quieres profundizar
cp_209_4d0dcc9165,cp_209_4d0dcc9165_o1,case_breakdown,Por qué repackage_idea importa ahora,Contexto y señal principal,Interpretación para audiencia objetivo,Plan de ejecución inmediato,Riesgos y próximos pasos,Comenta qué ángulo quieres profundizar
cp_210_8f94963dfd,cp_210_8f94963dfd_o1,case_breakdown,Por qué repackage_idea importa ahora,Contexto y señal principal,Interpretación para audiencia objetivo,Plan de ejecución inmediato,Riesgos y próximos pasos,Comenta qué ángulo quieres profundizar
cp_211_f2a48bfbea,cp_211_f2a48bfbea_o1,case_breakdown,Por qué repackage_idea importa ahora,Contexto y señal principal,Interpretación para audiencia objetivo,Plan de ejecución inmediato,Riesgos y próximos pasos,Comenta qué ángulo quieres profundizar
cp_212_d5d87db8bd,cp_212_d5d87db8bd_o1,case_breakdown,Por qué repackage_idea importa ahora,Contexto y señal principal,Interpretación para audiencia objetivo,Plan de ejecución inmediato,Riesgos y próximos pasos,Comenta qué ángulo quieres profundizar
cp_213_e4242144e1,cp_213_e4242144e1_o1,case_breakdown,Por qué repackage_idea importa ahora,Contexto y señal principal,Interpretación para audiencia objetivo,Plan de ejecución inmediato,Riesgos y próximos pasos,Comenta qué ángulo quieres profundizar
cp_214_20427823f0,cp_214_20427823f0_o1,case_breakdown,Por qué repackage_idea importa ahora,Contexto y señal principal,Interpretación para audiencia objetivo,Plan de ejecución inmediato,Riesgos y próximos pasos,Comenta qué ángulo quieres profundizar
cp_215_16142117b4,cp_215_16142117b4_o1,case_breakdown,Por qué repackage_idea importa ahora,Contexto y señal principal,Interpretación para audiencia objetivo,Plan de ejecución inmediato,Riesgos y próximos pasos,Comenta qué ángulo quieres profundizar
cp_216_3bb1b08976,cp_216_3bb1b08976_o1,case_breakdown,Por qué repackage_idea importa ahora,Contexto y señal principal,Interpretación para audiencia objetivo,Plan de ejecución inmediato,Riesgos y próximos pasos,Comenta qué ángulo quieres profundizar
cp_217_3a9438533b,cp_217_3a9438533b_o1,case_breakdown,Por qué repackage_idea importa ahora,Contexto y señal principal,Interpretación para audiencia objetivo,Plan de ejecución inmediato,Riesgos y próximos pasos,Comenta qué ángulo quieres profundizar
cp_218_bc958c2b2d,cp_218_bc958c2b2d_o1,case_breakdown,Por qué repackage_idea importa ahora,Contexto y señal principal,Interpretación para audiencia objetivo,Plan de ejecución inmediato,Riesgos y próximos pasos,Comenta qué ángulo quieres profundizar
cp_219_f88eb4801b,cp_219_f88eb4801b_o1,case_breakdown,Por qué repackage_idea importa ahora,Contexto y señal principal,Interpretación para audiencia objetivo,Plan de ejecución inmediato,Riesgos y próximos pasos,Comenta qué ángulo quieres profundizar
cp_220_1101d0f2da,cp_220_1101d0f2da_o1,case_breakdown,Por qué repackage_idea importa ahora,Contexto y señal principal,Interpretación para audiencia objetivo,Plan de ejecución inmediato,Riesgos y próximos pasos,Comenta qué ángulo quieres profundizar
cp_221_fa31afa725,cp_221_fa31afa725_o1,case_breakdown,Por qué repackage_idea importa ahora,Contexto y señal principal,Interpretación para audiencia objetivo,Plan de ejecución inmediato,Riesgos y próximos pasos,Comenta qué ángulo quieres profundizar
cp_222_b54436f891,cp_222_b54436f891_o1,case_breakdown,Por qué repackage_idea importa ahora,Contexto y señal principal,Interpretación para audiencia objetivo,Plan de ejecución inmediato,Riesgos y próximos pasos,Comenta qué ángulo quieres profundizar
cp_223_fa960711fe,cp_223_fa960711fe_o1,explain_problem_solution,Por qué tema clave importa ahora,Contexto y señal principal,Interpretación para audiencia objetivo,Plan de ejecución inmediato,Riesgos y próximos pasos,Comenta qué ángulo quieres profundizar
cp_224_c3c4d90222,cp_224_c3c4d90222_o1,quick_reaction,Por qué create_fast_reaction importa ahora,Contexto y señal principal,Interpretación para audiencia objetivo,Plan de ejecución inmediato,Riesgos y próximos pasos,Comenta qué ángulo quieres profundizar
cp_225_d5e958a8ed,cp_225_d5e958a8ed_o1,case_breakdown,Por qué repackage_idea importa ahora,Contexto y señal principal,Interpretación para audiencia objetivo,Plan de ejecución inmediato,Riesgos y próximos pasos,Comenta qué ángulo quieres profundizar
cp_226_1c3d8bdf65,cp_226_1c3d8bdf65_o1,case_breakdown,Por qué repackage_idea importa ahora,Contexto y señal principal,Interpretación para audiencia objetivo,Plan de ejecución inmediato,Riesgos y próximos pasos,Comenta qué ángulo quieres profundizar
cp_227_a596fd0b7f,cp_227_a596fd0b7f_o1,case_breakdown,Por qué repackage_idea importa ahora,Contexto y señal principal,Interpretación para audiencia objetivo,Plan de ejecución inmediato,Riesgos y próximos pasos,Comenta qué ángulo quieres profundizar
cp_228_7db2b62d6c,cp_228_7db2b62d6c_o1,case_breakdown,Por qué repackage_idea importa ahora,Contexto y señal principal,Interpretación para audiencia objetivo,Plan de ejecución inmediato,Riesgos y próximos pasos,Comenta qué ángulo quieres profundizar
cp_229_b87fde1af2,cp_229_b87fde1af2_o1,case_breakdown,Por qué repackage_idea importa ahora,Contexto y señal principal,Interpretación para audiencia objetivo,Plan de ejecución inmediato,Riesgos y próximos pasos,Comenta qué ángulo quieres profundizar
cp_230_2688ad32ad,cp_230_2688ad32ad_o1,case_breakdown,Por qué repackage_idea importa ahora,Contexto y señal principal,Interpretación para audiencia objetivo,Plan de ejecución inmediato,Riesgos y próximos pasos,Comenta qué ángulo quieres profundizar
cp_231_8c2aac917d,cp_231_8c2aac917d_o1,case_breakdown,Por qué repackage_idea importa ahora,Contexto y señal principal,Interpretación para audiencia objetivo,Plan de ejecución inmediato,Riesgos y próximos pasos,Comenta qué ángulo quieres profundizar
cp_232_0e25df28cf,cp_232_0e25df28cf_o1,case_breakdown,Por qué repackage_idea importa ahora,Contexto y señal principal,Interpretación para audiencia objetivo,Plan de ejecución inmediato,Riesgos y próximos pasos,Comenta qué ángulo quieres profundizar
cp_233_91a8e81286,cp_233_91a8e81286_o1,case_breakdown,Por qué repackage_idea importa ahora,Contexto y señal principal,Interpretación para audiencia objetivo,Plan de ejecución inmediato,Riesgos y próximos pasos,Comenta qué ángulo quieres profundizar
cp_234_fd0c950012,cp_234_fd0c950012_o1,case_breakdown,Por qué repackage_idea importa ahora,Contexto y señal principal,Interpretación para audiencia objetivo,Plan de ejecución inmediato,Riesgos y próximos pasos,Comenta qué ángulo quieres profundizar
cp_235_be954af5cd,cp_235_be954af5cd_o1,case_breakdown,Por qué repackage_idea importa ahora,Contexto y señal principal,Interpretación para audiencia objetivo,Plan de ejecución inmediato,Riesgos y próximos pasos,Comenta qué ángulo quieres profundizar
cp_236_918f683963,cp_236_918f683963_o1,case_breakdown,Por qué repackage_idea importa ahora,Contexto y señal principal,Interpretación para audiencia objetivo,Plan de ejecución inmediato,Riesgos y próximos pasos,Comenta qué ángulo quieres profundizar
cp_237_6f10e4f872,cp_237_6f10e4f872_o1,case_breakdown,Por qué repackage_idea importa ahora,Contexto y señal principal,Interpretación para audiencia objetivo,Plan de ejecución inmediato,Riesgos y próximos pasos,Comenta qué ángulo quieres profundizar
cp_238_7cd10b6e01,cp_238_7cd10b6e01_o1,case_breakdown,Por qué repackage_idea importa ahora,Contexto y señal principal,Interpretación para audiencia objetivo,Plan de ejecución inmediato,Riesgos y próximos pasos,Comenta qué ángulo quieres profundizar
cp_239_c9af9cb4c4,cp_239_c9af9cb4c4_o1,case_breakdown,Por qué repackage_idea importa ahora,Contexto y señal principal,Interpretación para audiencia objetivo,Plan de ejecución inmediato,Riesgos y próximos pasos,Comenta qué ángulo quieres profundizar
cp_240_841f051532,cp_240_841f051532_o1,case_breakdown,Por qué repackage_idea importa ahora,Contexto y señal principal,Interpretación para audiencia objetivo,Plan de ejecución inmediato,Riesgos y próximos pasos,Comenta qué ángulo quieres profundizar
cp_241_6ea3db6982,cp_241_6ea3db6982_o1,case_breakdown,Por qué repackage_idea importa ahora,Contexto y señal principal,Interpretación para audiencia objetivo,Plan de ejecución inmediato,Riesgos y próximos pasos,Comenta qué ángulo quieres profundizar
cp_242_598c85c772,cp_242_598c85c772_o1,case_breakdown,Por qué repackage_idea importa ahora,Contexto y señal principal,Interpretación para audiencia objetivo,Plan de ejecución inmediato,Riesgos y próximos pasos,Comenta qué ángulo quieres profundizar
cp_243_299898170a,cp_243_299898170a_o1,case_breakdown,Por qué repackage_idea importa ahora,Contexto y señal principal,Interpretación para audiencia objetivo,Plan de ejecución inmediato,Riesgos y próximos pasos,Comenta qué ángulo quieres profundizar
cp_244_14d7e31d00,cp_244_14d7e31d00_o1,case_breakdown,Por qué repackage_idea importa ahora,Contexto y señal principal,Interpretación para audiencia objetivo,Plan de ejecución inmediato,Riesgos y próximos pasos,Comenta qué ángulo quieres profundizar
cp_245_559c5b892f,cp_245_559c5b892f_o1,case_breakdown,Por qué repackage_idea importa ahora,Contexto y señal principal,Interpretación para audiencia objetivo,Plan de ejecución inmediato,Riesgos y próximos pasos,Comenta qué ángulo quieres profundizar
cp_246_3ee81ce469,cp_246_3ee81ce469_o1,case_breakdown,Por qué repackage_idea importa ahora,Contexto y señal principal,Interpretación para audiencia objetivo,Plan de ejecución inmediato,Riesgos y próximos pasos,Comenta qué ángulo quieres profundizar
cp_247_479ef842e3,cp_247_479ef842e3_o1,case_breakdown,Por qué repackage_idea importa ahora,Contexto y señal principal,Interpretación para audiencia objetivo,Plan de ejecución inmediato,Riesgos y próximos pasos,Comenta qué ángulo quieres profundizar
cp_248_a7ad4bc47c,cp_248_a7ad4bc47c_o1,case_breakdown,Por qué repackage_idea importa ahora,Contexto y señal principal,Interpretación para audiencia objetivo,Plan de ejecución inmediato,Riesgos y próximos pasos,Comenta qué ángulo quieres profundizar
cp_249_98d087e29f,cp_249_98d087e29f_o1,case_breakdown,Por qué repackage_idea importa ahora,Contexto y señal principal,Interpretación para audiencia objetivo,Plan de ejecución inmediato,Riesgos y próximos pasos,Comenta qué ángulo quieres profundizar
cp_250_025e009921,cp_250_025e009921_o1,case_breakdown,Por qué repackage_idea importa ahora,Contexto y señal principal,Interpretación para audiencia objetivo,Plan de ejecución inmediato,Riesgos y próximos pasos,Comenta qué ángulo quieres profundizar
cp_251_ac5b0cfaf0,cp_251_ac5b0cfaf0_o1,case_breakdown,Por qué repackage_idea importa ahora,Contexto y señal principal,Interpretación para audiencia objetivo,Plan de ejecución inmediato,Riesgos y próximos pasos,Comenta qué ángulo quieres profundizar
cp_252_6d4f7d707e,cp_252_6d4f7d707e_o1,case_breakdown,Por qué repackage_idea importa ahora,Contexto y señal principal,Interpretación para audiencia objetivo,Plan de ejecución inmediato,Riesgos y próximos pasos,Comenta qué ángulo quieres profundizar
cp_253_904cda0917,cp_253_904cda0917_o1,compare_options,Por qué tema clave importa ahora,Contexto y señal principal,Interpretación para audiencia objetivo,Plan de ejecución inmediato,Riesgos y próximos pasos,Comenta qué ángulo quieres profundizar
cp_254_7c0274920b,cp_254_7c0274920b_o1,case_breakdown,Por qué repackage_idea importa ahora,Contexto y señal principal,Interpretación para audiencia objetivo,Plan de ejecución inmediato,Riesgos y próximos pasos,Comenta qué ángulo quieres profundizar
cp_255_5a5848eca4,cp_255_5a5848eca4_o1,case_breakdown,Por qué repackage_idea importa ahora,Contexto y señal principal,Interpretación para audiencia objetivo,Plan de ejecución inmediato,Riesgos y próximos pasos,Comenta qué ángulo quieres profundizar
cp_256_1e0b93f39e,cp_256_1e0b93f39e_o1,case_breakdown,Por qué repackage_idea importa ahora,Contexto y señal principal,Interpretación para audiencia objetivo,Plan de ejecución inmediato,Riesgos y próximos pasos,Comenta qué ángulo quieres profundizar
cp_257_3e42fc04cc,cp_257_3e42fc04cc_o1,case_breakdown,Por qué repackage_idea importa ahora,Contexto y señal principal,Interpretación para audiencia objetivo,Plan de ejecución inmediato,Riesgos y próximos pasos,Comenta qué ángulo quieres profundizar
cp_258_820e00c7e8,cp_258_820e00c7e8_o1,case_breakdown,Por qué repackage_idea importa ahora,Contexto y señal principal,Interpretación para audiencia objetivo,Plan de ejecución inmediato,Riesgos y próximos pasos,Comenta qué ángulo quieres profundizar
cp_259_85a32adea1,cp_259_85a32adea1_o1,case_breakdown,Por qué repackage_idea importa ahora,Contexto y señal principal,Interpretación para audiencia objetivo,Plan de ejecución inmediato,Riesgos y próximos pasos,Comenta qué ángulo quieres profundizar
cp_260_e0507e34b5,cp_260_e0507e34b5_o1,case_breakdown,Por qué repackage_idea importa ahora,Contexto y señal principal,Interpretación para audiencia objetivo,Plan de ejecución inmediato,Riesgos y próximos pasos,Comenta qué ángulo quieres profundizar
cp_261_8e576450e3,cp_261_8e576450e3_o1,case_breakdown,Por qué repackage_idea importa ahora,Contexto y señal principal,Interpretación para audiencia objetivo,Plan de ejecución inmediato,Riesgos y próximos pasos,Comenta qué ángulo quieres profundizar
cp_262_8e3408f8dc,cp_262_8e3408f8dc_o1,case_breakdown,Por qué repackage_idea importa ahora,Contexto y señal principal,Interpretación para audiencia objetivo,Plan de ejecución inmediato,Riesgos y próximos pasos,Comenta qué ángulo quieres profundizar
cp_263_d11ce23218,cp_263_d11ce23218_o1,quick_reaction,Por qué create_fast_reaction importa ahora,Contexto y señal principal,Interpretación para audiencia objetivo,Plan de ejecución inmediato,Riesgos y próximos pasos,Comenta qué ángulo quieres profundizar
cp_264_5e36bd84eb,cp_264_5e36bd84eb_o1,case_breakdown,Por qué repackage_idea importa ahora,Contexto y señal principal,Interpretación para audiencia objetivo,Plan de ejecución inmediato,Riesgos y próximos pasos,Comenta qué ángulo quieres profundizar
cp_265_e60e47a316,cp_265_e60e47a316_o1,case_breakdown,Por qué repackage_idea importa ahora,Contexto y señal principal,Interpretación para audiencia objetivo,Plan de ejecución inmediato,Riesgos y próximos pasos,Comenta qué ángulo quieres profundizar
cp_266_375811e68e,cp_266_375811e68e_o1,compare_options,Por qué tema clave importa ahora,Contexto y señal principal,Interpretación para audiencia objetivo,Plan de ejecución inmediato,Riesgos y próximos pasos,Comenta qué ángulo quieres profundizar
cp_267_7b6db728a9,cp_267_7b6db728a9_o1,compare_options,Por qué tema clave importa ahora,Contexto y señal principal,Interpretación para audiencia objetivo,Plan de ejecución inmediato,Riesgos y próximos pasos,Comenta qué ángulo quieres profundizar
cp_268_ad59218fb0,cp_268_ad59218fb0_o1,case_breakdown,Por qué repackage_idea importa ahora,Contexto y señal principal,Interpretación para audiencia objetivo,Plan de ejecución inmediato,Riesgos y próximos pasos,Comenta qué ángulo quieres profundizar
cp_269_ed9dc9e11c,cp_269_ed9dc9e11c_o1,case_breakdown,Por qué repackage_idea importa ahora,Contexto y señal principal,Interpretación para audiencia objetivo,Plan de ejecución inmediato,Riesgos y próximos pasos,Comenta qué ángulo quieres profundizar
cp_270_248c6e3ca3,cp_270_248c6e3ca3_o1,compare_options,Por qué tema clave importa ahora,Contexto y señal principal,Interpretación para audiencia objetivo,Plan de ejecución inmediato,Riesgos y próximos pasos,Comenta qué ángulo quieres profundizar
cp_271_68178b6239,cp_271_68178b6239_o1,case_breakdown,Por qué repackage_idea importa ahora,Contexto y señal principal,Interpretación para audiencia objetivo,Plan de ejecución inmediato,Riesgos y próximos pasos,Comenta qué ángulo quieres profundizar
cp_272_3b98e1381a,cp_272_3b98e1381a_o1,case_breakdown,Por qué repackage_idea importa ahora,Contexto y señal principal,Interpretación para audiencia objetivo,Plan de ejecución inmediato,Riesgos y próximos pasos,Comenta qué ángulo quieres profundizar
cp_273_b95c7922cf,cp_273_b95c7922cf_o1,case_breakdown,Por qué repackage_idea importa ahora,Contexto y señal principal,Interpretación para audiencia objetivo,Plan de ejecución inmediato,Riesgos y próximos pasos,Comenta qué ángulo quieres profundizar
cp_274_80888a4830,cp_274_80888a4830_o1,case_breakdown,Por qué repackage_idea importa ahora,Contexto y señal principal,Interpretación para audiencia objetivo,Plan de ejecución inmediato,Riesgos y próximos pasos,Comenta qué ángulo quieres profundizar
cp_275_ae728eb80c,cp_275_ae728eb80c_o1,case_breakdown,Por qué repackage_idea importa ahora,Contexto y señal principal,Interpretación para audiencia objetivo,Plan de ejecución inmediato,Riesgos y próximos pasos,Comenta qué ángulo quieres profundizar
cp_276_c86accd7bb,cp_276_c86accd7bb_o1,case_breakdown,Por qué repackage_idea importa ahora,Contexto y señal principal,Interpretación para audiencia objetivo,Plan de ejecución inmediato,Riesgos y próximos pasos,Comenta qué ángulo quieres profundizar
cp_277_dc877a3a72,cp_277_dc877a3a72_o1,case_breakdown,Por qué repackage_idea importa ahora,Contexto y señal principal,Interpretación para audiencia objetivo,Plan de ejecución inmediato,Riesgos y próximos pasos,Comenta qué ángulo quieres profundizar
cp_278_36798bf385,cp_278_36798bf385_o1,case_breakdown,Por qué repackage_idea importa ahora,Contexto y señal principal,Interpretación para audiencia objetivo,Plan de ejecución inmediato,Riesgos y próximos pasos,Comenta qué ángulo quieres profundizar
cp_279_e86851d863,cp_279_e86851d863_o1,case_breakdown,Por qué repackage_idea importa ahora,Contexto y señal principal,Interpretación para audiencia objetivo,Plan de ejecución inmediato,Riesgos y próximos pasos,Comenta qué ángulo quieres profundizar
cp_280_44864e3fed,cp_280_44864e3fed_o1,case_breakdown,Por qué repackage_idea importa ahora,Contexto y señal principal,Interpretación para audiencia objetivo,Plan de ejecución inmediato,Riesgos y próximos pasos,Comenta qué ángulo quieres profundizar
cp_281_2a7ca95674,cp_281_2a7ca95674_o1,case_breakdown,Por qué repackage_idea importa ahora,Contexto y señal principal,Interpretación para audiencia objetivo,Plan de ejecución inmediato,Riesgos y próximos pasos,Comenta qué ángulo quieres profundizar
cp_282_40d7fa0e5e,cp_282_40d7fa0e5e_o1,case_breakdown,Por qué repackage_idea importa ahora,Contexto y señal principal,Interpretación para audiencia objetivo,Plan de ejecución inmediato,Riesgos y próximos pasos,Comenta qué ángulo quieres profundizar
cp_283_33418f81ae,cp_283_33418f81ae_o1,case_breakdown,Por qué repackage_idea importa ahora,Contexto y señal principal,Interpretación para audiencia objetivo,Plan de ejecución inmediato,Riesgos y próximos pasos,Comenta qué ángulo quieres profundizar
cp_284_6fa3a92dba,cp_284_6fa3a92dba_o1,case_breakdown,Por qué repackage_idea importa ahora,Contexto y señal principal,Interpretación para audiencia objetivo,Plan de ejecución inmediato,Riesgos y próximos pasos,Comenta qué ángulo quieres profundizar
cp_285_1dda6cad7e,cp_285_1dda6cad7e_o1,case_breakdown,Por qué repackage_idea importa ahora,Contexto y señal principal,Interpretación para audiencia objetivo,Plan de ejecución inmediato,Riesgos y próximos pasos,Comenta qué ángulo quieres profundizar
cp_286_d579eebcab,cp_286_d579eebcab_o1,case_breakdown,Por qué repackage_idea importa ahora,Contexto y señal principal,Interpretación para audiencia objetivo,Plan de ejecución inmediato,Riesgos y próximos pasos,Comenta qué ángulo quieres profundizar
cp_287_9f0d174b6a,cp_287_9f0d174b6a_o1,explain_problem_solution,Por qué tema clave importa ahora,Contexto y señal principal,Interpretación para audiencia objetivo,Plan de ejecución inmediato,Riesgos y próximos pasos,Comenta qué ángulo quieres profundizar
cp_288_a02a97a2e3,cp_288_a02a97a2e3_o1,compare_options,Por qué tema clave importa ahora,Contexto y señal principal,Interpretación para audiencia objetivo,Plan de ejecución inmediato,Riesgos y próximos pasos,Comenta qué ángulo quieres profundizar
cp_289_589fe1fd8d,cp_289_589fe1fd8d_o1,compare_options,Por qué tema clave importa ahora,Contexto y señal principal,Interpretación para audiencia objetivo,Plan de ejecución inmediato,Riesgos y próximos pasos,Comenta qué ángulo quieres profundizar
cp_290_ed39db39a8,cp_290_ed39db39a8_o1,case_breakdown,Por qué repackage_idea importa ahora,Contexto y señal principal,Interpretación para audiencia objetivo,Plan de ejecución inmediato,Riesgos y próximos pasos,Comenta qué ángulo quieres profundizar
cp_291_a7072ba5b8,cp_291_a7072ba5b8_o1,compare_options,Por qué tema clave importa ahora,Contexto y señal principal,Interpretación para audiencia objetivo,Plan de ejecución inmediato,Riesgos y próximos pasos,Comenta qué ángulo quieres profundizar
cp_292_08ddf8f9ca,cp_292_08ddf8f9ca_o1,case_breakdown,Por qué repackage_idea importa ahora,Contexto y señal principal,Interpretación para audiencia objetivo,Plan de ejecución inmediato,Riesgos y próximos pasos,Comenta qué ángulo quieres profundizar
cp_293_27c76edf4d,cp_293_27c76edf4d_o1,case_breakdown,Por qué repackage_idea importa ahora,Contexto y señal principal,Interpretación para audiencia objetivo,Plan de ejecución inmediato,Riesgos y próximos pasos,Comenta qué ángulo quieres profundizar
cp_294_5e21260728,cp_294_5e21260728_o1,case_breakdown,Por qué repackage_idea importa ahora,Contexto y señal principal,Interpretación para audiencia objetivo,Plan de ejecución inmediato,Riesgos y próximos pasos,Comenta qué ángulo quieres profundizar
cp_295_557d2a198d,cp_295_557d2a198d_o1,case_breakdown,Por qué repackage_idea importa ahora,Contexto y señal principal,Interpretación para audiencia objetivo,Plan de ejecución inmediato,Riesgos y próximos pasos,Comenta qué ángulo quieres profundizar
cp_296_52dc4ee8e4,cp_296_52dc4ee8e4_o1,case_breakdown,Por qué repackage_idea importa ahora,Contexto y señal principal,Interpretación para audiencia objetivo,Plan de ejecución inmediato,Riesgos y próximos pasos,Comenta qué ángulo quieres profundizar
cp_297_fc4d5d9b37,cp_297_fc4d5d9b37_o1,compare_options,Por qué tema clave importa ahora,Contexto y señal principal,Interpretación para audiencia objetivo,Plan de ejecución inmediato,Riesgos y próximos pasos,Comenta qué ángulo quieres profundizar
cp_298_058bca3fab,cp_298_058bca3fab_o1,case_breakdown,Por qué repackage_idea importa ahora,Contexto y señal principal,Interpretación para audiencia objetivo,Plan de ejecución inmediato,Riesgos y próximos pasos,Comenta qué ángulo quieres profundizar
cp_299_8b056ee79a,cp_299_8b056ee79a_o1,compare_options,Por qué tema clave importa ahora,Contexto y señal principal,Interpretación para audiencia objetivo,Plan de ejecución inmediato,Riesgos y próximos pasos,Comenta qué ángulo quieres profundizar
cp_300_b139bf1b39,cp_300_b139bf1b39_o1,case_breakdown,Por qué repackage_idea importa ahora,Contexto y señal principal,Interpretación para audiencia objetivo,Plan de ejecución inmediato,Riesgos y próximos pasos,Comenta qué ángulo quieres profundizar
cp_301_5dbc34fed4,cp_301_5dbc34fed4_o1,case_breakdown,Por qué repackage_idea importa ahora,Contexto y señal principal,Interpretación para audiencia objetivo,Plan de ejecución inmediato,Riesgos y próximos pasos,Comenta qué ángulo quieres profundizar
cp_302_d5bb5997ec,cp_302_d5bb5997ec_o1,compare_options,Por qué tema clave importa ahora,Contexto y señal principal,Interpretación para audiencia objetivo,Plan de ejecución inmediato,Riesgos y próximos pasos,Comenta qué ángulo quieres profundizar
cp_303_e52edbc829,cp_303_e52edbc829_o1,compare_options,Por qué tema clave importa ahora,Contexto y señal principal,Interpretación para audiencia objetivo,Plan de ejecución inmediato,Riesgos y próximos pasos,Comenta qué ángulo quieres profundizar
cp_304_cc1def555d,cp_304_cc1def555d_o1,compare_options,Por qué tema clave importa ahora,Contexto y señal principal,Interpretación para audiencia objetivo,Plan de ejecución inmediato,Riesgos y próximos pasos,Comenta qué ángulo quieres profundizar
cp_305_88d0bcac23,cp_305_88d0bcac23_o1,compare_options,Por qué tema clave importa ahora,Contexto y señal principal,Interpretación para audiencia objetivo,Plan de ejecución inmediato,Riesgos y próximos pasos,Comenta qué ángulo quieres profundizar
cp_306_9ca6d50b3b,cp_306_9ca6d50b3b_o1,case_breakdown,Por qué repackage_idea importa ahora,Contexto y señal principal,Interpretación para audiencia objetivo,Plan de ejecución inmediato,Riesgos y próximos pasos,Comenta qué ángulo quieres profundizar
cp_307_782eae89a2,cp_307_782eae89a2_o1,compare_options,Por qué tema clave importa ahora,Contexto y señal principal,Interpretación para audiencia objetivo,Plan de ejecución inmediato,Riesgos y próximos pasos,Comenta qué ángulo quieres profundizar
cp_308_a3ea2b4531,cp_308_a3ea2b4531_o1,case_breakdown,Por qué repackage_idea importa ahora,Contexto y señal principal,Interpretación para audiencia objetivo,Plan de ejecución inmediato,Riesgos y próximos pasos,Comenta qué ángulo quieres profundizar
cp_309_ce16889b6c,cp_309_ce16889b6c_o1,case_breakdown,Por qué repackage_idea importa ahora,Contexto y señal principal,Interpretación para audiencia objetivo,Plan de ejecución inmediato,Riesgos y próximos pasos,Comenta qué ángulo quieres profundizar
cp_310_60bf2551a6,cp_310_60bf2551a6_o1,compare_options,Por qué tema clave importa ahora,Contexto y señal principal,Interpretación para audiencia objetivo,Plan de ejecución inmediato,Riesgos y próximos pasos,Comenta qué ángulo quieres profundizar
cp_311_d665dad95f,cp_311_d665dad95f_o1,case_breakdown,Por qué repackage_idea importa ahora,Contexto y señal principal,Interpretación para audiencia objetivo,Plan de ejecución inmediato,Riesgos y próximos pasos,Comenta qué ángulo quieres profundizar
cp_312_d624508e19,cp_312_d624508e19_o1,case_breakdown,Por qué repackage_idea importa ahora,Contexto y señal principal,Interpretación para audiencia objetivo,Plan de ejecución inmediato,Riesgos y próximos pasos,Comenta qué ángulo quieres profundizar
cp_313_da73b10fbc,cp_313_da73b10fbc_o1,case_breakdown,Por qué repackage_idea importa ahora,Contexto y señal principal,Interpretación para audiencia objetivo,Plan de ejecución inmediato,Riesgos y próximos pasos,Comenta qué ángulo quieres profundizar
cp_314_9ab498d698,cp_314_9ab498d698_o1,case_breakdown,Por qué repackage_idea importa ahora,Contexto y señal principal,Interpretación para audiencia objetivo,Plan de ejecución inmediato,Riesgos y próximos pasos,Comenta qué ángulo quieres profundizar
cp_315_b59306de9a,cp_315_b59306de9a_o1,explain_problem_solution,Por qué tema clave importa ahora,Contexto y señal principal,Interpretación para audiencia objetivo,Plan de ejecución inmediato,Riesgos y próximos pasos,Comenta qué ángulo quieres profundizar
cp_316_7e9d09de16,cp_316_7e9d09de16_o1,compare_options,Por qué tema clave importa ahora,Contexto y señal principal,Interpretación para audiencia objetivo,Plan de ejecución inmediato,Riesgos y próximos pasos,Comenta qué ángulo quieres profundizar
cp_317_6f0a288859,cp_317_6f0a288859_o1,compare_options,Por qué tema clave importa ahora,Contexto y señal principal,Interpretación para audiencia objetivo,Plan de ejecución inmediato,Riesgos y próximos pasos,Comenta qué ángulo quieres profundizar
cp_318_b420ba33b9,cp_318_b420ba33b9_o1,case_breakdown,Por qué repackage_idea importa ahora,Contexto y señal principal,Interpretación para audiencia objetivo,Plan de ejecución inmediato,Riesgos y próximos pasos,Comenta qué ángulo quieres profundizar
cp_319_15608d1105,cp_319_15608d1105_o1,compare_options,Por qué tema clave importa ahora,Contexto y señal principal,Interpretación para audiencia objetivo,Plan de ejecución inmediato,Riesgos y próximos pasos,Comenta qué ángulo quieres profundizar
cp_320_4f95b27b57,cp_320_4f95b27b57_o1,case_breakdown,Por qué repackage_idea importa ahora,Contexto y señal principal,Interpretación para audiencia objetivo,Plan de ejecución inmediato,Riesgos y próximos pasos,Comenta qué ángulo quieres profundizar
cp_321_5dca37d774,cp_321_5dca37d774_o1,compare_options,Por qué tema clave importa ahora,Contexto y señal principal,Interpretación para audiencia objetivo,Plan de ejecución inmediato,Riesgos y próximos pasos,Comenta qué ángulo quieres profundizar
cp_322_1f01546be2,cp_322_1f01546be2_o1,case_breakdown,Por qué repackage_idea importa ahora,Contexto y señal principal,Interpretación para audiencia objetivo,Plan de ejecución inmediato,Riesgos y próximos pasos,Comenta qué ángulo quieres profundizar
cp_323_6bdf772e90,cp_323_6bdf772e90_o1,case_breakdown,Por qué repackage_idea importa ahora,Contexto y señal principal,Interpretación para audiencia objetivo,Plan de ejecución inmediato,Riesgos y próximos pasos,Comenta qué ángulo quieres profundizar
cp_324_8be4d8e858,cp_324_8be4d8e858_o1,case_breakdown,Por qué repackage_idea importa ahora,Contexto y señal principal,Interpretación para audiencia objetivo,Plan de ejecución inmediato,Riesgos y próximos pasos,Comenta qué ángulo quieres profundizar
cp_325_ec8ded0462,cp_325_ec8ded0462_o1,case_breakdown,Por qué repackage_idea importa ahora,Contexto y señal principal,Interpretación para audiencia objetivo,Plan de ejecución inmediato,Riesgos y próximos pasos,Comenta qué ángulo quieres profundizar
cp_326_10f1f54196,cp_326_10f1f54196_o1,compare_options,Por qué tema clave importa ahora,Contexto y señal principal,Interpretación para audiencia objetivo,Plan de ejecución inmediato,Riesgos y próximos pasos,Comenta qué ángulo quieres profundizar
cp_327_9ec1addce6,cp_327_9ec1addce6_o1,case_breakdown,Por qué repackage_idea importa ahora,Contexto y señal principal,Interpretación para audiencia objetivo,Plan de ejecución inmediato,Riesgos y próximos pasos,Comenta qué ángulo quieres profundizar
cp_328_dc7ecc37f4,cp_328_dc7ecc37f4_o1,compare_options,Por qué tema clave importa ahora,Contexto y señal principal,Interpretación para audiencia objetivo,Plan de ejecución inmediato,Riesgos y próximos pasos,Comenta qué ángulo quieres profundizar
cp_329_678283535b,cp_329_678283535b_o1,case_breakdown,Por qué repackage_idea importa ahora,Contexto y señal principal,Interpretación para audiencia objetivo,Plan de ejecución inmediato,Riesgos y próximos pasos,Comenta qué ángulo quieres profundizar
