grain,period_start,period_end,video_id,channel_id,channel_name,title,period_views_delta,period_likes_delta,period_comments_delta,period_avg_engagement_rate,period_snapshots,latest_views,latest_likes,latest_comments
monthly,2026-04-01,2026-04-30,WgcdDVIUXcI,UC52hytXteCKmuOzMViTK8_w,CdeCiencia,¿Cómo funcionan las gomas de borrar?,779711,6758,16,0.025765,2,3548612,83679,271
monthly,2026-04-01,2026-04-30,Su0aCV35IFM,UC415bOPUcGSamy543abLmRA,Cleo Abram,There's a Telescope at the Bottom of the Ocean,697189,31091,251,0.058422,2,1382950,73841,677
monthly,2026-04-01,2026-04-30,v_1Dhh8G84c,UCLe_q9axMaeTbjN0hy1Z9xA,Caleb Hammer,Paying $2500 a Month For Rent in Texas,482896,12536,168,0.037724,2,842884,27474,460
monthly,2026-04-01,2026-04-30,u_f8bJkfg68,UC52hytXteCKmuOzMViTK8_w,CdeCiencia,Este efecto táctil te hará sentir DOBLE,401425,7472,77,0.034273,2,1795948,57466,592
monthly,2026-04-01,2026-04-30,vmRbevilfpU,UCOWFKaCN-rzmYk502JFWnqg,Eze Martínez,Números de la suerte 🍀,291634,5994,34,0.037811,2,5374140,199212,1418
monthly,2026-04-01,2026-04-30,pcAJLeGAtwc,UCLe_q9axMaeTbjN0hy1Z9xA,Caleb Hammer,DO NOT BUY A NISSAN ALTIMA,248843,6355,129,0.030798,2,513205,14703,324
monthly,2026-04-01,2026-04-30,0Z1lChyi2W4,UCLe_q9axMaeTbjN0hy1Z9xA,Caleb Hammer,This Nurse Makes $130k But Can't Afford Groceries,245750,6213,181,0.04138,2,309235,9359,305
monthly,2026-04-01,2026-04-30,QfUb5MEAOXA,UC4QZ_LsYcvcq7qOsOhpAX4A,ColdFusion,"Apple CEO Resigns, What Now?",232980,9149,768,0.057927,2,241802,9719,835
monthly,2026-04-01,2026-04-30,EGTF9mGda4U,UCWBWgCD4oAqT3hUeq40SCUw,Sambucha,Biggest Lawsuits Ever,204629,8638,93,0.064389,2,384778,21433,315
monthly,2026-04-01,2026-04-30,39czcByvq7c,UCWBWgCD4oAqT3hUeq40SCUw,Sambucha,I Investigated Stores That Are Disappearing (Again),196635,4550,432,0.062263,2,233422,7217,1044
monthly,2026-04-01,2026-04-30,iRach9lpIlg,UCHnyfMqiRRG1u-2MsSQLbXA,Veritasium,Wombat Poop Is Weird...,191495,3214,70,0.02172,2,806304,16596,420
monthly,2026-04-01,2026-04-30,gdjCR9h1yGc,UCWBWgCD4oAqT3hUeq40SCUw,Sambucha,Things You’re Allowed To Own But Not Sell,178799,7974,99,0.060703,2,1933226,113950,1945
monthly,2026-04-01,2026-04-30,Bcag49Fk3zA,UCLe_q9axMaeTbjN0hy1Z9xA,Caleb Hammer,"I Spend $300,000 a Month on Financial Audit",169966,4181,34,0.035391,2,879152,29801,317
monthly,2026-04-01,2026-04-30,MVFd0qFB9TE,UCHnyfMqiRRG1u-2MsSQLbXA,Veritasium,Why don't trains make *that* sound anymore?,165080,6513,76,0.030041,2,3367296,100702,1291
monthly,2026-04-01,2026-04-30,48hHo2WcAQI,UC1viRct91s1a3Z5yvk7FJXw,Diego Ruzzarin,"¿Argentina, será el nuevo patio trasero de Israel? #diegoruzzarin #milei #argentina",153912,15162,1042,0.152736,2,160945,16452,1132
monthly,2026-04-01,2026-04-30,Hk-ARbCTKzM,UCWBWgCD4oAqT3hUeq40SCUw,Sambucha,People Who Became Famous For Doing Nothing,153557,3175,11,0.047585,2,4455535,208752,1170
monthly,2026-04-01,2026-04-30,PnpHwhTWw0c,UCGq-a57w-aPwyi3pW7XLiHw,The Diary Of A CEO,Sex Expert: What Women Actually Need To Enjoy Sex,141055,2699,178,0.028619,2,649058,16187,1738
monthly,2026-04-01,2026-04-30,XsY6iChNzf0,UCQHX6ViZmPsWiYSFAyS0a3Q,GothamChess,Human vs Computer,140521,4195,30,0.038874,2,513784,19050,206
monthly,2026-04-01,2026-04-30,roUppNywDks,UCLe_q9axMaeTbjN0hy1Z9xA,Caleb Hammer,"$388,000 Of Debt To Storm The Capitol | Financial Audit",138999,1372,484,0.036872,2,421920,9551,4049
monthly,2026-04-01,2026-04-30,W41XcEogOB0,UCWBWgCD4oAqT3hUeq40SCUw,Sambucha,Biggest One-Hit Wonders In History,129262,5254,34,0.047714,2,3003990,141564,1318
monthly,2026-04-01,2026-04-30,vNXFk8iGHk8,UCWBWgCD4oAqT3hUeq40SCUw,Sambucha,How Long Could You Stay At Places After They Close?,115696,4586,38,0.062401,2,295408,16570,250
monthly,2026-04-01,2026-04-30,m-nnyNZ0TQ0,UCGq-a57w-aPwyi3pW7XLiHw,The Diary Of A CEO,Stanford Neuroscientist: Can’t Remember Your Dreams? Your Brain May Be Warning You!,115457,1727,96,0.023465,2,1577974,34174,2393
monthly,2026-04-01,2026-04-30,3LnNwS6rqk8,UC36xmz34q02JYaZYKrMwXng,Nate Gentile,Monté el PC de BATMAN dentro de una Batcueva REAL,109058,5429,149,0.090251,2,189926,13702,448
monthly,2026-04-01,2026-04-30,BOmc_wliaRg,UCyJbb85EUgWjl38GcF236Jg,Eva Maria Beristain,CASO EDITH GUADALUPE Y JUAN JESUS N - Ruido Social,103389,2804,363,0.060947,2,499273,25023,3658
monthly,2026-04-01,2026-04-30,IMM5cm6xrXQ,UCLe_q9axMaeTbjN0hy1Z9xA,Caleb Hammer,Couple Makes $13k Per Month But Spends DOUBLE,102767,1607,42,0.024762,2,1000475,23668,634
monthly,2026-04-01,2026-04-30,rc-xQnupse0,UCJQQVLyM6wtPleV4wFBK06g,VisualPolitik,La EXTRAÑA decisión de CHINA sobre IRÁN que DESCONCIERTA a todo el mundo @VisualPolitik,101055,2690,103,0.047517,2,223638,8903,426
monthly,2026-04-01,2026-04-30,pUlUgkaTQZg,UC415bOPUcGSamy543abLmRA,Cleo Abram,There’s Antimatter In This Truck,96130,4828,38,0.0562,2,1115113,61695,694
monthly,2026-04-01,2026-04-30,kH_bSvf7EVA,UCSju5G2aFaWMqn-_0YBtq5A,Stand-up Maths,What is up with UK bridge height signs?,92723,4819,742,0.083606,2,161001,10307,1615
monthly,2026-04-01,2026-04-30,kf9ghd5-VII,UCPgVPrgqpALC1s2e63fgKyg,elWacky,Al Parecer Los Viajes En El Tiempo Son Real,85530,4902,181,0.109634,2,154699,13314,679
monthly,2026-04-01,2026-04-30,z7Qp9Q_Br88,UCsXVk37bltHxD1rDPwtNM8Q,Kurzgesagt – In a Nutshell,Laughing Gas Is Not So Funny,80673,3725,85,0.068147,2,290896,18306,538
monthly,2026-04-01,2026-04-30,DYkyYUjOZTk,UCWBWgCD4oAqT3hUeq40SCUw,Sambucha,Movie Scenes That Were Improvised,79611,3341,12,0.057873,2,1330951,75866,514
monthly,2026-04-01,2026-04-30,0t118SCf-2w,UCLe_q9axMaeTbjN0hy1Z9xA,Caleb Hammer,I'm Selling Everything,74302,807,19,0.01974,2,1456894,27940,491
monthly,2026-04-01,2026-04-30,31t_CBePs34,UCOWFKaCN-rzmYk502JFWnqg,Eze Martínez,El Cifrado Más Difícil,73635,1503,12,0.060807,2,583042,33374,498
monthly,2026-04-01,2026-04-30,UncqiOQc4rI,UCLe_q9axMaeTbjN0hy1Z9xA,Caleb Hammer,Couple Makes $12 an Hour ILLEGALLY,69739,1468,11,0.031747,2,2387359,74442,977
monthly,2026-04-01,2026-04-30,shkHigLwBnM,UCyJbb85EUgWjl38GcF236Jg,Eva Maria Beristain,Padre de Juan Jesús N,66571,2947,114,0.076748,2,76929,3947,152
monthly,2026-04-01,2026-04-30,Czf68kDF_7Y,UCLe_q9axMaeTbjN0hy1Z9xA,Caleb Hammer,This Mother Makes BANK,65808,1257,11,0.026125,2,1571561,40094,733
monthly,2026-04-01,2026-04-30,VsLOWe6VuyQ,UCQHX6ViZmPsWiYSFAyS0a3Q,GothamChess,Magnus Carlsen JUST ENDED CHESS.,60717,1093,47,0.032265,2,571837,16954,1064
monthly,2026-04-01,2026-04-30,kijJaXVri7Q,UCNYW2vfGrUE6R5mIJYzkRyQ,DrossRotzank,3 metrajes hechos antes de morir,59323,2698,46,0.07858,2,528061,39190,1289
monthly,2026-04-01,2026-04-30,0HSNPIttevk,UCLe_q9axMaeTbjN0hy1Z9xA,Caleb Hammer,Do This in Your 20s To Become a MILLIONAIRE,56105,1061,30,0.02694,2,783155,20225,655
monthly,2026-04-01,2026-04-30,iaYdIU5n6vw,UCFBpVaKCC0ajGps1vf0AgBg,Humphrey Yang,10 Things That Are No Longer Worth Your Money,53956,791,121,0.022191,3,482498,9089,1423
monthly,2026-04-01,2026-04-30,oqoBSeL5GIU,UCGq-a57w-aPwyi3pW7XLiHw,The Diary Of A CEO,YOUR PENIS WILL SHRINK FOREVER,52888,1470,73,0.043575,2,148260,5648,349
monthly,2026-04-01,2026-04-30,ucN2hf0CgI8,UCLe_q9axMaeTbjN0hy1Z9xA,Caleb Hammer,Togi Bought a LAMBO at an 18% Interest Rate,50602,719,6,0.027713,2,1162273,31549,315
monthly,2026-04-01,2026-04-30,wy3a_xJI3so,UCWBWgCD4oAqT3hUeq40SCUw,Sambucha,Can You Buy An Entire Movie For Yourself?,47762,2172,22,0.065762,2,637494,40881,550
monthly,2026-04-01,2026-04-30,Cr7oGnSzmb4,UC415bOPUcGSamy543abLmRA,Cleo Abram,What If Earth Was Hollow?,46914,1888,5,0.053091,2,1724242,90708,530
monthly,2026-04-01,2026-04-30,dNNyCZwEa6k,UC415bOPUcGSamy543abLmRA,Cleo Abram,There's a Secret Network Under Your Feet,41906,2221,24,0.072826,2,1961103,140778,1633
monthly,2026-04-01,2026-04-30,VjqsnOrW3AM,UCFBpVaKCC0ajGps1vf0AgBg,Humphrey Yang,"If I wanted to hit my first $100,000 by 35 - here's what I'd do",40427,810,22,0.03843,3,56256,1496,56
monthly,2026-04-01,2026-04-30,vgwG6e9TFcw,UC415bOPUcGSamy543abLmRA,Cleo Abram,What Actually Is A Dyson Sphere?,39589,2021,27,0.056486,2,1107695,61462,1011
monthly,2026-04-01,2026-04-30,FYMdllTCrc0,UCR1IuLEqb6UEA_zQ81kwXfg,Real Engineering,The Insane Engineering of the V-22 Osprey,38144,1080,23,0.039659,2,598289,22657,859
monthly,2026-04-01,2026-04-30,UPbaPjDGQIE,UCWBWgCD4oAqT3hUeq40SCUw,Sambucha,I Tried Buying All The Fries From McDonald’s,36474,1427,18,0.054577,2,2084880,112400,1112
monthly,2026-04-01,2026-04-30,PN8bHAr0f1M,UCOHxDwCcOzBaLkeTazanwcw,Bravos Research,The Damage is done…,35880,728,14,0.034945,2,104617,3284,63
monthly,2026-04-01,2026-04-30,6UPfq3KETg4,UCEQXxiYxNZbym9Fad7-n2Lg,Doctor Fisión,HAN DESCUBIERTO 11.000 NUEVOS INTEGRANTES DEL SISTEMA SOLAR 🌌,35237,1193,14,0.065589,2,63118,3311,63
monthly,2026-04-01,2026-04-30,sKME5er1OKc,UCDOSaJ0pnglwzfkR6fYbisA,Luis Mi Negocios,Las CIUDADES que van a explotar ECONÓMICAMENTE,34725,1454,62,0.062464,2,52314,2666,113
monthly,2026-04-01,2026-04-30,3OUrr_2UCYs,UCGq-a57w-aPwyi3pW7XLiHw,The Diary Of A CEO,THEY'RE LYING TO YOU ABOUT PEPTIDES!,33701,728,32,0.025683,2,839454,20877,629
monthly,2026-04-01,2026-04-30,tbvteFr4SPQ,UCNYW2vfGrUE6R5mIJYzkRyQ,DrossRotzank,Querido Dross: el infierno del IMSS (Instituto Mexicano de Seguro Social),32881,1015,67,0.069876,2,1230540,78279,7090
monthly,2026-04-01,2026-04-30,S0WQP5GeTZs,UCLe_q9axMaeTbjN0hy1Z9xA,Caleb Hammer,Husband Spends $200 a Day at The GAS STATION,32757,565,10,0.028179,2,780431,21157,657
monthly,2026-04-01,2026-04-30,TET8fTKH1e8,UCtIdb7KRqOTcOogKsos_QRw,Lord Draugr,Algo MUY RARO está pasando en el DESIERTO de CHINA,30782,993,11,0.049756,2,377160,17926,565
monthly,2026-04-01,2026-04-30,wEb6ULf3TzU,UCWBWgCD4oAqT3hUeq40SCUw,Sambucha,Jobs That Don’t Technically Require A License,30171,2185,17,0.067625,2,489754,32785,418
monthly,2026-04-01,2026-04-30,3era1_feC3U,UCQHX6ViZmPsWiYSFAyS0a3Q,GothamChess,HES A GENIUS,29327,620,6,0.030461,2,866806,26063,205
monthly,2026-04-01,2026-04-30,8u7HqZJQHDM,UCLe_q9axMaeTbjN0hy1Z9xA,Caleb Hammer,The Most INSANE Financial Audit Ever,28225,286,36,0.023114,2,787685,12975,5063
monthly,2026-04-01,2026-04-30,aZVcAlzBIp4,UCWBWgCD4oAqT3hUeq40SCUw,Sambucha,I Tested Treehouse Airbnbs,27340,238,11,0.023341,2,644167,13552,1285
monthly,2026-04-01,2026-04-30,dl0-TveDDGA,UCsXVk37bltHxD1rDPwtNM8Q,Kurzgesagt – In a Nutshell,Our Minds Are Weirder than You Think,27082,973,18,0.053324,2,1560233,79881,3089
monthly,2026-04-01,2026-04-30,er7v-GJj_V0,UCQX_MZRCaluNKxkywkLEgfA,Date un Vlog,La economía mundial depende de esta isla (no es petroleo),26448,1292,65,0.075724,2,355504,25088,1497
monthly,2026-04-01,2026-04-30,MqpQhyjFZQU,UCbUYAYd1WUznxEEl498z7vA,Woshingo Streams,aimep3 siendo pickme,26137,788,26,0.05301,2,131003,6256,371
monthly,2026-04-01,2026-04-30,GybLbhXj2Nw,UCPdaxSov0mgwh77JvjQO2jQ,Man Carrying Thing,Game Theory #2: The Collapse of the Trump Empire,25910,1501,153,0.105344,2,99119,8661,1162
monthly,2026-04-01,2026-04-30,T7_l896OH20,UCDfbsXLRCyk_LIkrtaTmliQ,PlanetaJuan,Mi abuela tiene 94 años... y esto aprendió.,25791,1443,137,0.133317,2,235005,26540,3807
monthly,2026-04-01,2026-04-30,VKaslzzv1QM,UCl5-lvQyfILb-l2abPk4Ntg,Inteligencia Artificial,🚨 NOTICIAS IA 🚨: China lanza IA al nivel de USA 🔥🤖,25766,705,37,0.052981,3,52940,2216,145
monthly,2026-04-01,2026-04-30,BdUzhVM5w1U,UCQHX6ViZmPsWiYSFAyS0a3Q,GothamChess,Why is he laying down,25151,534,4,0.028814,2,2193785,62515,602
monthly,2026-04-01,2026-04-30,Ycdklm6W1_o,UC7DdEm33SyaTDtWYGO2CwdA,Physics Girl,What happened to my face,24873,1453,31,0.075941,2,232205,16919,501
monthly,2026-04-01,2026-04-30,BPt0fwBCDbQ,UCl5-lvQyfILb-l2abPk4Ntg,Inteligencia Artificial,🤖 Es imposible que un reactor nuclear sufra una explosión nuclear 🤖 #ia #chatgpt #educación,24367,223,2,0.012498,3,221203,2652,71
monthly,2026-04-01,2026-04-30,UUzxEVhRQgQ,UCNYW2vfGrUE6R5mIJYzkRyQ,DrossRotzank,Los Archivos DROSS: Archivo 001 Trampa radioactiva,24271,1255,22,0.094578,2,624378,56270,2263
monthly,2026-04-01,2026-04-30,PoHZWjU54jY,UCQHX6ViZmPsWiYSFAyS0a3Q,GothamChess,HE THREW THE CHAIR,23783,585,11,0.040244,2,1634857,65123,488
monthly,2026-04-01,2026-04-30,NlW_R21cBXs,UC1viRct91s1a3Z5yvk7FJXw,Diego Ruzzarin,Milei abandona a las personas con discapacidad.  #diegoruzzarin #Milei #argentina,23657,649,29,0.087802,2,169529,13446,687
monthly,2026-04-01,2026-04-30,XeN7wKfDOPk,UC1yNl2E66ZzKApQdRuTQ4tw,Sabine Hossenfelder,Our Evolutionary Past Is Killing Us Now,23535,1214,201,0.082065,2,101675,6869,1183
monthly,2026-04-01,2026-04-30,eBbqRceO2qY,UCWBWgCD4oAqT3hUeq40SCUw,Sambucha,Deadliest Video Games,22665,702,5,0.058414,2,1180078,67545,1077
monthly,2026-04-01,2026-04-30,WeliLUboy3M,UCLe_q9axMaeTbjN0hy1Z9xA,Caleb Hammer,The Hairiest Guest in Financial Audit History,22373,250,1,0.0171,2,960827,15881,483
monthly,2026-04-01,2026-04-30,ERWIJPTNZVM,UCQHX6ViZmPsWiYSFAyS0a3Q,GothamChess,JYNXZI vs GOTHAM CHESS BATTLE,21970,438,10,0.038735,2,914725,33858,1370
monthly,2026-04-01,2026-04-30,UM9dcnJXX0k,UCM55RjebjSevVWPnj2LEymw,viyaura,I Mastered Popular Anime Art Styles,21662,543,52,0.065008,2,212643,10546,2849
monthly,2026-04-01,2026-04-30,OwbaFLtBpkQ,UCLe_q9axMaeTbjN0hy1Z9xA,Caleb Hammer,Couple Makes $120k a Year But Lives in a TRAILER,20704,314,3,0.022889,2,541736,12073,247
monthly,2026-04-01,2026-04-30,ktkpd9A8MD8,UCOWFKaCN-rzmYk502JFWnqg,Eze Martínez,La Máquina Imposible De Descifrar,19950,839,41,0.080604,2,248030,18437,1176
monthly,2026-04-01,2026-04-30,KGeCwEOLPGE,UCWBWgCD4oAqT3hUeq40SCUw,Sambucha,How Long Could You Stay At A Movie Theater After It Closes?,19614,655,4,0.060811,2,1790745,107995,634
monthly,2026-04-01,2026-04-30,0kHJZFOuMWc,UC52hytXteCKmuOzMViTK8_w,CdeCiencia,El ladrón más tonto del mundo,18904,439,3,0.056143,2,735188,40737,225
monthly,2026-04-01,2026-04-30,THMW7bXTog4,UCDOSaJ0pnglwzfkR6fYbisA,Luis Mi Negocios,Zuckerberg compró INSTAGRAM por $1000M y Wall Street se BURLÓ,18779,1273,14,0.076204,2,122093,9122,104
monthly,2026-04-01,2026-04-30,Cp3DxMyEBIM,UCxFACDJ98idvo9Gq9M9AQgg,Moris Dieck | Finanzas e Inversiones ,Por qué EE.UU. necesita a México más que nunca | Dimes y Billetes #447,17566,325,28,0.032027,2,46651,1257,108
monthly,2026-04-01,2026-04-30,UEBpQgCIFTk,UC52hytXteCKmuOzMViTK8_w,CdeCiencia,La peculiar manera de criar del cuco,17317,192,1,0.045857,2,518935,23291,200
monthly,2026-04-01,2026-04-30,LLK879SXq_w,UCBBWpss2iXVXtTzl7-4eWbg,Jessica Fernández García,La TÍA PATY: Del CHISME en REDES a la CÁRCEL- Más allá del rosa con Perla Calvillo Cantu,16818,300,48,0.038851,2,29033,785,128
monthly,2026-04-01,2026-04-30,-uSQcEfnKp0,UCLe_q9axMaeTbjN0hy1Z9xA,Caleb Hammer,She Bought a Ford Bronco and Instantly Got it Repossessed,16353,398,14,0.03947,2,461355,17522,569
monthly,2026-04-01,2026-04-30,IJJbQTVdAtE,UCUyDOdBWhC1MCxEjC46d-zw,Alex Hormozi,Stop Chasing The Women In The Red Dress,15432,377,2,0.036168,2,40007,1324,12
monthly,2026-04-01,2026-04-30,EFhMcL3Kf1c,UC1VLQPn9cYSqx8plbk9RxxQ,The Action Lab,How To Eliminate Gravity,15324,429,16,0.046162,2,271393,11739,654
monthly,2026-04-01,2026-04-30,_WrHMsTYlOU,UCLe_q9axMaeTbjN0hy1Z9xA,Caleb Hammer,Couple Spent $100k Inheritance on a SCHOOL BUS,15246,296,19,0.029346,2,771619,21510,1067
monthly,2026-04-01,2026-04-30,msYTFQ4OIu8,UCLe_q9axMaeTbjN0hy1Z9xA,Caleb Hammer,This Has Never Happened Before | Financial Audit,14939,119,68,0.022415,2,888327,13441,6396
monthly,2026-04-01,2026-04-30,hXPy19kPego,UCaVPhFg-Ax873wvhbNitsrQ,El Robot de Platón,El Gran Vacío de Nuestro Genoma,14674,859,50,0.095181,2,79445,6747,546
monthly,2026-04-01,2026-04-30,tQCVAU-fZPA,UCF0L4jd9LcSIxsj5gKITMqQ,Jaime Higuera,Me cambió la vida cuando Jaime Higuera dijo esto #shorts,14555,617,4,0.046293,2,247578,11305,129
monthly,2026-04-01,2026-04-30,zyJ1yZwX_tE,UCUyDOdBWhC1MCxEjC46d-zw,Alex Hormozi,"""I Want To Make My Competition Irrelevant""",14542,252,2,0.029371,2,27790,693,6
monthly,2026-04-01,2026-04-30,87jnYKGVetM,UCUyDOdBWhC1MCxEjC46d-zw,Alex Hormozi,Most People Quit Right Before This Happens,14370,522,5,0.056119,2,17898,760,11
monthly,2026-04-01,2026-04-30,5wuHYQMnYhA,UCLe_q9axMaeTbjN0hy1Z9xA,Caleb Hammer,Boyfriend Prevents Her From Scaling a $50k Business,13449,448,5,0.039219,2,783553,30052,641
monthly,2026-04-01,2026-04-30,fpmYvXCzO1c,UCWBWgCD4oAqT3hUeq40SCUw,Sambucha,Things That Are Surprisingly Illegal,13190,659,7,0.055883,2,1130229,62101,1024
monthly,2026-04-01,2026-04-30,K9S3YgFZN9Y,UCLe_q9axMaeTbjN0hy1Z9xA,Caleb Hammer,Swiftie Makes $85k Per Year!,12717,193,3,0.024573,2,564964,13571,253
monthly,2026-04-01,2026-04-30,x2r3FTy9HHE,UCPdaxSov0mgwh77JvjQO2jQ,Man Carrying Thing,how i imagine they wrote the Michael Jackson movie,12694,518,37,0.073505,2,210719,14335,959
monthly,2026-04-01,2026-04-30,crrTHKN_R58,UCTfQ65AxquXmih3r6rZmK-Q,jefillysh,Por qué ODIAMOS a los demás? - CIENCIA SIMPLIFICADA EP#77,12370,608,28,0.090643,2,69628,5598,447
monthly,2026-04-01,2026-04-30,FZbMPtLRr00,UCsXVk37bltHxD1rDPwtNM8Q,Kurzgesagt – In a Nutshell,Fast-Forward Your Life,12364,372,8,0.041481,2,491633,19514,812
monthly,2026-04-01,2026-04-30,HRxULulg_hM,UCLe_q9axMaeTbjN0hy1Z9xA,Caleb Hammer,Dog Groomer Has No Idea How Much Money They Make,11988,345,2,0.032297,2,824022,26248,345
monthly,2026-04-01,2026-04-30,OEqMxMEBQQY,UCP15FVAA2UL-QOcGhy7-ezA,EDteam,SpaceX comprará Cursor por 60 mil millones. ¿Por qué?,11413,589,24,0.060257,2,12109,633,26
monthly,2026-04-01,2026-04-30,QIKiQjEMUjY,UC5mQQ4Ur6oA8lsGFkvH2lyg,Noche De Chicxs,¡Abandoné A Mis Trillizos! 😭 Ft. @CD9MX - T10E05 #podcast #chisme #cd9,11093,188,80,0.038424,2,182064,6273,641
monthly,2026-04-01,2026-04-30,GXeBi91SkIw,UCQHX6ViZmPsWiYSFAyS0a3Q,GothamChess,The worst subscriber game I've ever seen. I'm done. Goodbye.,10953,317,14,0.045797,2,553124,23595,1650
monthly,2026-04-01,2026-04-30,Fy8H9I2kJkI,UCFBpVaKCC0ajGps1vf0AgBg,Humphrey Yang,Fidelity is introducing $100 ETF fees on 120+ ETFs. Here’s what you need to know+List in description,10738,147,10,0.016623,3,289550,4537,259
monthly,2026-04-01,2026-04-30,up__2flbXw4,UCLe_q9axMaeTbjN0hy1Z9xA,Caleb Hammer,"Couple Spent $10,000 on Squishmallows",9892,102,2,0.023581,2,740485,16984,412
monthly,2026-04-01,2026-04-30,J7ieKmP96Hc,UCMOqf8ab-42UUQIdVoKwjlQ,Practical Engineering,The Wild Story of the Teton Dam Failure,9219,158,11,0.033401,2,864162,27731,1063
monthly,2026-04-01,2026-04-30,na5Enw8P18A,UCM55RjebjSevVWPnj2LEymw,viyaura,artists who draw anime be like... #art #artist #draw #drawing,8875,358,6,0.066131,2,129432,8178,266
monthly,2026-04-01,2026-04-30,bfENsVP77VQ,UCoOae5nYA7VqaXzerajD0lg,Ali Abdaal,The Only Investing Video You’ll Ever Need (Start With $0),8766,214,14,0.025678,2,113928,2729,198
monthly,2026-04-01,2026-04-30,dVb9vyCwM2s,UCPgVPrgqpALC1s2e63fgKyg,elWacky,Demanda Repugnante a YouTuber,8604,392,7,0.067485,2,170143,10910,479
monthly,2026-04-01,2026-04-30,8hN5PF2oXGs,UCGq-a57w-aPwyi3pW7XLiHw,The Diary Of A CEO,SECRET BRAIN STRATEGIES BEHIND SUCCESS,8560,174,2,0.029045,2,148956,4218,71
monthly,2026-04-01,2026-04-30,U14_qm5y38o,UC5PwIMtLiIBCBhsu8f_-6UQ,Santiago Bilinkis,Cómo detectar a un charlatán en una sobremesa,8546,258,12,0.052763,2,87469,4296,224
monthly,2026-04-01,2026-04-30,Lqq78q17jDY,UCVt4ugq2txl_szlXAO7B3-g,Adrián Sáenz,La Forma Más Fácil De Ganar Dinero Con Claude,8137,370,10,0.059669,2,247493,13784,930
monthly,2026-04-01,2026-04-30,jIj6PuMrDGA,UCF0L4jd9LcSIxsj5gKITMqQ,Jaime Higuera,Nunca haría esto #shorts,8110,822,7,0.105728,2,12129,1248,13
monthly,2026-04-01,2026-04-30,GMXWOLJHnJc,UCUyDOdBWhC1MCxEjC46d-zw,Alex Hormozi,I Failed 9 Times In A Row,7943,231,0,0.049827,2,45463,2154,21
monthly,2026-04-01,2026-04-30,TfojYStTlZE,UC0N6ZYT8Q9bdQkGrgl9g9Ug,Pinwin,Tienes que Aprender a Estar SOLO.,7732,666,27,0.127713,2,71689,8450,550
monthly,2026-04-01,2026-04-30,Ff0AYRWrnGY,UC1yNl2E66ZzKApQdRuTQ4tw,Sabine Hossenfelder,The Truth About China’s Green Energy Industry,7716,410,72,0.080197,2,171739,11195,2508
monthly,2026-04-01,2026-04-30,-txFIHA4ez8,UCP15FVAA2UL-QOcGhy7-ezA,EDteam,Usa Códex como aplicación de dictado GRATIS,7685,235,10,0.063691,2,33024,1895,70
monthly,2026-04-01,2026-04-30,_twN29IEQlc,UC7MkZfrLCeE4Xwh9h2QnN0A,Arcade's Books,"La DECADENCIA de la CRÍTICA LITERARIA 🐍 ¿Crítica, adulación o ""hate""? | Arcade's Books",7633,724,56,0.198631,2,9468,1167,97
monthly,2026-04-01,2026-04-30,-pNi4dh7VFo,UCQX_MZRCaluNKxkywkLEgfA,Date un Vlog,20 MILLONES de G… Saitama rompe la física,7609,354,7,0.06232,2,315634,19269,344
monthly,2026-04-01,2026-04-30,uSjcVPbJayU,UCDOSaJ0pnglwzfkR6fYbisA,Luis Mi Negocios,¿Qué pasa si MÉXICO sigue IMPORTANDO el 75% de su GAS?,7341,369,17,0.05509,2,270474,14037,854
monthly,2026-04-01,2026-04-30,_9bYQ2tvc_s,UCV5cU7ORoUCCAT79kSrOJmg,Ricardo Alcaraz,La Peor Disculpa que he visto,7295,315,6,0.081571,2,202725,15861,536
monthly,2026-04-01,2026-04-30,WEnvorobhEE,UC1yNl2E66ZzKApQdRuTQ4tw,Sabine Hossenfelder,FBI investigates suspicious disappearances of scientists tied to classified research,7129,200,45,0.061258,2,665566,32701,7974
monthly,2026-04-01,2026-04-30,XFpBgNMBNNI,UCQHX6ViZmPsWiYSFAyS0a3Q,GothamChess,The Most Humiliating Defeat Of My Life.,7077,217,3,0.04592,2,307975,13309,780
monthly,2026-04-01,2026-04-30,wd_xh6gSSOs,UCUyDOdBWhC1MCxEjC46d-zw,Alex Hormozi,Give It All Away,7009,260,4,0.055215,2,30634,1593,29
monthly,2026-04-01,2026-04-30,tUmd3tWCDKs,UCGq-a57w-aPwyi3pW7XLiHw,The Diary Of A CEO,WINNING LIKE THIS IS FAILURE,6908,162,6,0.025505,2,113281,2733,152
monthly,2026-04-01,2026-04-30,kTlm_3HwRFg,UCLe_q9axMaeTbjN0hy1Z9xA,Caleb Hammer,Togi Needs $5 Million Before He Gets Canceled,6893,106,0,0.025418,2,289279,7233,85
monthly,2026-04-01,2026-04-30,zxQJIBt9CBI,UCmE44gpkHmf5bKIVTPSwxnQ,Judith Tiral,Así es DEFENDER a un ASESINO: entrevisto a Beatriz de Vicente,6866,362,17,0.065906,2,76040,4782,191
monthly,2026-04-01,2026-04-30,Xy09nfcwZ3E,UC5mQQ4Ur6oA8lsGFkvH2lyg,Noche De Chicxs,Los factos van en la factoría #chisme #comedia #podcast,6816,220,0,0.035043,2,15356,525,1
monthly,2026-04-01,2026-04-30,DQiQ30VepbU,UCP15FVAA2UL-QOcGhy7-ezA,EDteam,¿Qué hizo OpenAI para vencer a Anthropic?,6748,217,24,0.068022,2,11378,570,49
monthly,2026-04-01,2026-04-30,r6AB_e8Rk1I,UCDOSaJ0pnglwzfkR6fYbisA,Luis Mi Negocios,Los aranceles de Trump FUERZAN a Hyundai a MOVERSE de México,6729,173,2,0.034752,2,118389,3951,133
monthly,2026-04-01,2026-04-30,g_7mUw6Xt2E,UCoXtmmnLCbXDiSo8GxsmOzA,La gata de Schrödinger,Sorpresa mundial: la homeopatía no funciona.,6461,198,13,0.056986,2,118586,6086,591
monthly,2026-04-01,2026-04-30,SZ8r5VKtGes,UC1viRct91s1a3Z5yvk7FJXw,Diego Ruzzarin,La crisis Argentina impulsa el consumo de carne de burro.,6333,288,23,0.077988,2,329838,23956,1675
monthly,2026-04-01,2026-04-30,bFO0uAMPx1g,UCqcbQf6yw5KzRoDDcZ_wBSw,Wes Roth,Hermes Agent is INSANE...,6135,137,14,0.035583,2,41434,1225,213
monthly,2026-04-01,2026-04-30,p5zWy46yWxU,UCUyDOdBWhC1MCxEjC46d-zw,Alex Hormozi,Here's How I'd Get To $1M/Month,6054,87,0,0.021101,2,52349,1070,13
monthly,2026-04-01,2026-04-30,D4fkiQfzw_I,UChhw6DlKKTQ9mYSpTfXUYqA,Starter Story,How I Work: $77K/Month Solopreneur,6036,311,19,0.059827,2,43454,2421,162
monthly,2026-04-01,2026-04-30,8Uk97zU2GCg,UC1viRct91s1a3Z5yvk7FJXw,Diego Ruzzarin,Argentina: pesadilla libertaria. (Milei se supera cada día),5874,185,14,0.060182,2,221567,11821,1435
monthly,2026-04-01,2026-04-30,07T7V-Szcx0,UCUyDOdBWhC1MCxEjC46d-zw,Alex Hormozi,Why Are You Doing So Little?,5859,172,7,0.0308,2,373401,11315,185
monthly,2026-04-01,2026-04-30,ZhRgnBzcYHQ,UCvzk_MwdXD6jQa4Se-6B9ZQ,Adrià Solà Pastor,Cómo Ganar Dinero Por Internet (De Verdad) En 2026? Curso Completo Con Resultados Garantizados,5846,375,-3,0.109119,2,13452,1245,53
monthly,2026-04-01,2026-04-30,DSRfs1qKWR0,UCQHX6ViZmPsWiYSFAyS0a3Q,GothamChess,Big news,5756,141,7,0.034398,2,399855,12877,852
monthly,2026-04-01,2026-04-30,dhbt8y_LXQY,UCWBWgCD4oAqT3hUeq40SCUw,Sambucha,I Tested Dead Places At Their Busiest Hour,5725,236,2,0.051433,2,461167,23364,327
monthly,2026-04-01,2026-04-30,8QsAx7s9PmQ,UCQHX6ViZmPsWiYSFAyS0a3Q,GothamChess,Please stop,5725,63,0,0.026517,2,1233814,32229,444
monthly,2026-04-01,2026-04-30,UkbeRKmr5kM,UCjSVqRtdOsxQDss_pJpp_Yg,COMPUESTOS Podcast,¿Se Puede Vivir De YouTube? 📹 #Compuestos #AndresGarza #EloisaWolf #YouTube,5428,31,0,0.012777,2,51283,625,10
monthly,2026-04-01,2026-04-30,myMj_ZfZ_xI,UCUyDOdBWhC1MCxEjC46d-zw,Alex Hormozi,How To Pick The Right Market,5406,98,0,0.027857,2,28111,747,7
monthly,2026-04-01,2026-04-30,Y9HJ_U3TdXk,UCUyDOdBWhC1MCxEjC46d-zw,Alex Hormozi,Stop Making Yourself Too Available For Everyone,5361,196,2,0.038715,2,129764,4992,27
monthly,2026-04-01,2026-04-30,h9kh7KssnMc,UCPTlwyaEoJOVyvDLzHagzNQ,WATOP,China Encontró Algo Inexplicable en Esta Montaña de África y Ahora se lo Lleva Rápido,5359,77,3,0.023936,2,82467,1893,56
monthly,2026-04-01,2026-04-30,q1l42BPzbIk,UC4mg-nKTVI9CWodPPqB5d3A,Luna Martínez ,MALLWORLD: TODOS SOÑAMOS LO MISMO..😴👁️ | Luna Martínez ,5274,279,26,0.107497,2,88226,8159,1190
monthly,2026-04-01,2026-04-30,rhVEOqNhjKo,UCUyDOdBWhC1MCxEjC46d-zw,Alex Hormozi,People WANT To Buy...,5267,109,0,0.034482,2,22969,740,11
monthly,2026-04-01,2026-04-30,XX7hskkX1AA,UC1viRct91s1a3Z5yvk7FJXw,Diego Ruzzarin,El imperio en decadencia: El capricho de Trump costeado por el pueblo de U.S.A.,5212,118,4,0.050018,2,77567,3694,114
monthly,2026-04-01,2026-04-30,0VjrLsr61pk,UC55-mxUj5Nj3niXFReG44OQ,Platzi,El futuro de Apple después de Tim Cook,5191,104,5,0.042844,2,114649,4543,311
monthly,2026-04-01,2026-04-30,sjbKZ4CY1Ow,UCFBpVaKCC0ajGps1vf0AgBg,Humphrey Yang,"How Much You Need for $100 Per Month in Dividends with the following stocks: KO, AAPL, T",5117,60,4,0.018392,3,99456,1715,94
monthly,2026-04-01,2026-04-30,5tW7CPAVii0,UCUyDOdBWhC1MCxEjC46d-zw,Alex Hormozi,This Is What Billionaire Are Doing.....,4994,132,2,0.029155,2,199550,5682,130
monthly,2026-04-01,2026-04-30,vTXoE7BLv9s,UC1viRct91s1a3Z5yvk7FJXw,Diego Ruzzarin,El aterrador manifiesto de Palantir. #diegoruzzarin #noticias,4801,342,15,0.093038,2,235144,21181,651
monthly,2026-04-01,2026-04-30,cdOcjUyQr8A,UCGq-a57w-aPwyi3pW7XLiHw,The Diary Of A CEO,TRAUMA TRIANGLE SHAPES WHO YOU ARE AS AN ADULT,4704,120,1,0.044831,2,179331,7826,168
monthly,2026-04-01,2026-04-30,wnoSOSgBNHk,UC3nwmvE2aDzUSJ4evQ1NhoA,IA Innova,¡La NUEVA “Simula” de Google es INCREÍBLE!,4649,175,5,0.065953,2,7726,402,17
monthly,2026-04-01,2026-04-30,OuOIrxBXB0M,UCUyDOdBWhC1MCxEjC46d-zw,Alex Hormozi,How I Filter Feedback,4639,67,0,0.022777,2,106718,2394,17
monthly,2026-04-01,2026-04-30,6WqWhSmCbXk,UCvzk_MwdXD6jQa4Se-6B9ZQ,Adrià Solà Pastor,"Experto En Lujo: Las Estrategias Para Luxurizar Tu Vida, Ser Más Deseado Y Ganar Mucho Dinero",4556,139,6,0.045881,2,61686,2664,133
monthly,2026-04-01,2026-04-30,rk2b7fH_Gcc,UCZRsSEs1OX74qBh0x5T22tg,EL CACHONDO,MIL MANERAS DE M0RIR EN ARGENTINA #5,4556,269,8,0.107347,2,30226,2959,171
monthly,2026-04-01,2026-04-30,gPmmDEGCQLg,UC52hytXteCKmuOzMViTK8_w,CdeCiencia,Por qué hacer Alioli es casi imposible,4537,323,3,0.091622,2,264164,23720,438
monthly,2026-04-01,2026-04-30,F1gM7N-WXdU,UCQHX6ViZmPsWiYSFAyS0a3Q,GothamChess,Intermediate Chess Masterclass: 1300 to 2000 Elo,4503,80,5,0.039216,2,346060,12609,916
monthly,2026-04-01,2026-04-30,6AKlPLtjBR8,UC55-mxUj5Nj3niXFReG44OQ,Platzi,¿Fue Tim Cook un buen CEO?,4470,198,6,0.076472,2,8233,517,18
monthly,2026-04-01,2026-04-30,Cd5EHfRerGI,UC52kszkc08-acFOuogFl5jw,Tibees,The physics slop that YouTube wants me to make,4429,268,25,0.08774,2,192573,14837,2011
monthly,2026-04-01,2026-04-30,YPboGQjMxNY,UCQHX6ViZmPsWiYSFAyS0a3Q,GothamChess,Gotham vs PRODIGY,4396,70,2,0.026037,2,257729,6556,133
monthly,2026-04-01,2026-04-30,XfY_L8MLOsU,UCWBWgCD4oAqT3hUeq40SCUw,Sambucha,How Much Money Does It Take To Empty A Claw Machine?,4312,164,4,0.045938,2,360052,16284,241
monthly,2026-04-01,2026-04-30,EXOQ7vN2NXk,UC4FHiPgS1KXkUMx3dxBUtPg,HolaMundo,"Para programar, ¿cual modelo es mejor?",4183,151,13,0.061928,2,12802,667,69
monthly,2026-04-01,2026-04-30,zj0BKLv9r8Y,UC4jlzJyMNQkkcEcCN3EFG7g,Brin,"Cuando el ""RARITO DE LA ESCUELA"" se cansa del bullying",4169,99,6,0.056335,2,69192,3374,457
monthly,2026-04-01,2026-04-30,Cs1nC8kqS5k,UC1viRct91s1a3Z5yvk7FJXw,Diego Ruzzarin,Polémica en el Mitin de María Corina Machado.,4111,173,7,0.082816,2,36527,2691,249
monthly,2026-04-01,2026-04-30,B2ag364pRgQ,UCoOae5nYA7VqaXzerajD0lg,Ali Abdaal,I got cancelled for my 2x speed,4070,155,26,0.041667,2,55681,1958,368
monthly,2026-04-01,2026-04-30,x3P8Zqux4A4,UCUyDOdBWhC1MCxEjC46d-zw,Alex Hormozi,"If You Feel Like You're Behind, Watch This.",4040,132,1,0.043113,2,41789,1769,11
monthly,2026-04-01,2026-04-30,UgfrzicHc80,UC5mQQ4Ur6oA8lsGFkvH2lyg,Noche De Chicxs,¡Tiene Un Fetiche Con Su Hermana! 😱 Ft. @leal_stephany y @lozano_gf - T10E04 #podcast #chismes,4019,81,1,0.035918,2,173745,5561,648
monthly,2026-04-01,2026-04-30,rfnB9MhBI44,UCbdSYaPD-lr1kW27UJuk8Pw,QuantumFracture,Se Cumplen 40 años del Accidente de Chernobyl,3683,227,1,0.072959,2,150175,10704,232
monthly,2026-04-01,2026-04-30,-IhdnUzV64Y,UCb8GKeOvI7WsFUkB4UVAeXA,Cordura Artificial,La Simple TÉCNICA que convierte a la gente en NPC,3675,153,9,0.075755,2,158061,11056,859
monthly,2026-04-01,2026-04-30,4ZK7Ms4IZ7g,UCoOae5nYA7VqaXzerajD0lg,Ali Abdaal,How to Chose Your Next Business Idea,3671,24,1,0.010699,2,14318,140,5
monthly,2026-04-01,2026-04-30,ZOPXzlpBVoM,UCPgVPrgqpALC1s2e63fgKyg,elWacky,Comenzó,3601,163,6,0.073644,2,99872,6742,564
monthly,2026-04-01,2026-04-30,ABoKfabPQyY,UCUyDOdBWhC1MCxEjC46d-zw,Alex Hormozi,Why Can't You Just Do More?,3488,67,1,0.021631,2,201738,4318,42
monthly,2026-04-01,2026-04-30,IwjPma4PPTM,UCVt4ugq2txl_szlXAO7B3-g,Adrián Sáenz,Pruebo La Nueva IA De Google Para Ganar Dinero,3460,168,2,0.062616,2,56057,3392,94
monthly,2026-04-01,2026-04-30,K38w2QlgHPQ,UC5PwIMtLiIBCBhsu8f_-6UQ,Santiago Bilinkis,¿Por qué tardás en responder cuanto te hablan?,3334,133,5,0.07804,2,7269,469,19
monthly,2026-04-01,2026-04-30,NM-bwZZoX80,UCbUYAYd1WUznxEEl498z7vA,Woshingo Streams,d4vd es peor de lo que imaginas,3245,135,3,0.055819,2,66933,3500,214
monthly,2026-04-01,2026-04-30,GmTuhpMe1oM,UC52hytXteCKmuOzMViTK8_w,CdeCiencia,La ballena explosiva,3233,117,1,0.064807,2,150929,9654,81
monthly,2026-04-01,2026-04-30,XXZ2wOom1l0,UCVt4ugq2txl_szlXAO7B3-g,Adrián Sáenz,Curso Completo De Claude Code: Cómo Crear y Vender Apps,3160,111,1,0.054832,2,66938,3529,110
monthly,2026-04-01,2026-04-30,rXs8JlFIS-U,UCF0L4jd9LcSIxsj5gKITMqQ,Jaime Higuera,Me voló la cabeza cuando Jaime Higuera dijo esto #shorts,3033,158,1,0.057567,2,12557,702,12
monthly,2026-04-01,2026-04-30,x0HFad-M2iE,UC30ajuhy8cViP2DiM1QLjmg,98grados,La gente no me creyó cuando les enseñé la optimización de la laptop #laptop #windows,2999,240,1,0.058212,2,3611,265,2
monthly,2026-04-01,2026-04-30,-0FsgHxwxgQ,UCbUYAYd1WUznxEEl498z7vA,Woshingo Streams,La Situación de Emilio Antun es muy Divertida,2972,71,1,0.040767,2,66969,2599,106
monthly,2026-04-01,2026-04-30,OWkM5YoEhgM,UCEQXxiYxNZbym9Fad7-n2Lg,Doctor Fisión,EL FUTURO DE LA PROPULSIÓN ESPACIAL SIN COMBUSTIBLE 🛰️,2901,178,2,0.078177,2,61565,4696,93
monthly,2026-04-01,2026-04-30,KXpgCNB6Dcs,UC52hytXteCKmuOzMViTK8_w,CdeCiencia,La valiosa excreción de cachalote,2786,143,2,0.078548,2,443997,34640,198
monthly,2026-04-01,2026-04-30,95KqKaDsIAM,UCxcDzs-4quJV4QsairlFYNg,Alejavi Rivera,Lo hicieron! Crea vídeos largos con audio de calidad por IA GRATIS 🎥,2742,97,3,0.05723,2,24291,1285,75
monthly,2026-04-01,2026-04-30,XzkJ2WrHR2c,UCF0L4jd9LcSIxsj5gKITMqQ,Jaime Higuera,No esperes que el mundo sea bueno contigo si no haces el bien #shorts,2684,117,4,0.071273,2,12674,837,27
monthly,2026-04-01,2026-04-30,qsJSGpOs5q4,UCF0L4jd9LcSIxsj5gKITMqQ,Jaime Higuera,Me voló la cabeza cuando Jaime Higuera dijo esto #shorts,2645,181,1,0.053551,2,5939,341,3
monthly,2026-04-01,2026-04-30,lvw8Fe5wcBo,UCP15FVAA2UL-QOcGhy7-ezA,EDteam,"ChatGPT, Claude y Gemini están empatados, ninguno es mejor.",2599,55,1,0.045691,2,7292,280,15
monthly,2026-04-01,2026-04-30,ERxzxl6fXbw,UCRDQzsHtx2cXvzEXnEhbxBg,Mister Krax,Un mundial para ricos? #mundial2026 #méxico,2599,132,2,0.074907,2,9560,667,14
monthly,2026-04-01,2026-04-30,lYpHv3Tg0Vg,UCjSVqRtdOsxQDss_pJpp_Yg,COMPUESTOS Podcast,¿Cómo Tener Buenas Ideas En YouTube? 💡 #Compuestos #AndresGarza #EloisaWolf #Ideas,2562,36,1,0.014426,2,11228,161,1
monthly,2026-04-01,2026-04-30,pVXm6lt1F7w,UCF0L4jd9LcSIxsj5gKITMqQ,Jaime Higuera,Este es el tiempo más peligroso #shorts,2509,268,3,0.100332,2,4703,478,7
monthly,2026-04-01,2026-04-30,U4gpio58908,UC1yNl2E66ZzKApQdRuTQ4tw,Sabine Hossenfelder,Physicists finally prove that virtual particles are real and all around us,2457,79,9,0.058779,2,225272,11820,1393
monthly,2026-04-01,2026-04-30,HEW0VJx9iw0,UCUyDOdBWhC1MCxEjC46d-zw,Alex Hormozi,Watch If You're Under $1M Year,2449,52,0,0.03866,2,47359,1795,14
monthly,2026-04-01,2026-04-30,dYJM9jmLBzY,UCPgVPrgqpALC1s2e63fgKyg,elWacky,No Lo Puedo Creer,2435,196,2,0.109952,2,155687,16306,777
monthly,2026-04-01,2026-04-30,yIUDe9YH0ac,UCUyDOdBWhC1MCxEjC46d-zw,Alex Hormozi,Dating As An  Entrepreneur,2423,53,0,0.028188,2,186311,5152,92
monthly,2026-04-01,2026-04-30,2JhSWzxzLXA,UCJQQVLyM6wtPleV4wFBK06g,VisualPolitik,DELCY consolida su RÉGIMEN: ¿Está VENEZUELA SUFRIENDO una nueva DECEPCIÓN? @VisualPolitik,2392,22,1,0.044045,2,192451,7866,569
monthly,2026-04-01,2026-04-30,AzNb2nQrM7U,UC-bFpJCtP1lXn5vBxJ0b9dw,Diego Revuelta,Llegaron sin nada y hoy viven aquí. ¿Lo harías?,2379,91,9,0.077107,2,28163,1869,259
monthly,2026-04-01,2026-04-30,CZe8DucT3qA,UCPgVPrgqpALC1s2e63fgKyg,elWacky,Actualización Repugnante,2326,125,4,0.076403,2,235965,17013,991
monthly,2026-04-01,2026-04-30,fr78adfAnuA,UCUyDOdBWhC1MCxEjC46d-zw,Alex Hormozi,How to Use AI in Your Business in 2026,2285,46,1,0.034214,2,129238,4236,170
monthly,2026-04-01,2026-04-30,tg0LuGGeOPA,UC1viRct91s1a3Z5yvk7FJXw,Diego Ruzzarin,¿Cómo van las cosas en Irán? Resumen noticias.,2272,67,0,0.063244,2,112860,6894,205
monthly,2026-04-01,2026-04-30,M_FKC2NTb24,UCxFACDJ98idvo9Gq9M9AQgg,Moris Dieck | Finanzas e Inversiones ,Gasto culposo de Sofía Niño de Rivera,2260,34,0,0.026359,2,13542,338,5
monthly,2026-04-01,2026-04-30,SK8tkpErsm8,UCF0L4jd9LcSIxsj5gKITMqQ,Jaime Higuera,No te hables mal a ti mismo #shorts,2250,110,1,0.059199,2,15034,865,13
monthly,2026-04-01,2026-04-30,TekYNY3eGC0,UCEQXxiYxNZbym9Fad7-n2Lg,Doctor Fisión,ARTEMIS II FOTOGRAFÍA NUESTRA GALAXIA EN PLENO VIAJE 🌌,2239,110,3,0.060387,2,98784,5770,184
monthly,2026-04-01,2026-04-30,9LsgBjswQZY,UCLe_q9axMaeTbjN0hy1Z9xA,Caleb Hammer,Homeless Man Spent $5k on Paintings,2212,35,0,0.022584,2,110900,2467,30
monthly,2026-04-01,2026-04-30,H3lUaL6-XQQ,UCPgVPrgqpALC1s2e63fgKyg,elWacky,YouTuber Arruina Otro Hobby,2204,75,1,0.063987,2,182096,10981,638
monthly,2026-04-01,2026-04-30,_O6ICkmg1Zg,UCyM-2pRapEv6V2q7UNO9icg,Emprende Aprendiendo,Cruzó ESTADOS UNIDOS con UN CENTAVO,2156,33,3,0.032346,2,7168,206,6
monthly,2026-04-01,2026-04-30,nOR-IY0SnEY,UCRDQzsHtx2cXvzEXnEhbxBg,Mister Krax,Los mexicanos saben sobrevivir #méxico #mrbeast,2113,94,2,0.063993,2,36538,2176,142
monthly,2026-04-01,2026-04-30,yemarhfhVA0,UCrdWRLq10OHuy7HmSckV3Vg,Nathaniel Drew,Epic transformation of my 1850s house in France (start to finish),2085,108,3,0.091253,2,99910,8538,539
monthly,2026-04-01,2026-04-30,AVyYMXc_t9s,UCEK0oX3X2yK9y27khCsrNKg,Mis Propias Finanzas,"""Dinero Roto"" (Broken Money) de Lyn Alden | Club de Lectura #199",2070,206,14,0.127601,3,2070,213,14
monthly,2026-04-01,2026-04-30,-APimd6TUro,UC5mQQ4Ur6oA8lsGFkvH2lyg,Noche De Chicxs,No saben que lo mantengo #chisme #comedia #podcast,1999,38,0,0.028264,2,17754,490,2
monthly,2026-04-01,2026-04-30,ZjtJALByo70,UC55-mxUj5Nj3niXFReG44OQ,Platzi,¿Qué le dirías a la siguiente persona?,1989,77,1,0.04674,2,4021,175,3
monthly,2026-04-01,2026-04-30,7vdW8a6jEfw,UCUyDOdBWhC1MCxEjC46d-zw,Alex Hormozi,"""What Should I Price My Products?""",1964,50,0,0.033414,2,33371,1097,10
monthly,2026-04-01,2026-04-30,krqt6eg3UoI,UCbUYAYd1WUznxEEl498z7vA,Woshingo Streams,EL TRISTE CASO DE JUAN MARTÍN (EL WILLIAMS DE TIIKTOK),1960,51,-1,0.047213,2,51229,2265,132
monthly,2026-04-01,2026-04-30,AHyZdLVYJfc,UCPdaxSov0mgwh77JvjQO2jQ,Man Carrying Thing,basically every Breaking Points™ video,1951,111,10,0.104541,2,171930,15811,2121
monthly,2026-04-01,2026-04-30,Xf_v62TQOx4,UCbfYPyITQ-7l4upoX8nvctg,Two Minute Papers,NVIDIA's New AI Broke My Brain,1950,71,3,0.053184,2,63273,3025,325
monthly,2026-04-01,2026-04-30,4vHF2qU89Jo,UCwd_qoS94df5orGoPLPnsxQ,Franco Pisso,La pregunta que me salvó la vida (y te va a incomodar),1895,138,4,0.115205,2,57513,6180,407
monthly,2026-04-01,2026-04-30,5ymn2oV1Zls,UCPgVPrgqpALC1s2e63fgKyg,elWacky,Al Parecer Sí Es Un Monstruo,1875,56,3,0.072114,2,299031,20401,1125
monthly,2026-04-01,2026-04-30,-JTeDTLElVg,UC5mQQ4Ur6oA8lsGFkvH2lyg,Noche De Chicxs,Abandoné a mis trillizos #chisme #comedia #podcast,1874,64,0,0.034601,2,14348,493,3
monthly,2026-04-01,2026-04-30,nHH771Vtkxw,UC1viRct91s1a3Z5yvk7FJXw,Diego Ruzzarin,Por qué Israel ''manda'' en Estados Unidos?,1872,103,1,0.083729,2,340630,27766,728
monthly,2026-04-01,2026-04-30,664cs6FZEZo,UCUyDOdBWhC1MCxEjC46d-zw,Alex Hormozi,The Reason Why You Can't Is Why You Should,1845,39,0,0.029992,2,63259,1856,33
monthly,2026-04-01,2026-04-30,DHk0gFHyHeE,UCl5-lvQyfILb-l2abPk4Ntg,Inteligencia Artificial,ChatGPT 5.5 es un cambio de era 🔥🚀,1830,36,3,0.034253,3,140673,4443,359
monthly,2026-04-01,2026-04-30,QDZUOBnmf4Q,UCEQXxiYxNZbym9Fad7-n2Lg,Doctor Fisión,LA MATERIA OSCURA PODRÍA TENER DOS ESTADOS 🌌,1824,122,3,0.097019,2,32393,3021,95
monthly,2026-04-01,2026-04-30,jdrW-vJOD1w,UC55-mxUj5Nj3niXFReG44OQ,Platzi,Meta está entrenando la IA con sus propios empleados,1795,95,7,0.073543,2,3128,199,10
monthly,2026-04-01,2026-04-30,vd8fb3noIgY,UCF0L4jd9LcSIxsj5gKITMqQ,Jaime Higuera,Jaime Higuera no se equivocó cuando dijo esto #shorts,1791,193,5,0.07056,2,2909,250,7
monthly,2026-04-01,2026-04-30,3skIuC1lP00,UCOvzFyIAr32yspwxx77BHcQ,Rob Paper Clips,"Las mujeres tienen pepino… y están guangas, según esta fan del temach",1790,68,2,0.05853,2,6885,369,14
monthly,2026-04-01,2026-04-30,-6t20SnbOyc,UCYZLVhSSwdBllvn4tw5a4uQ,Rob Paper Sheet,"Un buen clasista no es aquel que juzga, es que el describe la realidad.",1735,43,1,0.06169,2,69588,4048,213
monthly,2026-04-01,2026-04-30,0ShXZN7aHqA,UCP15FVAA2UL-QOcGhy7-ezA,EDteam,¿Qué es exactamente una skill de IA?,1727,124,3,0.069111,2,2195,154,4
monthly,2026-04-01,2026-04-30,NkWtrW-9GDY,UCX9NJ471o7Wie1DQe94RVIg,Fazt,3 Formas de Desplegar tu Proyecto Web que TODO Desarrollador Debe Conocer,1726,81,2,0.089554,2,3173,229,6
monthly,2026-04-01,2026-04-30,nJ0oh5u6YbM,UCUyDOdBWhC1MCxEjC46d-zw,Alex Hormozi,Don't Even Think About Passive Income,1714,49,0,0.035924,2,105537,3759,26
monthly,2026-04-01,2026-04-30,nZlhHf8vSbU,UCF0L4jd9LcSIxsj5gKITMqQ,Jaime Higuera,Por esto ser realista ha matado a nuestra generación #shorts,1692,144,2,0.060213,2,3153,216,4
monthly,2026-04-01,2026-04-30,T34ygnCahZc,UC5PwIMtLiIBCBhsu8f_-6UQ,Santiago Bilinkis,¿Nacimos para ser fieles? La mentira de la monogamia,1658,44,-1,0.041073,2,32159,1204,104
monthly,2026-04-01,2026-04-30,LPTQADIf6Xk,UCaVPhFg-Ax873wvhbNitsrQ,El Robot de Platón,Tecnologías de las que NADIE Habla,1644,78,4,0.071148,2,117046,7825,485
monthly,2026-04-01,2026-04-30,0SSctcuOy0o,UCb8GKeOvI7WsFUkB4UVAeXA,Cordura Artificial,Mi nuevo lector de E-books #productividad #libros #lectura #tecnologia,1593,80,2,0.092803,2,13792,1196,49
monthly,2026-04-01,2026-04-30,6-PunI-5Ts4,UCEQXxiYxNZbym9Fad7-n2Lg,Doctor Fisión,DESCUBREN PARTÍCULAS QUE SALEN DIRECTAMENTE DEL VACÍO 🌌,1592,123,0,0.109048,2,22726,2376,76
monthly,2026-04-01,2026-04-30,UszcZZ1QZho,UCLYoURyGHMUuQ5YrfX55PWg,Aprendiz Financiero,Cuando tienes ESTOS 3 HÁBITOS siempre tendrás tu casa Limpia y Ordenada ✨,1564,35,1,0.067818,2,7814,473,18
monthly,2026-04-01,2026-04-30,0EqJD2o-Mnk,UCUyDOdBWhC1MCxEjC46d-zw,Alex Hormozi,Helping 6 Business Owners Scale in 33 Minutes,1561,31,1,0.027891,2,28466,740,48
monthly,2026-04-01,2026-04-30,nLlqkXdlNsM,UCF0L4jd9LcSIxsj5gKITMqQ,Jaime Higuera,Así fue cuando me tuve que ir a Londres  #shorts,1508,37,0,0.048574,2,20686,974,12
monthly,2026-04-01,2026-04-30,4IeYytwcpuQ,UCM55RjebjSevVWPnj2LEymw,viyaura,we tricked the internet...#art #artist,1507,39,0,0.06615,2,88838,5655,191
monthly,2026-04-01,2026-04-30,Mxv60XerzG4,UCF0L4jd9LcSIxsj5gKITMqQ,Jaime Higuera,Me voló la cabeza cuando Jaime Higuera dijo esto #shorts,1468,110,2,0.053231,2,3602,205,8
monthly,2026-04-01,2026-04-30,EnLpF9i3I4I,UC9mrBfjgyOsqJ0J-zw7kZLQ,Atherion,querido desconocido…,1429,71,1,0.07904,2,4321,313,4
monthly,2026-04-01,2026-04-30,B18aH00d8oE,UCJQQVLyM6wtPleV4wFBK06g,VisualPolitik,El PENTÁGONO ya tiene un plan para CUBA:  ¿Intervención a la vista? @VisualPolitik,1401,43,0,0.04689,2,274032,12085,753
monthly,2026-04-01,2026-04-30,DB1fSfulSJQ,UCUyDOdBWhC1MCxEjC46d-zw,Alex Hormozi,This Is What Wasted Potential Actually Looks Like,1393,55,0,0.042481,2,48542,2044,16
monthly,2026-04-01,2026-04-30,uvfU2B8b4G4,UCDOSaJ0pnglwzfkR6fYbisA,Luis Mi Negocios,¿Por qué ESPERAN años para SALIR a BOLSA?,1382,55,1,0.047872,2,38460,1822,14
monthly,2026-04-01,2026-04-30,z-7AhJ55htQ,UCJQQVLyM6wtPleV4wFBK06g,VisualPolitik,ESTADO DE ALERTA en COREA: IRÁN pone al país CONTRA LAS CUERDAS @VisualPolitik,1362,40,2,0.034961,2,400555,13138,863
monthly,2026-04-01,2026-04-30,y3HkZSayX2s,UC30ajuhy8cViP2DiM1QLjmg,98grados,Decisión por apariencia es mala decisión (probablemente) #smartphone #iphone #apple,1361,49,2,0.050102,2,4969,228,11
monthly,2026-04-01,2026-04-30,IQZiAOokKXo,UCUyDOdBWhC1MCxEjC46d-zw,Alex Hormozi,Here Is Why People Stop Buying From You,1355,24,0,0.027704,2,23028,629,2
monthly,2026-04-01,2026-04-30,pqIZk9qrBEM,UC30ajuhy8cViP2DiM1QLjmg,98grados,"La Mejor, Peor e Ideal. Rankeando GPU #pc #pcgamer #gpu",1354,60,5,0.076357,2,17601,1269,55
monthly,2026-04-01,2026-04-30,OkuWh46I4m4,UCDOSaJ0pnglwzfkR6fYbisA,Luis Mi Negocios,5 pasos para MULTIPLICAR tu DINERO,1330,49,2,0.072763,2,10067,687,21
monthly,2026-04-01,2026-04-30,NuoEsHIW5JA,UCzR-rom72PHN9Zg7RML9EbA,PBS Eons,Why do mammals keep evolving into ant-eaters?,1288,24,1,0.041524,2,77699,3082,130
monthly,2026-04-01,2026-04-30,L8_m7pOI2-A,UCOvzFyIAr32yspwxx77BHcQ,Rob Paper Clips,¿Los Fans del Temach son una SECTA?,1275,36,-1,0.054168,2,79109,3852,416
monthly,2026-04-01,2026-04-30,PCAPjDDY-h4,UC1viRct91s1a3Z5yvk7FJXw,Diego Ruzzarin,El Mitin de María Corina Machado y el muy cuestionable grito de Carlos Baute.,1262,35,12,0.084446,2,62680,4739,524
monthly,2026-04-01,2026-04-30,a8LrJMGoVL4,UCoXtmmnLCbXDiSo8GxsmOzA,La gata de Schrödinger,Tres libros imprescindibles para cambiar tu forma de ver el mundo,1259,105,7,0.078004,2,118239,8771,459
monthly,2026-04-01,2026-04-30,5Z4z2oEoxw8,UCQIUhtP5WYIx_pMG8UvMYHg,Cristina Dayz ,"11,7 Cosas que son un DESPERDICIO de Dinero en 2026",1258,41,1,0.061581,2,24962,1450,69
monthly,2026-04-01,2026-04-30,I-rogofBX8c,UCUyDOdBWhC1MCxEjC46d-zw,Alex Hormozi,Work Beats Talent....,1249,32,0,0.040172,2,20322,802,5
monthly,2026-04-01,2026-04-30,pdNaIhcp3z4,UCaZ5txM63JGqgzRTVXy5e9g,César Dabián Finanzas,Me endeudé con 1 Millón en Tarjetas de Crédito - Cómo lo resolví (Storytime),1195,34,2,0.068189,2,13401,825,65
monthly,2026-04-01,2026-04-30,SYdW3cZKdmY,UCl5-lvQyfILb-l2abPk4Ntg,Inteligencia Artificial,🤖 Los países nórdicos combinan con éxito la energía hidroeléctrica con la nuclear 🤖 #ia #chatgpt,1185,20,3,0.02627,3,10391,262,7
monthly,2026-04-01,2026-04-30,QSe13hyv68o,UCl5-lvQyfILb-l2abPk4Ntg,Inteligencia Artificial,🤖  Los sistemas de seguridad nuclear están diseñados para proteger la vida 🤖 #ia #chatgpt #nuclear,1182,9,1,0.016496,3,26028,409,15
monthly,2026-04-01,2026-04-30,dINRvKoLQ-c,UCF0L4jd9LcSIxsj5gKITMqQ,Jaime Higuera,Me voló la cabeza cuando Jaime Higuera dijo esto #shorts,1175,46,1,0.055329,2,30584,1653,30
monthly,2026-04-01,2026-04-30,FOyH5MIRyD4,UCF0L4jd9LcSIxsj5gKITMqQ,Jaime Higuera,Me voló la cabeza cuando Jaime Higuera dijo esto #shorts,1172,29,0,0.059104,2,17289,991,10
monthly,2026-04-01,2026-04-30,6_o0OElprPo,UCOD6LXgeBoeiUZTsPLdG-0g,Vida MRR - Programacion web,GITHUB Copilot va a COBRAR por TOKEN...,1172,54,16,0.089283,2,1332,70,18
monthly,2026-04-01,2026-04-30,RBz3O-4xBYE,UCF0L4jd9LcSIxsj5gKITMqQ,Jaime Higuera,Me voló la cabeza cuando Jaime Higuera dijo esto #shorts,1167,46,1,0.093257,2,11908,1053,25
monthly,2026-04-01,2026-04-30,iq599kyAjVA,UCOHxDwCcOzBaLkeTazanwcw,Bravos Research,The UNTHINKABLE is About to Happen to Stocks (Emergency Update),1123,11,0,0.027345,2,142546,3808,80
monthly,2026-04-01,2026-04-30,l1-D1s67YU4,UCP15FVAA2UL-QOcGhy7-ezA,EDteam,Anthropic perdió su liderazgo frente a OpenAI ¿cómo pasó? ,1112,40,4,0.049501,2,47041,2151,172
monthly,2026-04-01,2026-04-30,X9fGa-F_ars,UCPgVPrgqpALC1s2e63fgKyg,elWacky,Jugador Profesional Se Enoja y Lo Pierde Todo,1110,44,0,0.072311,2,154475,10699,453
monthly,2026-04-01,2026-04-30,3W1KfxQnQiU,UCOxW1h1VV379Q8GDdUJOhgw,Mariano Trejo,30 Hábitos que (Silenciosamente) Cambiaron mi Vida para Siempre,1108,70,1,0.085335,3,4720,366,20
monthly,2026-04-01,2026-04-30,oeymdn1d4qg,UCRDQzsHtx2cXvzEXnEhbxBg,Mister Krax,La situación en Argentina no mejora #argentina,1107,88,2,0.072966,2,4052,287,14
monthly,2026-04-01,2026-04-30,0IGNbK4bbXA,UCHMSzZaVrEjK35aYK3J7Htw,Pequeño Cerdo Capitalista,Ideas de Negocio: Servicios para Mascotas 🐶 🐱 (Ignorados Pero MUY Rentables),1090,58,5,0.089069,2,6832,548,42
monthly,2026-04-01,2026-04-30,7Ocx3WwDK_c,UCxFACDJ98idvo9Gq9M9AQgg,Moris Dieck | Finanzas e Inversiones ,"""Mi mala relación con los números""",1087,38,5,0.057506,2,2157,105,6
monthly,2026-04-01,2026-04-30,UQXupr6-Wmg,UCUyDOdBWhC1MCxEjC46d-zw,Alex Hormozi,Helping A Stranger Scale Her $300K Year Business,1085,44,1,0.032094,2,63092,2011,19
monthly,2026-04-01,2026-04-30,TUSbI3pqiCM,UCRlBDnRQduDk4tmm1OtpSRg,UN POCO MEJOR,El ÚNICO Sistema de Dinero que Necesitas // Te Enseñaré a Ser Rico,1060,73,1,0.081006,2,12520,986,22
monthly,2026-04-01,2026-04-30,3QRWlCFdzyE,UCF0L4jd9LcSIxsj5gKITMqQ,Jaime Higuera,Me cambió la vida cuando Jaime Higuera dijo esto #shorts,1050,33,0,0.054348,2,12467,648,17
monthly,2026-04-01,2026-04-30,v8z-clVwRxM,UC9WGON3pXofvE958Uq3Lw3Q,Exito Financiero,Subió La Rentabilidad En Cuentas Y CDTs — OJO Con Esto 👀,938,9,0,0.036112,2,29592,965,91
monthly,2026-04-01,2026-04-30,k0ZYVWoVWAc,UCEK0oX3X2yK9y27khCsrNKg,Mis Propias Finanzas,¡S&P rebaja calificación de Colombia! ¿Qué significa esto para tu dinero?,933,25,9,0.059355,3,15116,721,163
monthly,2026-04-01,2026-04-30,F4ZxeuNDoUw,UCRDQzsHtx2cXvzEXnEhbxBg,Mister Krax,¿Te gustó supernova Genesis? #supernovagenesis #mexico,932,93,1,0.032031,2,10284,343,20
monthly,2026-04-01,2026-04-30,-5kkpHpexIA,UC5mQQ4Ur6oA8lsGFkvH2lyg,Noche De Chicxs,Se ofendieron sin contexto #chisme #comedia #podcast,916,8,0,0.0218,2,28352,608,4
monthly,2026-04-01,2026-04-30,1lx0bttCAbs,UCF0L4jd9LcSIxsj5gKITMqQ,Jaime Higuera,Estos suplementos te harán dormir en menos de 5 minutos #shorts,915,24,1,0.053235,2,28328,1469,27
monthly,2026-04-01,2026-04-30,wJwQm_aqC8U,UCUyDOdBWhC1MCxEjC46d-zw,Alex Hormozi,Life Isn't Easy,884,43,0,0.045586,2,23025,1044,7
monthly,2026-04-01,2026-04-30,uWOLkr7S47A,UCUyDOdBWhC1MCxEjC46d-zw,Alex Hormozi,This Sales Tactic Is Underrated,873,17,0,0.024146,2,70573,1697,5
monthly,2026-04-01,2026-04-30,FpwEaued1Hc,UCUyDOdBWhC1MCxEjC46d-zw,Alex Hormozi,What Your Passion Is Actually Covering Up,872,44,0,0.050752,2,43922,2200,29
monthly,2026-04-01,2026-04-30,5ov8sBSV-pc,UCDnUOd6PIlQAL9bPUTf9BkQ,Sapiencia práctica,6 TRUCOS psicológicos para ENAMORAR a cualquiera,854,61,1,0.131055,2,1828,202,5
monthly,2026-04-01,2026-04-30,L7fVqlOzegQ,UCs0QXHkbkBDM_NwnRiGFoTA,Crea Y Transforma,TRONÓ el Petrodólar! Petróleo en YUANES CHINOS! Deuda de 39 TRILLONES de USA,850,19,0,0.052004,2,57144,2805,154
monthly,2026-04-01,2026-04-30,5BbGrGFI2gQ,UCRDQzsHtx2cXvzEXnEhbxBg,Mister Krax,Se inaugura tren suburbano Buenavista-AIFA #trensuburbano #méxico,841,158,1,0.112596,2,2935,361,7
monthly,2026-04-01,2026-04-30,9QKOkpu78CQ,UCV5G678sZwW5IcF3pCfRbHQ,La Hiperactina,Publi⭐️ ¿Por qué hay cosas que lees mil veces y no entiendes… y en vídeo sí? 📹🧬✨,806,41,1,0.08123,2,92205,7352,126
monthly,2026-04-01,2026-04-30,XV4eV0wnx-c,UCoOae5nYA7VqaXzerajD0lg,Ali Abdaal,The Identity Shift Effect,801,13,0,0.03912,2,16319,620,9
monthly,2026-04-01,2026-04-30,MdYM6kw372Q,UCF0L4jd9LcSIxsj5gKITMqQ,Jaime Higuera,Este es el quinto cambio mental que necesitas hacer #shorts,787,27,1,0.066361,2,15407,993,17
monthly,2026-04-01,2026-04-30,TSAh8dzN0cw,UCl5-lvQyfILb-l2abPk4Ntg,Inteligencia Artificial,👉🏻 Te dejo la Guía Pro de ChatGPT fijada en los comentarios de este video.,785,14,0,0.023585,3,10159,234,3
monthly,2026-04-01,2026-04-30,s47EWzAbZL4,UCUyDOdBWhC1MCxEjC46d-zw,Alex Hormozi,Don't Let It Affect You Twice,761,11,0,0.025628,2,44454,1126,9
monthly,2026-04-01,2026-04-30,S3JuEF7RQ5k,UC5PwIMtLiIBCBhsu8f_-6UQ,Santiago Bilinkis,¿El fin de los expertos?,758,17,0,0.028533,2,58786,1634,41
monthly,2026-04-01,2026-04-30,UacKz43AiDQ,UCHMSzZaVrEjK35aYK3J7Htw,Pequeño Cerdo Capitalista,Lo que separa a los negocios exitosos de los que fracasan | Sofía Contreras,753,23,0,0.033658,2,1122,36,0
monthly,2026-04-01,2026-04-30,EZLeWRbCEbA,UCEK0oX3X2yK9y27khCsrNKg,Mis Propias Finanzas,El Método Exacto para Invertir en CTDs (Renta Fija) y Crear Patrimonio | Experto en Inversiones,734,13,1,0.044555,3,30985,1293,76
monthly,2026-04-01,2026-04-30,03uRM4Uz5t8,UCF0L4jd9LcSIxsj5gKITMqQ,Jaime Higuera,Por esto no creo en el amor eterno #shorts,732,40,0,0.075933,2,17133,1258,35
monthly,2026-04-01,2026-04-30,f1rK6WfCjCQ,UCoOae5nYA7VqaXzerajD0lg,Ali Abdaal,The biggest myth in business,724,26,0,0.026319,2,34329,892,15
monthly,2026-04-01,2026-04-30,PfdNPN9Jv6s,UCF0L4jd9LcSIxsj5gKITMqQ,Jaime Higuera,Me voló la cabeza cuando Jaime Higuera dijo esto #shorts,701,38,0,0.083263,2,16855,1377,16
monthly,2026-04-01,2026-04-30,nxCFXdIgxmw,UCRDQzsHtx2cXvzEXnEhbxBg,Mister Krax,Solo tienes derecho a tener una casa #españa #notícias,695,48,1,0.041769,2,7842,312,26
monthly,2026-04-01,2026-04-30,bouvNyq8xCY,UCX6b17PVsYBQ0ip5gyeme-Q,CrashCourse,Earth's Crust and Mantle Explained: Crash Course Geology #3,694,26,0,0.075195,2,25883,1867,66
monthly,2026-04-01,2026-04-30,wB2Kb0MiyAc,UC5mQQ4Ur6oA8lsGFkvH2lyg,Noche De Chicxs,¡Estafó a sus padres por años! #chisme #comedia #podcast,687,9,0,0.02006,2,27837,550,6
monthly,2026-04-01,2026-04-30,kp1dLUox9_Y,UCxFACDJ98idvo9Gq9M9AQgg,Moris Dieck | Finanzas e Inversiones ,¿Qué esta haciendo el IMSS?,671,26,0,0.04542,2,19579,862,25
monthly,2026-04-01,2026-04-30,XyFrfcsbDGY,UCPTlwyaEoJOVyvDLzHagzNQ,WATOP,"Japón Perforó Un Agujero En La Tierra Cerca De Un Volcán, y Esto Provocó Algo",669,13,0,0.043878,2,55545,2353,76
monthly,2026-04-01,2026-04-30,G9L3zK57X6Y,UCDOSaJ0pnglwzfkR6fYbisA,Luis Mi Negocios,El ERROR más PELIGROSO que COMETES sin saber,661,44,0,0.05427,2,82935,4423,82
monthly,2026-04-01,2026-04-30,gtdao7DVsBo,UCUyDOdBWhC1MCxEjC46d-zw,Alex Hormozi,You Have To Pick 1 Thing,648,7,0,0.031457,2,24471,756,7
monthly,2026-04-01,2026-04-30,raie7EtagZk,UCxFACDJ98idvo9Gq9M9AQgg,Moris Dieck | Finanzas e Inversiones ,¿Qué está encareciendo los seguros médicos?,640,17,0,0.102866,2,9277,921,8
monthly,2026-04-01,2026-04-30,AXvou3mSGQA,UC55-mxUj5Nj3niXFReG44OQ,Platzi,"OpenAI lanzó GPT 5.5, ya no necesitas prompts detallados.",634,6,0,0.037962,2,29085,1054,41
monthly,2026-04-01,2026-04-30,ckyeC880OPA,UC55-mxUj5Nj3niXFReG44OQ,Platzi,Comparamos el nuevo GPT Images 2.0 vs. Nano Banana 2 🤯,609,6,0,0.038738,2,43029,1620,38
monthly,2026-04-01,2026-04-30,uAOfsghz2NY,UCl5-lvQyfILb-l2abPk4Ntg,Inteligencia Artificial,👉🏻 Te dejo la Guía Completa para convertirte en Slime fijada en los comentarios de este vídeo.,603,2,0,0.00914,3,24765,213,11
monthly,2026-04-01,2026-04-30,DgX6SMZaC_8,UCEQXxiYxNZbym9Fad7-n2Lg,Doctor Fisión,UN PLANETA GIGANTE ORBITANDO UNA PEQUEÑA ESTRELLA 🛰️,599,35,3,0.082756,2,43777,3556,61
monthly,2026-04-01,2026-04-30,aFvAFWzCwF8,UCF0L4jd9LcSIxsj5gKITMqQ,Jaime Higuera,Algunas personas llegan a tu vida por esta razón #shorts,597,33,1,0.066494,2,21444,1387,36
monthly,2026-04-01,2026-04-30,fQK8Lx-oRIU,UCPTlwyaEoJOVyvDLzHagzNQ,WATOP,Australia Eliminó Toda Vida en Esta Línea en MEDIO de la Ciudad y Dejó a Todos en Shock,597,19,0,0.049286,2,13256,620,28
monthly,2026-04-01,2026-04-30,7u0DJM1SNPs,UCxFACDJ98idvo9Gq9M9AQgg,Moris Dieck | Finanzas e Inversiones ,“No salgo si no me pagan”,595,2,0,0.018498,2,19168,343,7
monthly,2026-04-01,2026-04-30,AxM96v9ZCzI,UC36xmz34q02JYaZYKrMwXng,Nate Gentile,Dándole ojos a la IA 👁️🤖💻,590,15,0,0.02671,2,61339,1626,12
monthly,2026-04-01,2026-04-30,MSl5mD3E7PE,UC3IEYr87JpgBeVbbc0gP9DA,Irene Albacete,4 creencias que te mantienen pobre.,589,32,0,0.100858,2,17182,1628,91
monthly,2026-04-01,2026-04-30,OkVrrVAG9yg,UCRDQzsHtx2cXvzEXnEhbxBg,Mister Krax,¿Es normal lo que pasa en México? ¿O nos quieren desestabilizar?,585,17,4,0.0975,2,29725,2422,458
monthly,2026-04-01,2026-04-30,xO5diVmgE8Y,UCM55RjebjSevVWPnj2LEymw,viyaura,i drew secret emojis...#art #artist,580,30,0,0.076935,2,44835,3110,332
monthly,2026-04-01,2026-04-30,BYv6i1MhiRA,UCjSVqRtdOsxQDss_pJpp_Yg,COMPUESTOS Podcast,¿El Algoritmo No Te Apoya? 🤖 #Compuestos #AndresGarza #EloisaWolf #Algoritmo,574,2,0,0.008633,2,1264,9,0
monthly,2026-04-01,2026-04-30,DWt3zfqtI6g,UC2UXDak6o7rBm23k3Vv5dww,Tina Huang,Top 10 AI-Exposed Occupations,568,12,0,0.033407,2,11901,386,8
monthly,2026-04-01,2026-04-30,2FdfXwODkr4,UCyM-2pRapEv6V2q7UNO9icg,Emprende Aprendiendo,El hombre que compró su empresa por 1 dólar,556,6,0,0.023611,2,24802,572,10
monthly,2026-04-01,2026-04-30,Zu3g28TTetU,UC55-mxUj5Nj3niXFReG44OQ,Platzi,Startups de Silicon Valley dejan OpenAI por modelos chinos 😳,548,37,0,0.052112,2,46338,2249,170
monthly,2026-04-01,2026-04-30,_BHe9R7pYNw,UCQIUhtP5WYIx_pMG8UvMYHg,Cristina Dayz ,Por qué la clase media es cada vez más POBRE,544,25,6,0.081146,2,6074,453,33
monthly,2026-04-01,2026-04-30,vrW0swCG3Kg,UCUyDOdBWhC1MCxEjC46d-zw,Alex Hormozi,Nobody Warns You About This Part Of Wanting Something Big,538,18,0,0.055964,2,28717,1575,26
monthly,2026-04-01,2026-04-30,01NMf5-J_P4,UCUyDOdBWhC1MCxEjC46d-zw,Alex Hormozi,Don't Let Them Stop You,535,30,1,0.04381,2,51522,2243,18
monthly,2026-04-01,2026-04-30,X5MyBjZ8Jgw,UCF0L4jd9LcSIxsj5gKITMqQ,Jaime Higuera,Me quedé pensando cuando Jaime Higuera dijo esto #shorts,524,11,0,0.057251,2,22473,1267,10
monthly,2026-04-01,2026-04-30,La4ogJrxI0g,UCTfQ65AxquXmih3r6rZmK-Q,jefillysh,"Neuronas jugando Doom, Mega Terremotos y Nuestra Piel tiene Memoria - JefiNews Abril 22 2026",521,15,2,0.0776,2,44598,3261,188
monthly,2026-04-01,2026-04-30,J9p4GMskefU,UC3IEYr87JpgBeVbbc0gP9DA,Irene Albacete,“La memoria colectiva” puede ser tu mayor obstáculo.,514,41,1,0.093692,2,26855,2441,72
monthly,2026-04-01,2026-04-30,fHes8kAGJHs,UCUyDOdBWhC1MCxEjC46d-zw,Alex Hormozi,Working Hard Isn't Enough,510,16,0,0.042595,2,37302,1575,11
monthly,2026-04-01,2026-04-30,u7sbQBw3X3g,UC5mQQ4Ur6oA8lsGFkvH2lyg,Noche De Chicxs,¡Tenía el pie roto! #chisme #comedia #podcast,506,10,0,0.023188,2,19186,444,0
monthly,2026-04-01,2026-04-30,u03PlL13QDw,UCjSVqRtdOsxQDss_pJpp_Yg,COMPUESTOS Podcast,La Estructura De Un Buen Video De YouTube📏 #Compuestos #AndresGarza #EloisaWolf #YouTube,484,8,0,0.014235,2,2345,34,0
monthly,2026-04-01,2026-04-30,Nq-c06vj5PM,UCxFACDJ98idvo9Gq9M9AQgg,Moris Dieck | Finanzas e Inversiones ,Médicos vs Aseguradoras ¿Por qué no te alcanza el seguro? | Dimes y Billetes #445,481,10,1,0.036981,2,20076,635,104
monthly,2026-04-01,2026-04-30,5zwotvZ1rl0,UCxFACDJ98idvo9Gq9M9AQgg,Moris Dieck | Finanzas e Inversiones ,⁠Stablecoins: La revolución financiera | SHAPING THE FUTURE OF FINANCE | Dimes y Billetes #446,480,4,0,0.029061,2,9329,235,31
monthly,2026-04-01,2026-04-30,MX1a5garnwc,UC9WGON3pXofvE958Uq3Lw3Q,Exito Financiero,Cómo INVERTIR Con El Salario MÍNIMO,474,23,3,0.088092,2,6291,464,82
monthly,2026-04-01,2026-04-30,0xTKuxdSrRI,UCF0L4jd9LcSIxsj5gKITMqQ,Jaime Higuera,Esta es la forma más rápida de leer a una persona #shorts,474,18,0,0.039253,2,23573,915,10
monthly,2026-04-01,2026-04-30,sPHe-L95K0o,UCP7PV59jal4PobLeo5cSG_Q,Santiago Amat,Estrategia Gaps Tesla,461,8,-1,0.043847,2,743,13,10
monthly,2026-04-01,2026-04-30,gS87TtB9nk4,UCUyDOdBWhC1MCxEjC46d-zw,Alex Hormozi,This Changed How I Do Business,456,6,0,0.021239,2,107060,2250,22
monthly,2026-04-01,2026-04-30,tveRHTJJyy8,UCUyDOdBWhC1MCxEjC46d-zw,Alex Hormozi,This Is What's Actually Been Stopping You,433,12,0,0.037074,2,20366,748,5
monthly,2026-04-01,2026-04-30,94PJFiyaSrs,UCyJbb85EUgWjl38GcF236Jg,Eva Maria Beristain,Renovaciones por el mundial,409,10,0,0.061574,2,34749,2000,132
monthly,2026-04-01,2026-04-30,SY53rwqE2i0,UCaVPhFg-Ax873wvhbNitsrQ,El Robot de Platón,¡Atención Perú! 🇵🇪,396,8,2,0.05656,2,24138,1294,65
monthly,2026-04-01,2026-04-30,7m9uIc31Egw,UCEK0oX3X2yK9y27khCsrNKg,Mis Propias Finanzas,Las 3 Reglas que Necesitas Seguir para Vivir del Trading - Hyenuk Chu,386,12,0,0.055216,3,2965,152,5
monthly,2026-04-01,2026-04-30,VvBy9AkhR2w,UCBBWpss2iXVXtTzl7-4eWbg,Jessica Fernández García,Escúchalo completo en Más Allá del Rosa en YouTube,372,8,0,0.038281,2,4578,169,3
monthly,2026-04-01,2026-04-30,e7IyFScAa-Q,UC9WGON3pXofvE958Uq3Lw3Q,Exito Financiero,La Escalera Del Dinero: Nivel 1 al 5 De Libertad Financiera,369,5,0,0.047646,2,13755,603,46
monthly,2026-04-01,2026-04-30,-tzJJPnAenI,UCjSVqRtdOsxQDss_pJpp_Yg,COMPUESTOS Podcast,¿Cuánto Gana Un Canal De YouTube en LATAM? 🎥 #Compuestos #AndresGarza #EloisaWolf #Dinero,365,16,0,0.019267,2,902,23,0
monthly,2026-04-01,2026-04-30,EvauKuWaNmk,UCl5-lvQyfILb-l2abPk4Ntg,Inteligencia Artificial,Mis Agentes OpenClaw están empezando a putearse entre ellos 😡,359,13,0,0.051683,3,58567,2758,265
monthly,2026-04-01,2026-04-30,N14hiQw7Wdk,UCiqJoWIT-vm-hJoXilFGiUQ,Inversión Inteligente - Alain Cortés,¡La Sofipo con MEJOR TASA de interés! Hasta el 12.25% ANUAL | Leva: Alternativas Económicas,355,18,5,0.169919,2,530,48,14
monthly,2026-04-01,2026-04-30,yaBzATxyEYs,UCaVPhFg-Ax873wvhbNitsrQ,El Robot de Platón,La Gran Mentira del Helio - 3,352,27,2,0.078009,2,37909,2848,110
monthly,2026-04-01,2026-04-30,Wj8owIKaQKQ,UCUyDOdBWhC1MCxEjC46d-zw,Alex Hormozi,Who Should You Blame?,346,6,0,0.052851,2,31034,1619,15
monthly,2026-04-01,2026-04-30,1a5xOhqvm-I,UCoOae5nYA7VqaXzerajD0lg,Ali Abdaal,The Minimum $2K Pricing Effect,344,8,0,0.034289,2,11051,364,13
monthly,2026-04-01,2026-04-30,-Ap6qWvqk0I,UCF7UoUGGOUcSSNcVDndq7KQ,Itzcalli,"SI ERES MUJER, TU BELLEZA ES UNA MONEDA DE CAMBIO: Barbie y los Diarios de una boticaria",333,29,1,0.149576,2,17349,2444,141
monthly,2026-04-01,2026-04-30,MK-6-YuFzC4,UCdNnEDbRWhanA1O8zhCn3ZA,Omar - Educación Financiera,La CUENTA que más paga en abril 2026,320,4,1,0.062635,2,13293,742,83
monthly,2026-04-01,2026-04-30,W1js1spTUPs,UCWn_0MmgojB711LFX-jaCDQ,El Rincón Del Dev,Así puedes crear tus MVP en un día 👀 #desarrolloweb #programacion #programador,320,7,1,0.021245,2,1899,40,1
monthly,2026-04-01,2026-04-30,VREVC0wXPfs,UChhw6DlKKTQ9mYSpTfXUYqA,Starter Story,This idea validation formula has made him $500K from iOS apps,314,9,0,0.027345,2,23178,631,3
monthly,2026-04-01,2026-04-30,ZB9IMq0ee0k,UCl5-lvQyfILb-l2abPk4Ntg,Inteligencia Artificial,OpenAI revienta a Nano Banana 🔥🤯,307,11,2,0.047341,3,64214,2863,176
monthly,2026-04-01,2026-04-30,1gyuiKoSc-w,UCjSVqRtdOsxQDss_pJpp_Yg,COMPUESTOS Podcast,Bárbara Tijerina: Cómo Detectar Mentiras y Leer a Cualquier Persona en Segundos | EP. #65,303,38,0,0.103571,2,315,39,0
monthly,2026-04-01,2026-04-30,uZ6Nbwp8GtU,UCX9NJ471o7Wie1DQe94RVIg,Fazt,Convierte Diseños de Figma en Código Automáticamente (MCP Tutorial),303,13,0,0.051773,2,9510,476,15
monthly,2026-04-01,2026-04-30,wR8P970sqH8,UCUyDOdBWhC1MCxEjC46d-zw,Alex Hormozi,There Are Only Two Reasons People Feel Hopeless,299,11,0,0.039974,2,24528,971,9
monthly,2026-04-01,2026-04-30,CZtseHx5dAM,UCUyDOdBWhC1MCxEjC46d-zw,Alex Hormozi,You Just Need To Pick One...,295,6,0,0.034064,2,31853,1072,11
monthly,2026-04-01,2026-04-30,G-i7hiu_yPU,UCrr-NczCJHrwi1oBS97uwnw,Finanzas con Gus,El Imperio Más Poderoso del Mundo Está Empezando a Romperse,289,18,2,0.105025,2,6744,633,70
monthly,2026-04-01,2026-04-30,jjSaUeqJi4s,UCX9NJ471o7Wie1DQe94RVIg,Fazt,Probé Claude Design: la nueva IA de Anthropic para crear interfaces,283,4,0,0.03149,2,15639,457,33
monthly,2026-04-01,2026-04-30,9361MUAmA24,UCLYoURyGHMUuQ5YrfX55PWg,Aprendiz Financiero,Haz ESTO para gestionar BIEN tu tiempo,276,16,1,0.076433,2,12561,948,10
monthly,2026-04-01,2026-04-30,-wkZoxeFIpM,UCEQXxiYxNZbym9Fad7-n2Lg,Doctor Fisión,Los Mayores Errores Científicos de la Historia - Domingo de Ciencia 225,276,3,0,0.094616,2,3657,325,9
monthly,2026-04-01,2026-04-30,8MhnMHlXk7Q,UCRDQzsHtx2cXvzEXnEhbxBg,Mister Krax,Atacan al presidente Trump #notícias,274,23,3,0.072803,2,4380,292,30
monthly,2026-04-01,2026-04-30,HOwVuamQvTc,UCEK0oX3X2yK9y27khCsrNKg,Mis Propias Finanzas,Esta es la historia del edificio que fue el más alto de LATAM durante muchos años,272,11,0,0.053343,3,4207,213,9
monthly,2026-04-01,2026-04-30,f7fbvRa4eJE,UCUyDOdBWhC1MCxEjC46d-zw,Alex Hormozi,Why Your Competition Is Already Ahead And You Don't See It,271,7,0,0.029503,2,25743,748,11
monthly,2026-04-01,2026-04-30,jq7ocNZXg_s,UCUyDOdBWhC1MCxEjC46d-zw,Alex Hormozi,This Is Your Lonely Chapter,271,14,0,0.106609,2,24102,2521,41
monthly,2026-04-01,2026-04-30,PMX-urJB7uw,UCF0L4jd9LcSIxsj5gKITMqQ,Jaime Higuera,Esta es la idea de ingreso pasivo  #shorts,271,38,0,0.084545,2,2247,192,6
monthly,2026-04-01,2026-04-30,ax0ogeQpq3E,UCBBWpss2iXVXtTzl7-4eWbg,Jessica Fernández García,Escúchalo completo en Más Allá del Rosa en YouTube,262,7,0,0.050937,2,15160,752,17
monthly,2026-04-01,2026-04-30,F1D4G7VTBnY,UCxFACDJ98idvo9Gq9M9AQgg,Moris Dieck | Finanzas e Inversiones ,¿Qué te separa de los demás?,260,13,0,0.042877,2,3196,137,1
monthly,2026-04-01,2026-04-30,w9LJSjmwufQ,UCP15FVAA2UL-QOcGhy7-ezA,EDteam,Estás desarrollando apps de la forma equivocada,260,2,0,0.060488,2,9026,535,4
monthly,2026-04-01,2026-04-30,0moz0GJcIHg,UCUyDOdBWhC1MCxEjC46d-zw,Alex Hormozi,Which Would You Rather Be?,249,9,0,0.038004,2,26740,1002,14
monthly,2026-04-01,2026-04-30,eEfZlpKPAIU,UCP15FVAA2UL-QOcGhy7-ezA,EDteam,¡Elon Musk comprará Cursor!,241,2,0,0.041919,2,16844,687,15
monthly,2026-04-01,2026-04-30,evVs-Jtor50,UCqcbQf6yw5KzRoDDcZ_wBSw,Wes Roth,OpenAI just WON...,240,4,0,0.034636,2,57604,1706,287
monthly,2026-04-01,2026-04-30,4RmcHqjzw-A,UCOQEA3qmyzFmJdi6Z137yrA,Monitor fantasma,Sobre las elecciones en Perú y una reflexión sobre la democracia,239,13,2,0.117797,2,10965,993,292
monthly,2026-04-01,2026-04-30,qCFEWA_Nu3k,UCl5-lvQyfILb-l2abPk4Ntg,Inteligencia Artificial,🤖 Es necesario instalar más potencia para suplir a los nuevos consumidores 🤖 #ia #chatgpt #energía,238,6,0,0.019935,3,23711,465,9
monthly,2026-04-01,2026-04-30,5jOtf3OIgHg,UCP15FVAA2UL-QOcGhy7-ezA,EDteam,MCP es la magia por la que muchos prefieren Claude,229,3,0,0.047513,2,8587,398,6
monthly,2026-04-01,2026-04-30,lkM12v2VZyE,UCP15FVAA2UL-QOcGhy7-ezA,EDteam,¿Qué es Shadow AI y por qué es peligroso?,225,11,1,0.032105,2,43626,1372,31
monthly,2026-04-01,2026-04-30,Zqmsoqo2fJs,UCyM-2pRapEv6V2q7UNO9icg,Emprende Aprendiendo,¿Qué estás esperando? ¡Emprende YA!,223,11,0,0.046067,2,3617,163,4
monthly,2026-04-01,2026-04-30,8XfsycyMf48,UCjSVqRtdOsxQDss_pJpp_Yg,COMPUESTOS Podcast,El Primer Paso Para Vivir De YouTube 🎥 #Compuestos #AndresGarza #EloisaWolf #YouTube,218,2,0,0.048951,2,4340,207,1
monthly,2026-04-01,2026-04-30,rzHYdFYDjcQ,UC5mQQ4Ur6oA8lsGFkvH2lyg,Noche De Chicxs,Frutinovela #chisme #comedia #podcast,216,4,0,0.037443,2,2274,81,2
monthly,2026-04-01,2026-04-30,OPDzJP8iWLo,UCEQXxiYxNZbym9Fad7-n2Lg,Doctor Fisión,¿SIRVEN PARA ALGO LOS EXPERIMENTOS EN EL ESPACIO? 🛰️,211,11,0,0.101585,2,29613,2946,57
monthly,2026-04-01,2026-04-30,E6IrH04B8wg,UCl5-lvQyfILb-l2abPk4Ntg,Inteligencia Artificial,👉🏻 Te dejo el PROMPT Completo para añadir a tus personajes favoritos fijado en los comentarios.,209,3,0,0.017165,3,5616,88,8
monthly,2026-04-01,2026-04-30,gGvkfd-LiKA,UCP15FVAA2UL-QOcGhy7-ezA,EDteam,Claude normalizó la ansiedad por los tokens,209,6,2,0.046162,2,10871,460,41
monthly,2026-04-01,2026-04-30,R6VQrYkJf74,UCP15FVAA2UL-QOcGhy7-ezA,EDteam,¡Vercel fue hackeado! ¿Cómo lo lograron y cómo estar prevenido?,209,1,0,0.037449,2,19104,679,33
monthly,2026-04-01,2026-04-30,PZ2yduZysf0,UCl5-lvQyfILb-l2abPk4Ntg,Inteligencia Artificial,👉🏻 Te dejo la Guía Pro de ChatGPT fijada en los comentarios de este video.,208,4,0,0.030008,3,5649,161,7
monthly,2026-04-01,2026-04-30,m8mdQGF-Pmw,UCF0L4jd9LcSIxsj5gKITMqQ,Jaime Higuera,Me quedé pensando cuando Jaime Higuera dijo esto #shorts,206,12,0,0.060546,2,22466,1337,23
monthly,2026-04-01,2026-04-30,HnafDG2aj1I,UCUyDOdBWhC1MCxEjC46d-zw,Alex Hormozi,This Is Rarer Than Any Goal You'll Ever Hit,205,0,0,0.031974,2,29126,922,6
monthly,2026-04-01,2026-04-30,ITT9xWeicWM,UCqcbQf6yw5KzRoDDcZ_wBSw,Wes Roth,"Mythos leaks, SpaceX buys Cursor and OpenAI drops GPT Image 2.0",204,2,0,0.029835,2,53530,1399,196
monthly,2026-04-01,2026-04-30,DykSRxbFZZo,UCUyDOdBWhC1MCxEjC46d-zw,Alex Hormozi,Shrink Your Competition,198,5,0,0.039998,2,28813,1135,16
monthly,2026-04-01,2026-04-30,mPbb2Gk3fr4,UCUyDOdBWhC1MCxEjC46d-zw,Alex Hormozi,Don't Say This In A Sale,194,7,0,0.028397,2,52621,1489,6
monthly,2026-04-01,2026-04-30,Xq-4lUaLIp8,UCl5-lvQyfILb-l2abPk4Ntg,Inteligencia Artificial,🤖 Fuentes de energía que no salen la salud ni el ambiente 🤖 #ia #chatgpt #energía,193,1,0,0.026371,3,6840,174,4
monthly,2026-04-01,2026-04-30,8ImVuaOhTf4,UCF0L4jd9LcSIxsj5gKITMqQ,Jaime Higuera,Me voló la cabeza cuando Jaime Higuera dijo esto #shorts,191,14,0,0.078898,2,12111,940,15
monthly,2026-04-01,2026-04-30,pVwkpXd5PCA,UC2UXDak6o7rBm23k3Vv5dww,Tina Huang,3 Hyperspecific AI Apps,189,3,0,0.027195,2,16219,431,9
monthly,2026-04-01,2026-04-30,n16KlvFN28c,UCdNnEDbRWhanA1O8zhCn3ZA,Omar - Educación Financiera,Empezar a invertir con $100 pesos #shorts #dinero #ahorro #cetes,188,3,0,0.0499,2,20505,1011,9
monthly,2026-04-01,2026-04-30,Ux-bi7bqrUU,UCF0L4jd9LcSIxsj5gKITMqQ,Jaime Higuera,Así trabajan las personas que están construyendo riquezas #shorts,180,12,0,0.086077,2,6143,522,5
monthly,2026-04-01,2026-04-30,MbX7gs6huVE,UC55-mxUj5Nj3niXFReG44OQ,Platzi,Qué es GPT Image 2.0 y por qué es el mejor generador de imágenes con AI,180,0,0,0.051012,2,12029,595,14
monthly,2026-04-01,2026-04-30,AxHTi--S-sU,UCP15FVAA2UL-QOcGhy7-ezA,EDteam,Volvió el rey de la IA: ChatGPT humilla a Claude Design con GPT-Images-2,177,6,0,0.058843,2,35811,1898,207
monthly,2026-04-01,2026-04-30,TpncXdKNLTQ,UCEK0oX3X2yK9y27khCsrNKg,Mis Propias Finanzas,¿Por qué el gobierno paga más caro?,176,6,0,0.036573,3,3695,130,4
monthly,2026-04-01,2026-04-30,uay_qpfTJOE,UC55-mxUj5Nj3niXFReG44OQ,Platzi,Platzi Conf Mexico 2026 🇲🇽 El evento tech del año,174,1,0,0.028887,2,3118,85,3
monthly,2026-04-01,2026-04-30,9R7IaubJFhA,UCP15FVAA2UL-QOcGhy7-ezA,EDteam,¡Estas quemando tokens por no saber programar!,172,5,0,0.057539,2,10210,556,29
monthly,2026-04-01,2026-04-30,QduEFho6dLg,UCEK0oX3X2yK9y27khCsrNKg,Mis Propias Finanzas,"""ZENcillamente"" de Roberto Cuéllar | Club de Lectura #198",171,6,0,0.065233,3,8291,508,29
monthly,2026-04-01,2026-04-30,6Np0FPnWdMs,UCP15FVAA2UL-QOcGhy7-ezA,EDteam,¿Cómo hackearon a Vercel?,167,4,0,0.040769,2,18995,757,16
monthly,2026-04-01,2026-04-30,ra8QknbAJs4,UCEK0oX3X2yK9y27khCsrNKg,Mis Propias Finanzas,¿Hay que invertir en CDTs?,165,10,0,0.03684,3,4552,164,6
monthly,2026-04-01,2026-04-30,NLrfMQ0dqpQ,UCsmEAwbV7WbYndpQKbY4Ntw,Juan Villalvazo,La Tumba de Microsoft y Windows,164,10,5,0.108687,2,2884,218,94
monthly,2026-04-01,2026-04-30,FfMFahO2VE4,UCUyDOdBWhC1MCxEjC46d-zw,Alex Hormozi,What HARD Feels Like,162,4,0,0.053317,2,30409,1606,13
monthly,2026-04-01,2026-04-30,rzqgWnJPamU,UCF0L4jd9LcSIxsj5gKITMqQ,Jaime Higuera,Este consejo cambia tu relación con las mujeres #shorts,161,11,1,0.05124,2,2675,135,4
monthly,2026-04-01,2026-04-30,sa3zzPEnz_4,UCP15FVAA2UL-QOcGhy7-ezA,EDteam,Claude ahora diseña. Lo probamos SIN HUMO ¿Mató a Figma?,159,5,0,0.040383,2,33373,1267,80
monthly,2026-04-01,2026-04-30,rg1PhRvmFXk,UCDnUOd6PIlQAL9bPUTf9BkQ,Sapiencia práctica,Cómo  DEJAR de PREOCUPARTE por lo que OTROS PIENSAN de ti,157,5,1,0.137182,2,3025,391,16
monthly,2026-04-01,2026-04-30,2Z1aJVGA1-M,UCxFACDJ98idvo9Gq9M9AQgg,Moris Dieck | Finanzas e Inversiones ,"¡Señoronas, señorones! Les tengo una noticia 🤯",154,2,0,0.043221,2,7088,296,8
monthly,2026-04-01,2026-04-30,UN6X2Jj-qrQ,UCLYoURyGHMUuQ5YrfX55PWg,Aprendiz Financiero,Si siempre estás ocupado pero no avanzas… mira ESTO,154,12,0,0.087143,2,7823,679,2
monthly,2026-04-01,2026-04-30,0YCyZKuGPmA,UC9mrBfjgyOsqJ0J-zw7kZLQ,Atherion,🐜📸,152,12,1,0.069494,2,7134,489,8
monthly,2026-04-01,2026-04-30,RtCDqPRlu48,UCP15FVAA2UL-QOcGhy7-ezA,EDteam,BOMBAZO: Anthropic sí nerfeó a Claude Opus 4.6,150,4,0,0.044773,2,16335,713,17
monthly,2026-04-01,2026-04-30,Z-xAO96GQtU,UCF0L4jd9LcSIxsj5gKITMqQ,Jaime Higuera,Esto es lo primero que vas a hacer mañana  #shorts,149,15,1,0.111526,2,9588,1063,6
monthly,2026-04-01,2026-04-30,HgD5P0gQxOk,UCyM-2pRapEv6V2q7UNO9icg,Emprende Aprendiendo,¿Cómo este youtuber ha cambiado las redes para siempre?,146,3,0,0.023924,2,11087,261,4
monthly,2026-04-01,2026-04-30,xUWqMdypNsM,UC5PwIMtLiIBCBhsu8f_-6UQ,Santiago Bilinkis,Por qué no podés parar de comer (y no es tu culpa),142,5,0,0.060966,2,12250,720,25
monthly,2026-04-01,2026-04-30,EJfh57hfc_E,UCF0L4jd9LcSIxsj5gKITMqQ,Jaime Higuera,Me cambió la vida cuando Jaime Higuera dijo esto #shorts,141,13,0,0.062281,2,20261,1244,20
monthly,2026-04-01,2026-04-30,TeheJAFWwYs,UCDOSaJ0pnglwzfkR6fYbisA,Luis Mi Negocios,Didi Cuenta vs Bancos Tradicionales | El DINERO Que PIERDES,139,4,0,0.07367,2,6952,457,52
monthly,2026-04-01,2026-04-30,XAQ275WwWnw,UChhw6DlKKTQ9mYSpTfXUYqA,Starter Story,The tech stack behind a $25K/month timer app?,137,3,0,0.029762,2,14634,429,6
monthly,2026-04-01,2026-04-30,QCcQpkBhOvI,UCP15FVAA2UL-QOcGhy7-ezA,EDteam,"Claude Design no es rival para Figma, pero…",133,1,0,0.048938,2,11704,557,13
monthly,2026-04-01,2026-04-30,ZVnXmeZZDw0,UCWn_0MmgojB711LFX-jaCDQ,El Rincón Del Dev,"Sí, funciona, puedes encontrarlo buscando caveman ✌🏻 #desarrolloweb #programacion #programador",133,2,1,0.023405,2,3976,90,3
monthly,2026-04-01,2026-04-30,oXKkhajzwgE,UCRDQzsHtx2cXvzEXnEhbxBg,Mister Krax,¿Quieren desestabilizar México? #méxico,132,13,0,0.085108,2,13161,1021,100
monthly,2026-04-01,2026-04-30,au_CNv7ZBS4,UCDOSaJ0pnglwzfkR6fYbisA,Luis Mi Negocios,REGALAN 1000 boletos… pero NO ES casualidad,130,2,0,0.065772,2,14874,947,28
monthly,2026-04-01,2026-04-30,qO9602XOIfY,UCF0L4jd9LcSIxsj5gKITMqQ,Jaime Higuera,No tengas miedo a esto #shorts,127,7,0,0.056829,2,15839,888,12
monthly,2026-04-01,2026-04-30,yqwGsf5XVkI,UCOD6LXgeBoeiUZTsPLdG-0g,Vida MRR - Programacion web,GitHub ARRUINÓ Copilot con estos CAMBIOS,126,1,0,0.053915,2,5767,242,66
monthly,2026-04-01,2026-04-30,9dIy1d0jmXw,UCYZLVhSSwdBllvn4tw5a4uQ,Rob Paper Sheet,"Sin condominio, mecánicos adentro del taller.",120,2,0,0.044622,2,11243,442,58
monthly,2026-04-01,2026-04-30,h_G5spN1nJk,UC30ajuhy8cViP2DiM1QLjmg,98grados,"Cuál es el mejor, el peor y el ideal? Rankeando iPhones #iphone #apple",118,11,1,0.06449,2,17829,1134,18
monthly,2026-04-01,2026-04-30,sujVZ7316qo,UCyM-2pRapEv6V2q7UNO9icg,Emprende Aprendiendo,Millonario limpiando alfombras ¿GRATIS?,116,4,0,0.027608,2,16611,453,6
monthly,2026-04-01,2026-04-30,Z0uWs_W9S1A,UCUyDOdBWhC1MCxEjC46d-zw,Alex Hormozi,The Real Cost Of Not Using AI...,114,1,0,0.030851,2,14627,438,12
monthly,2026-04-01,2026-04-30,5Tsi4Beca6g,UCP15FVAA2UL-QOcGhy7-ezA,EDteam,OpenAI estuvo en silencio porque planeaban algo GRANDE,112,3,0,0.046073,2,9031,395,20
monthly,2026-04-01,2026-04-30,t3oZncJYgwE,UCF0L4jd9LcSIxsj5gKITMqQ,Jaime Higuera,No hagas caso a la sociedad actual  #shorts,109,8,0,0.092402,2,3507,318,5
monthly,2026-04-01,2026-04-30,q__FKs64J28,UCEK0oX3X2yK9y27khCsrNKg,Mis Propias Finanzas,¿Quién define la tasa de interés y por qué?,100,4,0,0.056306,3,2992,165,2
monthly,2026-04-01,2026-04-30,YldxYShWvGE,UCl5-lvQyfILb-l2abPk4Ntg,Inteligencia Artificial,🤖 La energía nuclear no debe usarse para solucionar cualquier problema 🤖 #ia #chatgpt #educación,99,0,0,0.021518,3,6989,147,2
monthly,2026-04-01,2026-04-30,E7PxcFm-Xs8,UCUyDOdBWhC1MCxEjC46d-zw,Alex Hormozi,9 Business Lessons From My CEO Wife,98,5,0,0.046513,2,29557,1369,6
monthly,2026-04-01,2026-04-30,6cUe6qrXxJU,UCxFACDJ98idvo9Gq9M9AQgg,Moris Dieck | Finanzas e Inversiones ,Nunca he hecho un Excel,97,2,0,0.035853,2,14357,504,10
monthly,2026-04-01,2026-04-30,9T90MfOpaZY,UCHMSzZaVrEjK35aYK3J7Htw,Pequeño Cerdo Capitalista,uando tus Papás se Enferman: Cómo Afrontarlo sin Romperte 💙,97,5,1,0.030478,2,1589,48,2
monthly,2026-04-01,2026-04-30,vm8Yn0BN-TQ,UCbUYAYd1WUznxEEl498z7vA,Woshingo Streams,viernes de disyuntivas,95,1,0,0.05298,2,5833,283,24
monthly,2026-04-01,2026-04-30,pe_HkAV9yJM,UC5PwIMtLiIBCBhsu8f_-6UQ,Santiago Bilinkis,"El peligro de usar el celular como ""niñera""",93,5,0,0.050413,2,13664,671,18
monthly,2026-04-01,2026-04-30,tLlucpJbi5E,UCiqJoWIT-vm-hJoXilFGiUQ,Inversión Inteligente - Alain Cortés,La retención de ISR en tus ganancias de Revolut,92,2,0,0.040812,2,295,11,0
monthly,2026-04-01,2026-04-30,bjFyP8D_XvM,UCjSVqRtdOsxQDss_pJpp_Yg,COMPUESTOS Podcast,Los Errores Más Comunes Al Crear En YouTube ❌ #Compuestos #AndresGarza #EloisaWolf #Errores,91,6,0,0.064335,2,1662,107,0
monthly,2026-04-01,2026-04-30,40kncAedwjs,UCuhw3KIv3wM14By2-LcxDGw,El Consejero,"Sexo, luego el vacío — Arthur Schopenhauer",89,6,1,0.088068,2,2185,176,16
monthly,2026-04-01,2026-04-30,woNfdYrmVGw,UCyM-2pRapEv6V2q7UNO9icg,Emprende Aprendiendo,El anillo que vale más que BANCOS ENTEROS,88,3,0,0.03337,2,10038,332,3
monthly,2026-04-01,2026-04-30,YPM2Fep2P3A,UCjSVqRtdOsxQDss_pJpp_Yg,COMPUESTOS Podcast,El Mejor Formato Para Crear Contenido 📱 #Compuestos #AndresGarza #EloisaWolf #Formato,85,9,0,0.043935,2,1600,71,2
monthly,2026-04-01,2026-04-30,VszurX3VCPE,UCP15FVAA2UL-QOcGhy7-ezA,EDteam,En vivo: Se acabó el reinado de Anthropic // Llegaron los agentes a ChatGPT,85,2,0,0.041502,2,13054,520,21
monthly,2026-04-01,2026-04-30,TlwFNKM1OyA,UCF0L4jd9LcSIxsj5gKITMqQ,Jaime Higuera,Para conseguir lo que quieres debes enfocarte  #shorts,83,4,0,0.065007,2,5764,369,5
monthly,2026-04-01,2026-04-30,zEUstENVghI,UCl5-lvQyfILb-l2abPk4Ntg,Inteligencia Artificial,👉🏻 Te dejo el PROMPT Completo fijado en los comentarios de este vídeo.,82,3,0,0.037298,3,11208,388,30
monthly,2026-04-01,2026-04-30,seu69-hMmGw,UCRDQzsHtx2cXvzEXnEhbxBg,Mister Krax,¿Traición a la patria? #méxico,82,8,2,0.097218,2,11582,1022,105
monthly,2026-04-01,2026-04-30,qGa8y4tPUkc,UC2RIppRBTTa6JBY-Zwv6lQw,El Maikini Dev,Calificando comentarios de mis videos junto a ChatGPT,79,1,0,0.128644,2,3775,437,44
monthly,2026-04-01,2026-04-30,SHPKe7pGqMk,UCbUYAYd1WUznxEEl498z7vA,Woshingo Streams,el fin se acerca,78,3,0,0.052232,2,6156,310,11
monthly,2026-04-01,2026-04-30,sQoa8y7eN-8,UCLYoURyGHMUuQ5YrfX55PWg,Aprendiz Financiero,Deja de ser Esclavo del dinero,77,4,0,0.085046,2,7999,674,5
monthly,2026-04-01,2026-04-30,g47pe7T6-KE,UCUyDOdBWhC1MCxEjC46d-zw,Alex Hormozi,The First Rule Of Money,76,1,0,0.05476,2,25230,1369,11
monthly,2026-04-01,2026-04-30,weyrpnOTB-A,UCF0L4jd9LcSIxsj5gKITMqQ,Jaime Higuera,Así generaría 10000€ al mes #shorts,76,12,0,0.120629,2,3702,447,1
monthly,2026-04-01,2026-04-30,-bFkzPRxH4w,UCHMSzZaVrEjK35aYK3J7Htw,Pequeño Cerdo Capitalista,Cambian las Reglas del SAT 🚨💸: Lo que Cambió en tu Declaración Anual,75,2,0,0.042861,2,14923,254,385
monthly,2026-04-01,2026-04-30,uJzhn5czGL4,UCjSVqRtdOsxQDss_pJpp_Yg,COMPUESTOS Podcast,¿YouTube Es La Mejor Red Para Crear Contenido? 👥#Compuestos #AndresGarza #EloisaWolf #Contenido,75,7,0,0.059997,2,1412,84,2
monthly,2026-04-01,2026-04-30,6q8iEtd0IGE,UCbUYAYd1WUznxEEl498z7vA,Woshingo Streams,EL REGRESO DE DON X (RESIDENT EVIL REQUIEM PARTE 7),74,3,0,0.083615,2,1646,126,10
monthly,2026-04-01,2026-04-30,kLZUfQUWNNw,UCF0L4jd9LcSIxsj5gKITMqQ,Jaime Higuera,¡Estás a muy poco de vivir la vida de tus sueños #shorts,73,10,1,0.066673,2,2098,136,7
monthly,2026-04-01,2026-04-30,lrl7lslhv2s,UCl5-lvQyfILb-l2abPk4Ntg,Inteligencia Artificial,👉🏻 Te dejo la Guía Pro de ChatGPT fijada en los comentarios de este video.,71,1,0,0.035315,3,8382,293,2
monthly,2026-04-01,2026-04-30,dCJJcNtrNjo,UCjSVqRtdOsxQDss_pJpp_Yg,COMPUESTOS Podcast,¿Audiencia Grande O Nicho Específico? 👥 #Compuestos #AndresGarza #EloisaWolf #Audiencia,71,9,0,0.057882,2,1062,64,0
monthly,2026-04-01,2026-04-30,Q9qmcTjw89Q,UC30ajuhy8cViP2DiM1QLjmg,98grados,Malo vs Bueno vs Impecable. Edición PC #pc #pcgamer,70,4,0,0.034251,2,24326,823,11
monthly,2026-04-01,2026-04-30,PiKd0maLI6o,UCl5-lvQyfILb-l2abPk4Ntg,Inteligencia Artificial,👉🏻 Te dejo el link de la Guía de NotbookLM fijada en los comentarios de este vídeo.,69,1,0,0.06137,3,9975,602,8
monthly,2026-04-01,2026-04-30,Rdfd1KAX6NU,UCl5-lvQyfILb-l2abPk4Ntg,Inteligencia Artificial,👉🏻 Te dejo la Guía Pro de ChatGPT fijada en los comentarios de este video.,64,4,0,0.03602,3,7159,255,4
monthly,2026-04-01,2026-04-30,9Ke8dmefEqo,UCF0L4jd9LcSIxsj5gKITMqQ,Jaime Higuera,Todo depende de lo que hagas hoy #shorts,63,7,0,0.06935,2,8229,566,6
monthly,2026-04-01,2026-04-30,vcL1MMmXeO8,UCyM-2pRapEv6V2q7UNO9icg,Emprende Aprendiendo,Nadie se esperaba esto de J Balvin,61,3,0,0.022202,2,10142,220,6
monthly,2026-04-01,2026-04-30,h5Snd8uqih8,UCF0L4jd9LcSIxsj5gKITMqQ,Jaime Higuera,Muchos dueños de negocio se sienten así    #shorts,58,4,0,0.041405,2,2613,106,3
monthly,2026-04-01,2026-04-30,SxYWhC51qFo,UCF0L4jd9LcSIxsj5gKITMqQ,Jaime Higuera,Me voló la cabeza cuando Jaime Higuera dijo esto #shorts,58,3,0,0.059393,2,8035,473,4
monthly,2026-04-01,2026-04-30,7y8W9bita7o,UC9mrBfjgyOsqJ0J-zw7kZLQ,Atherion,la cordialidad del silencio,58,4,0,0.084472,2,3983,329,7
monthly,2026-04-01,2026-04-30,aNfOwttNQcg,UCl5-lvQyfILb-l2abPk4Ntg,Inteligencia Artificial,👉🏻 Te dejo la Guía Pro de ChatGPT fijada en los comentarios de este video.,57,1,0,0.026824,3,4114,108,2
monthly,2026-04-01,2026-04-30,mTqDtRTKvqE,UCl5-lvQyfILb-l2abPk4Ntg,Inteligencia Artificial,👉🏻 Te dejo la Guía Pro de ChatGPT fijada en los comentarios de este video.,57,0,0,0.037825,3,6189,215,18
monthly,2026-04-01,2026-04-30,fIZkXHaOuvY,UCF0L4jd9LcSIxsj5gKITMqQ,Jaime Higuera,La sociedad te está programando #shorts,57,2,0,0.049131,2,2410,116,2
monthly,2026-04-01,2026-04-30,jKwIvjb9kgM,UCF0L4jd9LcSIxsj5gKITMqQ,Jaime Higuera,Estas personas están atrapadas #shorts,56,2,0,0.083166,2,7988,657,6
monthly,2026-04-01,2026-04-30,H1fy1Brpa3Q,UCBBWpss2iXVXtTzl7-4eWbg,Jessica Fernández García,Escúchalo completo en Más Allá del Rosa en YouTube,56,1,0,0.055772,2,8751,469,18
monthly,2026-04-01,2026-04-30,YY3pLnSX1W4,UCF0L4jd9LcSIxsj5gKITMqQ,Jaime Higuera,No consumas tu tiempo y tu energía en algo que no te aporta nada  #shorts,55,1,0,0.075839,2,3779,283,2
monthly,2026-04-01,2026-04-30,XvLttG6zZck,UCRDQzsHtx2cXvzEXnEhbxBg,Mister Krax,Que hay detrás de lo ocurrido en Teotihuacán? #teotihuacan #méxico,55,5,0,0.05107,2,15800,716,92
monthly,2026-04-01,2026-04-30,FAerQflosns,UCxFACDJ98idvo9Gq9M9AQgg,Moris Dieck | Finanzas e Inversiones ,Aprendí a cobrar mi trabajo,54,0,0,0.039031,2,7662,286,12
monthly,2026-04-01,2026-04-30,WBBOTxvDook,UCF0L4jd9LcSIxsj5gKITMqQ,Jaime Higuera,Céntrate en tu objetivo principal #shorts,48,2,0,0.068716,2,3604,243,4
monthly,2026-04-01,2026-04-30,rbbMgCB90fk,UCuhw3KIv3wM14By2-LcxDGw,El Consejero,En quién se convierte el narcisista cuando el empático deja de cooperar — Carl Jung,47,2,0,0.071551,2,1561,107,4
monthly,2026-04-01,2026-04-30,oYu0ZgihU8Q,UCP15FVAA2UL-QOcGhy7-ezA,EDteam,¿Cómo usar agentes en tu Mac mini (Perplexity Personal Computer)?,46,2,0,0.038345,2,3335,120,8
monthly,2026-04-01,2026-04-30,hrIY-clbdg8,UCqcbQf6yw5KzRoDDcZ_wBSw,Wes Roth,OpenAI's GPT 5.5 is wild...,46,0,0,0.027449,2,82211,1895,361
monthly,2026-04-01,2026-04-30,_EHKT75Ir0g,UC5mQQ4Ur6oA8lsGFkvH2lyg,Noche De Chicxs,¡Episodio estreno con CD9! #chisme #comedia #podcast,45,1,0,0.061234,2,2807,169,2
monthly,2026-04-01,2026-04-30,erf6YdpSakA,UCBBWpss2iXVXtTzl7-4eWbg,Jessica Fernández García,Escúchalo completo en Más Allá del Rosa en YouTube,45,1,0,0.033389,2,11808,389,5
monthly,2026-04-01,2026-04-30,g8NWmUdMh_E,UCqcbQf6yw5KzRoDDcZ_wBSw,Wes Roth,GPT 5.5 LET'S GOOOOOOOO!,44,0,0,0.016173,2,20427,308,22
monthly,2026-04-01,2026-04-30,jr8lgZvzA34,UCOD6LXgeBoeiUZTsPLdG-0g,Vida MRR - Programacion web,ANTHROPIC quiere ELIMINAR CLAUDE CODE...,44,3,0,0.031833,2,7891,201,51
monthly,2026-04-01,2026-04-30,vaEGXlhFrJQ,UCjSVqRtdOsxQDss_pJpp_Yg,COMPUESTOS Podcast,¿La Inteligencia Artificial le Quitará el Trabajo a los YouTubers? (La Realidad de 2026),42,0,0,0,2,46,0,0
monthly,2026-04-01,2026-04-30,KW2YQ1C0ECs,UCP7PV59jal4PobLeo5cSG_Q,Santiago Amat,La TRAMPA de los CRÉDITOS | No saques un PRÉSTAMO sin ver esto,42,4,0,0.162258,2,576,58,34
monthly,2026-04-01,2026-04-30,wFTojQEC2eE,UCP7PV59jal4PobLeo5cSG_Q,Santiago Amat,La Estrategia de GAPS que gana 7 de cada 10 veces (REAL),42,2,1,0.113007,2,1114,96,29
monthly,2026-04-01,2026-04-30,5cynqLNd1gA,UC9mrBfjgyOsqJ0J-zw7kZLQ,Atherion,como si la idea (pintura) se fuera a secar,42,2,0,0.095775,2,4730,443,9
monthly,2026-04-01,2026-04-30,vyUuhcDRcf4,UCF0L4jd9LcSIxsj5gKITMqQ,Jaime Higuera,Me voló la cabeza cuando Jaime Higuera dijo esto #shorts,41,1,0,0.040499,2,9885,393,7
monthly,2026-04-01,2026-04-30,ZrTIAjdcBGM,UCP15FVAA2UL-QOcGhy7-ezA,EDteam,En vivo: ¡ChatGPT humilla a Claude Design!,41,0,0,0.045412,2,13233,548,52
monthly,2026-04-01,2026-04-30,Lw3RJgDjXh0,UCl5-lvQyfILb-l2abPk4Ntg,Inteligencia Artificial,👉🏻 Te dejo la Guía Pro de ChatGPT fijada en los comentarios de este video.,40,0,0,0.024132,3,7072,169,1
monthly,2026-04-01,2026-04-30,1WQetpMA8-k,UC3nwmvE2aDzUSJ4evQ1NhoA,IA Innova,¡las NUEVAS Actualizaciones de Google AI Studio son una LOCURA!,39,1,0,0.046382,2,6369,282,13
monthly,2026-04-01,2026-04-30,SrN39dykl7A,UCF0L4jd9LcSIxsj5gKITMqQ,Jaime Higuera,Esto es lo primero que necesitas  #shorts,38,0,0,0.066454,2,3751,245,3
monthly,2026-04-01,2026-04-30,uHx1N_qFfTw,UCF0L4jd9LcSIxsj5gKITMqQ,Jaime Higuera,Esto es lo primero que necesitas  #shorts,36,1,0,0.086234,2,2807,238,3
monthly,2026-04-01,2026-04-30,C9V8L2emj9M,UCEK0oX3X2yK9y27khCsrNKg,Mis Propias Finanzas,¿Qué es renta fija? (explicado fácil),34,2,0,0.0511,3,3721,190,0
monthly,2026-04-01,2026-04-30,l8F9Omk197E,UCxFACDJ98idvo9Gq9M9AQgg,Moris Dieck | Finanzas e Inversiones ,"""Aprender a vivir con menos""",33,0,0,0.032289,2,8874,281,5
monthly,2026-04-01,2026-04-30,Jlw306k4Sv0,UCF0L4jd9LcSIxsj5gKITMqQ,Jaime Higuera,Te recomiendo esto #shorts,33,4,0,0.051554,2,2150,108,4
monthly,2026-04-01,2026-04-30,FjxyqtLuh_M,UCbUYAYd1WUznxEEl498z7vA,Woshingo Streams,quién es Juan Martin de TikTok?,33,0,0,0.04853,2,7208,329,20
monthly,2026-04-01,2026-04-30,WVEngsk1RuQ,UCjSVqRtdOsxQDss_pJpp_Yg,COMPUESTOS Podcast,Tener Suscriptores No Es Importante 👥 #Compuestos #AndresGarza #EloisaWolf #Suscriptores,32,1,0,0.045483,2,1698,77,0
monthly,2026-04-01,2026-04-30,BwIlVEvq7mU,UCl5-lvQyfILb-l2abPk4Ntg,Inteligencia Artificial,🤖 Los centros de datos consumen energía de forma masiva y constante 🤖 #ia #chatgpt #educación,31,2,0,0.021806,3,6701,139,8
monthly,2026-04-01,2026-04-30,2F50vE7VUIw,UC5mQQ4Ur6oA8lsGFkvH2lyg,Noche De Chicxs,Chisme express con Traumaditos Podcast #chisme #comedia #podcast,31,0,0,0.096885,2,4588,439,4
monthly,2026-04-01,2026-04-30,rWwPAnF8Qeo,UCRDQzsHtx2cXvzEXnEhbxBg,Mister Krax,En Argentina se come carne de burro 🫏? #argentina,30,0,0,0.077291,2,8593,566,97
monthly,2026-04-01,2026-04-30,Bv4wqAVZ6Ps,UCuhw3KIv3wM14By2-LcxDGw,El Consejero,Los hombres nunca deberían saber esto sobre las mujeres,29,0,0,0.073018,2,2288,156,10
monthly,2026-04-01,2026-04-30,bGis_LtFRRo,UC5mQQ4Ur6oA8lsGFkvH2lyg,Noche De Chicxs,Tiene un fetiche con su hermana #chisme #comedia #podcast,27,0,0,0.030394,2,1231,37,0
monthly,2026-04-01,2026-04-30,uOGqRV25LOc,UCF0L4jd9LcSIxsj5gKITMqQ,Jaime Higuera,Esta es la trampa de la educación #shorts,25,3,0,0.051204,2,1897,96,2
monthly,2026-04-01,2026-04-30,qC_5K9u8nY4,UC5mQQ4Ur6oA8lsGFkvH2lyg,Noche De Chicxs,¡Episodio estreno con Traumaditos Podcast! #chisme #comedia #podcast,25,0,0,0.031247,2,5773,179,1
monthly,2026-04-01,2026-04-30,IiPyKNs5dtg,UC3nwmvE2aDzUSJ4evQ1NhoA,IA Innova,GPT 5.5 ACABA de FILTRARSE y es INCREÍBLEMENTE BUENO,25,1,0,0.043864,2,3398,137,12
monthly,2026-04-01,2026-04-30,FR04V2DkErI,UCxFACDJ98idvo9Gq9M9AQgg,Moris Dieck | Finanzas e Inversiones ,“Mi estrategia: hacer lo que me gusta”,24,0,0,0.048366,2,2183,105,0
monthly,2026-04-01,2026-04-30,ppy-SwlSnEo,UCHMSzZaVrEjK35aYK3J7Htw,Pequeño Cerdo Capitalista,😱 ERRORES que te hacen perder dinero con el SAT 💸,23,2,0,0.033586,2,2304,76,2
monthly,2026-04-01,2026-04-30,RNi5EAKHQ_I,UCBBWpss2iXVXtTzl7-4eWbg,Jessica Fernández García,Escúchalo completo en Más Allá del Rosa en YouTube,23,1,0,0.029381,2,4317,123,4
monthly,2026-04-01,2026-04-30,tysrC1PivVE,UCF0L4jd9LcSIxsj5gKITMqQ,Jaime Higuera,En el futuro eso ya es tuyo #shorts,22,1,0,0.092285,2,3614,328,5
monthly,2026-04-01,2026-04-30,tqD_yn5Y_zQ,UCl5-lvQyfILb-l2abPk4Ntg,Inteligencia Artificial,🤖 Recursos por los que hay que seguir apostando 🤖 #ia #chatgpt #educacion,21,0,0,0.016924,3,3973,66,1
monthly,2026-04-01,2026-04-30,kLhNERKdwd4,UCiqJoWIT-vm-hJoXilFGiUQ,Inversión Inteligente - Alain Cortés,Revolut: ¿vale la pena invertir grandes sumas?,21,1,0,0.023821,2,787,18,1
monthly,2026-04-01,2026-04-30,WSSQ8mtQicE,UC5mQQ4Ur6oA8lsGFkvH2lyg,Noche De Chicxs,Gancho chismoso #chisme #comedia #podcast,21,2,0,0.031484,2,3949,125,0
monthly,2026-04-01,2026-04-30,HyTkdC8bhCg,UCbUYAYd1WUznxEEl498z7vA,Woshingo Streams,yo soy Emilio y...(sonido dramático),21,1,0,0.050687,2,5505,265,14
monthly,2026-04-01,2026-04-30,5qoKwHygsy8,UCHMSzZaVrEjK35aYK3J7Htw,Pequeño Cerdo Capitalista,Negocios de Mascotas que Nadie Está Haciendo #pequenocerdocapitalista #podcast #semanadellibro,20,0,0,0.046108,2,3350,148,6
monthly,2026-04-01,2026-04-30,kyojR7HQsVs,UCF0L4jd9LcSIxsj5gKITMqQ,Jaime Higuera,Esto es la fatiga de decisiones #shorts,20,0,0,0.061271,2,4433,264,7
monthly,2026-04-01,2026-04-30,LikC_lxkVEg,UCF0L4jd9LcSIxsj5gKITMqQ,Jaime Higuera,Este es el activo más valioso que puedes poseer #shorts,20,4,0,0.091963,2,5958,542,7
monthly,2026-04-01,2026-04-30,QeK4l-iH51Y,UCl5-lvQyfILb-l2abPk4Ntg,Inteligencia Artificial,🤖 La ley de cambio climático prohíbe la extracción de materiales radioactivos en España 🤖 #chatgpt,19,1,0,0.036071,3,4319,152,4
monthly,2026-04-01,2026-04-30,ymxpml7CipE,UCF0L4jd9LcSIxsj5gKITMqQ,Jaime Higuera,genera así 1000€ al mes fácil #shorts,19,2,1,0.0645,2,5149,330,3
monthly,2026-04-01,2026-04-30,hx45I5QyAFw,UCF0L4jd9LcSIxsj5gKITMqQ,Jaime Higuera,Por esto que te rompan el corazón es una de las mejores cosas que te puede pasar en la vida #shorts,18,4,0,0.082251,2,7170,580,11
monthly,2026-04-01,2026-04-30,kFVzax1iFW8,UCjSVqRtdOsxQDss_pJpp_Yg,COMPUESTOS Podcast,¿Es Bueno Hacer Videos de Experimento en YouTube? (La Respuesta de una Experta),17,1,0,0.048512,2,163,8,0
monthly,2026-04-01,2026-04-30,vW1rzDI4KhM,UCF0L4jd9LcSIxsj5gKITMqQ,Jaime Higuera,Me cambió la vida cuando Jaime Higuera dijo esto #shorts,17,0,0,0.045169,2,3263,142,5
monthly,2026-04-01,2026-04-30,eoXIFY2GZTw,UCF0L4jd9LcSIxsj5gKITMqQ,Jaime Higuera,Estos libros te pueden cambiar la vida #shorts,17,0,0,0.073229,2,21407,1551,16
monthly,2026-04-01,2026-04-30,saLXbA_OCkE,UCiqJoWIT-vm-hJoXilFGiUQ,Inversión Inteligente - Alain Cortés,Beneficios de Revolut: interés diario y capital,17,1,0,0.033012,2,387,13,0
monthly,2026-04-01,2026-04-30,wlOrP9Q1akA,UCiqJoWIT-vm-hJoXilFGiUQ,Inversión Inteligente - Alain Cortés,"Nu: Tasas a la baja, pero ¿qué hay en la 'cajita turbo'?",16,1,0,0.020218,2,725,15,0
monthly,2026-04-01,2026-04-30,IkNEALHWXUo,UCjSVqRtdOsxQDss_pJpp_Yg,COMPUESTOS Podcast,Los Primeros Pasos Para Empezar a Vivir de YouTube (Eloisa Wolf),15,0,0,0.039155,2,595,22,1
monthly,2026-04-01,2026-04-30,cRKwXRLqKQM,UCF0L4jd9LcSIxsj5gKITMqQ,Jaime Higuera,Así deberían pensar los fundadores de e-commerce #shorts,15,0,0,0.028403,2,3317,92,2
monthly,2026-04-01,2026-04-30,5aR4agCS1OM,UCF0L4jd9LcSIxsj5gKITMqQ,Jaime Higuera,Tómatelo como algo personal #shorts,15,1,0,0.057195,2,6328,355,7
monthly,2026-04-01,2026-04-30,i6WQdQsE0kc,UCqcbQf6yw5KzRoDDcZ_wBSw,Wes Roth,Introducing ChatGPT Images 2.0,15,0,0,0.022339,2,10393,213,19
monthly,2026-04-01,2026-04-30,Enic64S66_s,UCl5-lvQyfILb-l2abPk4Ntg,Inteligencia Artificial,👉🏻 Te dejo la Guía Pro de ChatGPT fijada en los comentarios de este video.,14,0,0,0.028354,3,6002,167,3
monthly,2026-04-01,2026-04-30,OHGtOI47r4M,UCWn_0MmgojB711LFX-jaCDQ,El Rincón Del Dev,Este es el resultado de probar el mismo prompt en 3 IAs distintas 👀 #desarrolloweb #programacion,14,0,0,0.029826,2,5405,159,2
monthly,2026-04-01,2026-04-30,2Ylfj8r_-V8,UCF0L4jd9LcSIxsj5gKITMqQ,Jaime Higuera,Esta música te hará productivo al instante #shorts,13,1,0,0.065972,2,9215,596,12
monthly,2026-04-01,2026-04-30,VsjETURd7No,UCF0L4jd9LcSIxsj5gKITMqQ,Jaime Higuera,Esto es un embudo de venta #shorts,13,0,0,0.045702,2,1757,77,3
monthly,2026-04-01,2026-04-30,wm1qu3D9-ho,UCF0L4jd9LcSIxsj5gKITMqQ,Jaime Higuera,Sonar como un CEO tiene que ver con como tomas las decisiones #shorts,13,1,0,0.067078,2,4054,270,2
monthly,2026-04-01,2026-04-30,3wJvtiigDcg,UCF0L4jd9LcSIxsj5gKITMqQ,Jaime Higuera,Que te rompan el corazón es lo mejor que te puede pasar #shorts,12,2,0,0.087427,2,2591,224,3
monthly,2026-04-01,2026-04-30,Tx6waClZSYM,UCjSVqRtdOsxQDss_pJpp_Yg,COMPUESTOS Podcast,¿El Siguiente Mr Beast? 💰 #Compuestos #AndresGarza #EloisaWolf #MrBeast,11,0,0,0.046998,2,2878,134,1
monthly,2026-04-01,2026-04-30,xSS2WTAglww,UCF0L4jd9LcSIxsj5gKITMqQ,Jaime Higuera,Que te rompan el corazón es lo mejor que te puede pasar en la vida #shorts,11,0,0,0.077657,2,2890,218,6
monthly,2026-04-01,2026-04-30,dA8XrnlFY5w,UCiqJoWIT-vm-hJoXilFGiUQ,Inversión Inteligente - Alain Cortés,Mis ganancias diarias | ¡Invertí 50 mil en REVOLUT!,11,0,0,0.105544,2,953,85,15
monthly,2026-04-01,2026-04-30,2q62qBqugJE,UCP7PV59jal4PobLeo5cSG_Q,Santiago Amat,TRADING Y ARBITRAJE EN VIVO CON SANTIAGO AMAT,11,0,0,0.183082,2,874,87,72
monthly,2026-04-01,2026-04-30,MOpYEt-XfaU,UCiqJoWIT-vm-hJoXilFGiUQ,Inversión Inteligente - Alain Cortés,Invierte 50 mil en Revolut y esto ganarás,10,0,0,0.020357,2,791,14,2
monthly,2026-04-01,2026-04-30,sZoT8IoDJTU,UCiqJoWIT-vm-hJoXilFGiUQ,Inversión Inteligente - Alain Cortés,Finsus: Alto rendimiento y estabilidad para tu dinero,9,0,0,0.026055,2,657,17,0
monthly,2026-04-01,2026-04-30,d4AaggbJACU,UCOD6LXgeBoeiUZTsPLdG-0g,Vida MRR - Programacion web,"Qué pasa con Claude Code, GPT 5.5 y mas chismecito dev",9,0,0,0.09673,2,1059,100,2
monthly,2026-04-01,2026-04-30,izQP0WI1i9A,UCF0L4jd9LcSIxsj5gKITMqQ,Jaime Higuera,Por esto una marca de ropa e-commerce es muy difícil  #shorts,8,0,0,0.029241,2,4313,125,1
monthly,2026-04-01,2026-04-30,50Esq3fgXzA,UCF0L4jd9LcSIxsj5gKITMqQ,Jaime Higuera,Existe otra forma de comenzar un negocio  #shorts,8,1,0,0.081355,2,4005,320,6
monthly,2026-04-01,2026-04-30,5DilrEUdYnY,UCxFACDJ98idvo9Gq9M9AQgg,Moris Dieck | Finanzas e Inversiones ,"Si quieres resultados diferentes, necesitas entornos diferentes.",7,0,0,0.076832,2,4624,351,4
monthly,2026-04-01,2026-04-30,dUo1R8tp6zQ,UCjSVqRtdOsxQDss_pJpp_Yg,COMPUESTOS Podcast,¿Importa la Edición en YouTube? (La Nueva Tendencia de 2026),7,0,0,0.058713,2,242,14,0
monthly,2026-04-01,2026-04-30,AWWSm291p7c,UCF0L4jd9LcSIxsj5gKITMqQ,Jaime Higuera,Que te rompan el corazon es lo mejor que te puede pasar #shorts,6,1,0,0.084263,2,4756,395,6
monthly,2026-04-01,2026-04-30,GQtuLY1Qs1Q,UCF0L4jd9LcSIxsj5gKITMqQ,Jaime Higuera,Así es como se ha creado un protocolo de cómo vivir hasta los 100 años #shorts,6,1,0,0.035066,2,3639,124,4
monthly,2026-04-01,2026-04-30,wvJLjIR3nRI,UCiqJoWIT-vm-hJoXilFGiUQ,Inversión Inteligente - Alain Cortés,Supertasas: ¡La SOFIPO más sólida y con regalo!,6,0,0,0.034811,2,635,22,0
monthly,2026-04-01,2026-04-30,V4tlvp9IP_8,UCjSVqRtdOsxQDss_pJpp_Yg,COMPUESTOS Podcast,¿Calidad o Cantidad en YouTube? (Respuesta por Experta),5,1,0,0.137364,2,159,19,3
monthly,2026-04-01,2026-04-30,pgFxsauDXjc,UCP15FVAA2UL-QOcGhy7-ezA,EDteam,En vivo: Hackearon a Vercel y Lovable,5,1,0,0.041035,2,7886,313,11
monthly,2026-04-01,2026-04-30,YNW_D7b60I4,UCiqJoWIT-vm-hJoXilFGiUQ,Inversión Inteligente - Alain Cortés,Revolut: Gana 5 mil pesos en un año con interés compuesto,5,0,0,0.027677,2,689,19,0
monthly,2026-04-01,2026-04-30,4NHnN9EmDk0,UCjSVqRtdOsxQDss_pJpp_Yg,COMPUESTOS Podcast,¿Se Puede Vivir de Ser YouTube? (La Realidad de 2026),4,0,0,0.083336,2,338,26,2
monthly,2026-04-01,2026-04-30,TCGbMJYgaYA,UCF0L4jd9LcSIxsj5gKITMqQ,Jaime Higuera,Estos hábitos están destrozando tu testosterona  #shorts,4,0,0,0.063007,2,4684,292,3
monthly,2026-04-01,2026-04-30,MCnA_GAeAfg,UCiqJoWIT-vm-hJoXilFGiUQ,Inversión Inteligente - Alain Cortés,Revolut: tasas de interés y ganancias diarias,4,0,0,0.019439,2,465,9,0
monthly,2026-04-01,2026-04-30,SZLTZDoVcfA,UCF0L4jd9LcSIxsj5gKITMqQ,Jaime Higuera,Haz esto si estás estancado en 0 euros #shorts,3,0,0,0.09079,2,3449,310,3
monthly,2026-04-01,2026-04-30,Mm2C9CRyDxY,UCiqJoWIT-vm-hJoXilFGiUQ,Inversión Inteligente - Alain Cortés,Morosidad en YoTePresto: ¿Estable o creciente?,3,0,0,0.027929,2,646,18,0
monthly,2026-04-01,2026-04-30,nIrSjC_gsk8,UCiqJoWIT-vm-hJoXilFGiUQ,Inversión Inteligente - Alain Cortés,Alerta SOFIPO: NICAP CATEGORIA 2 ¿Quién es?,2,0,0,0.022839,2,614,14,0
monthly,2026-04-01,2026-04-30,-rDMPyp2tvQ,UCF0L4jd9LcSIxsj5gKITMqQ,Jaime Higuera,Esto hice para generar 72.000€ #shorts,1,0,0,0.075373,2,5533,412,5
monthly,2026-04-01,2026-04-30,G1xuyxMOUNM,UCiqJoWIT-vm-hJoXilFGiUQ,Inversión Inteligente - Alain Cortés,¿Cómo se calculan tus rendimientos en Revolut?,1,0,0,0.01347,2,1411,18,1
monthly,2026-04-01,2026-04-30,0O8CF6F7CVs,UCQIUhtP5WYIx_pMG8UvMYHg,Cristina Dayz ,Emisión en directo de Cristina Dayz,0,0,0,,2,0,0,0
monthly,2026-04-01,2026-04-30,IaUn-c8Lxss,UCiqJoWIT-vm-hJoXilFGiUQ,Inversión Inteligente - Alain Cortés,Multiplica X2 tus ganancias con XTB Código: ALAINXTB,0,0,0,0.02773,2,577,16,0
monthly,2026-04-01,2026-04-30,IBBboS2nK3c,UCl5-lvQyfILb-l2abPk4Ntg,Inteligencia Artificial,👉🏻 Te dejo la Guía Pro de ChatGPT fijada en los comentarios de este video.,0,0,0,0.027273,1,440,11,1
monthly,2026-04-01,2026-04-30,iS1jGgfO9Z0,UCl5-lvQyfILb-l2abPk4Ntg,Inteligencia Artificial,👉🏻 Te dejo el link de la Guía de NotbookLM fijado en los comentarios de este vídeo.,0,0,0,0.064912,1,570,36,1
monthly,2026-04-01,2026-04-30,0dwlHNDdn2s,UCxFACDJ98idvo9Gq9M9AQgg,Moris Dieck | Finanzas e Inversiones ,¿Curar o facturar?,0,0,0,0.054122,1,1589,86,0
monthly,2026-04-01,2026-04-30,if955Z_s4Ts,UCUyDOdBWhC1MCxEjC46d-zw,Alex Hormozi,I Don't Do Early Meetings,0,0,0,0.045977,1,1305,60,0
monthly,2026-04-01,2026-04-30,1VSBgPn28zA,UCUyDOdBWhC1MCxEjC46d-zw,Alex Hormozi,If You Work All Day And Get Nothing Done,0,0,0,0.106595,1,4822,510,4
monthly,2026-04-01,2026-04-30,_dASAu79K0s,UCUyDOdBWhC1MCxEjC46d-zw,Alex Hormozi,"Use  ""But"" The Right Way",0,0,0,0.10739,1,3762,398,6
monthly,2026-04-01,2026-04-30,Hs6RxFMX1i4,UCUyDOdBWhC1MCxEjC46d-zw,Alex Hormozi,Almost No One Succeeds At First...,0,0,0,0.05349,1,5459,288,4
monthly,2026-04-01,2026-04-30,cnCEUFzWspI,UCUyDOdBWhC1MCxEjC46d-zw,Alex Hormozi,Just Pick Up The Phone And Start,0,0,0,0.0382,1,14581,554,3
monthly,2026-04-01,2026-04-30,kLJNcHqVmJA,UC9WGON3pXofvE958Uq3Lw3Q,Exito Financiero,Las 3 Metas Financieras Que Deberías Lograr,0,0,0,0.095167,1,2007,185,6
monthly,2026-04-01,2026-04-30,UWRxdKxuOb8,UCF0L4jd9LcSIxsj5gKITMqQ,Jaime Higuera,Me voló la cabeza cuando Jaime Higuera dijo esto #shorts,0,0,0,0.082834,1,1002,78,5
monthly,2026-04-01,2026-04-30,kXenRXelpKs,UCoOae5nYA7VqaXzerajD0lg,Ali Abdaal,I learned to earn unlimited money,0,0,0,0.127979,1,1930,230,17
monthly,2026-04-01,2026-04-30,VVfMO6SJZLw,UCdNnEDbRWhanA1O8zhCn3ZA,Omar - Educación Financiera,"Gané $800,000+ en la bolsa de valores. ¿Cuánto pagué de impuestos?",0,0,0,0.082415,1,7802,580,63
monthly,2026-04-01,2026-04-30,ieJE93iObcI,UCuhw3KIv3wM14By2-LcxDGw,El Consejero,Por qué las personas secretamente te odian (aún más de lo que imaginas) | Carl Jung,0,0,0,0.14032,1,563,76,3
monthly,2026-04-01,2026-04-30,YhNUPGphSM8,UCDV1MWcRLthxSrmb2Zv-jeg,Ricardo Alca2,El Lobo de Wall Street de TikTok,0,0,0,0.119039,1,22900,2539,187
monthly,2026-04-01,2026-04-30,CF4oRpaLSqw,UCbUYAYd1WUznxEEl498z7vA,Woshingo Streams,lunes de whitexicanadas y ratones,0,0,0,0.053,1,3717,195,2
monthly,2026-04-01,2026-04-30,RVu1kgj-miw,UCRDQzsHtx2cXvzEXnEhbxBg,Mister Krax,Relaciones tensas entre México 🇲🇽 y Estados Unidos 🇺🇸 #mexico #chihuahua,0,0,0,0.155632,1,1163,146,35
monthly,2026-04-01,2026-04-30,_QHAqfILwPk,UCBBWpss2iXVXtTzl7-4eWbg,Jessica Fernández García,Escúchalo completo en Más Allá del Rosa en YouTube,0,0,0,0.029007,1,1379,39,1
monthly,2026-04-01,2026-04-30,o8YcWD2ri9U,UC52kszkc08-acFOuogFl5jw,Tibees,Something Weird Is Happening in Self-Publishing,0,0,0,0.229323,1,2128,443,45
