opportunity_id,opportunity_type,source_video_id,source_channel,source_title,content_strategy,suggested_angle_type,why_it_matters,evidence_score,confidence_level,recommended_timeframe,dashboard_tab
opp_act_acb1aaf5c8ea1bad,create_fast_reaction,dU5sDKcwN9E,The Diary Of A CEO,YOU WILL NEVER SEE DISCIPLINE THE SAME AGAIN,Evaluar crear contenido rápido sobre esta tendencia.,trend_burst,Señal trend_burst activada con score ajustado 72.72 y confianza high.,71.8458,high,next_3_days,content_opportunities
opp_act_04a74568ec7dd073,repackage_idea,pVXm6lt1F7w,Jaime Higuera,Este es el tiempo más peligroso #shorts,Analizar como tema con interés pero baja distribución.,high_engagement_low_reach,Señal high_engagement_low_reach activada con score ajustado 75.25 y confianza high.,66.6174,high,this_week,content_opportunities
opp_act_a71e9cee57425ca3,repackage_idea,nZlhHf8vSbU,Jaime Higuera,Por esto ser realista ha matado a nuestra generación #shorts,Analizar como tema con interés pero baja distribución.,high_engagement_low_reach,Señal high_engagement_low_reach activada con score ajustado 78.64 y confianza high.,66.5257,high,this_week,content_opportunities
opp_act_d638ecbfeec5bb6e,repackage_idea,5BbGrGFI2gQ,Mister Krax,Se inaugura tren suburbano Buenavista-AIFA #trensuburbano #méxico,Analizar como tema con interés pero baja distribución.,high_engagement_low_reach,Señal high_engagement_low_reach activada con score ajustado 85.94 y confianza high.,64.1558,high,this_week,content_opportunities
opp_act_16c371bf4fd73918,repackage_idea,vd8fb3noIgY,Jaime Higuera,Jaime Higuera no se equivocó cuando dijo esto #shorts,Analizar como tema con interés pero baja distribución.,high_engagement_low_reach,Señal high_engagement_low_reach activada con score ajustado 70.02 y confianza high.,64.0438,high,this_week,content_opportunities
opp_act_cebdbabecb7cd44d,repackage_idea,OkVrrVAG9yg,Mister Krax,¿Es normal lo que pasa en México? ¿O nos quieren desestabilizar?,Analizar como tema con interés pero baja distribución.,high_engagement_low_reach,Señal high_engagement_low_reach activada con score ajustado 76.93 y confianza high.,63.9323,high,this_week,content_opportunities
opp_act_7d048b90763f51cd,repackage_idea,V4tlvp9IP_8,COMPUESTOS Podcast,¿Calidad o Cantidad en YouTube? (Respuesta por Experta),Analizar como tema con interés pero baja distribución.,high_engagement_low_reach,Señal high_engagement_low_reach activada con score ajustado 93.56 y confianza high.,63.8588,high,this_week,content_opportunities
opp_act_c498bb885777cd92,repackage_idea,Z-xAO96GQtU,Jaime Higuera,Esto es lo primero que vas a hacer mañana  #shorts,Analizar como tema con interés pero baja distribución.,high_engagement_low_reach,Señal high_engagement_low_reach activada con score ajustado 87.16 y confianza high.,63.7294,high,this_week,content_opportunities
opp_act_1c202a1c7a671826,repackage_idea,_BhjwaNE8mc,Jaime Higuera,Ser rico es toda una estafa  #shorts,Analizar como tema con interés pero baja distribución.,high_engagement_low_reach,Señal high_engagement_low_reach activada con score ajustado 72.05 y confianza high.,63.32,high,this_week,content_opportunities
opp_act_ab72efd10591f09c,repackage_idea,yawQxLw0K08,Jaime Higuera,Esta técnica es muy efectiva  #shorts,Analizar como tema con interés pero baja distribución.,high_engagement_low_reach,Señal high_engagement_low_reach activada con score ajustado 75.01 y confianza high.,63.0998,high,this_week,content_opportunities
opp_act_8bc518c26daeef58,repackage_idea,xpf49h0tGvI,COMPUESTOS Podcast,Experta en Imagen: La Realidad de lo que Representa Cada Color,Analizar como tema con interés pero baja distribución.,high_engagement_low_reach,Señal high_engagement_low_reach activada con score ajustado 84.22 y confianza high.,63.0899,high,this_week,content_opportunities
opp_act_5b0fdb2fe3a8b673,repackage_idea,-8Xee3Y4Yeg,Inversión Inteligente - Alain Cortés,¡Los 2 ÚNICOS ETFs que Necesitas para Hacerte Millonario!🤑💵,Analizar como tema con interés pero baja distribución.,high_engagement_low_reach,Señal high_engagement_low_reach activada con score ajustado 73.65 y confianza high.,62.9586,high,this_week,content_opportunities
opp_act_49cb1e42ca49ab7f,repackage_idea,PfdNPN9Jv6s,Jaime Higuera,Me voló la cabeza cuando Jaime Higuera dijo esto #shorts,Analizar como tema con interés pero baja distribución.,high_engagement_low_reach,Señal high_engagement_low_reach activada con score ajustado 76.11 y confianza high.,62.7983,high,this_week,content_opportunities
opp_act_c4135f78722453fd,repackage_idea,I66LDF9iWts,COMPUESTOS Podcast,"Experta en Lenguaje No Verbal: ""Juzgar No es Malo si...""",Analizar como tema con interés pero baja distribución.,high_engagement_low_reach,Señal high_engagement_low_reach activada con score ajustado 84.21 y confianza high.,62.521,high,this_week,content_opportunities
opp_act_4b78c794a975e897,repackage_idea,RBz3O-4xBYE,Jaime Higuera,Me voló la cabeza cuando Jaime Higuera dijo esto #shorts,Analizar como tema con interés pero baja distribución.,high_engagement_low_reach,Señal high_engagement_low_reach activada con score ajustado 81.18 y confianza high.,62.3493,high,this_week,content_opportunities
opp_act_e845654ad98dcc3c,repackage_idea,V4tlvp9IP_8,COMPUESTOS Podcast,¿Calidad o Cantidad en YouTube? (Respuesta por Experta),"Revisar si el tema puede tener mejor empaque, título o ángulo.",packaging_problem,Señal packaging_problem activada con score ajustado 93.12 y confianza high.,62.1856,high,this_week,content_opportunities
opp_act_6693e2d8f7ce7723,repackage_idea,weyrpnOTB-A,Jaime Higuera,Así generaría 10000€ al mes #shorts,Analizar como tema con interés pero baja distribución.,high_engagement_low_reach,Señal high_engagement_low_reach activada con score ajustado 91.6 y confianza high.,62.1269,high,this_week,content_opportunities
opp_act_f1aef87a619395f0,repackage_idea,oOLYgK6RqS4,Santiago Amat,ARBITRAJE DOLAR CRIPTO-DOLAR CCL,Analizar como tema con interés pero baja distribución.,high_engagement_low_reach,Señal high_engagement_low_reach activada con score ajustado 74.92 y confianza high.,61.99,high,this_week,content_opportunities
opp_act_a6ea5ad4c87b681d,repackage_idea,Mxv60XerzG4,Jaime Higuera,Me voló la cabeza cuando Jaime Higuera dijo esto #shorts,Analizar como tema con interés pero baja distribución.,high_engagement_low_reach,Señal high_engagement_low_reach activada con score ajustado 70.25 y confianza high.,61.9193,high,this_week,content_opportunities
opp_act_f79538e54b1b4743,repackage_idea,oXKkhajzwgE,Mister Krax,¿Quieren desestabilizar México? #méxico,Analizar como tema con interés pero baja distribución.,high_engagement_low_reach,Señal high_engagement_low_reach activada con score ajustado 77.22 y confianza high.,61.9033,high,this_week,content_opportunities
opp_act_6b99b043a0a910de,repackage_idea,03uRM4Uz5t8,Jaime Higuera,Por esto no creo en el amor eterno #shorts,Analizar como tema con interés pero baja distribución.,high_engagement_low_reach,Señal high_engagement_low_reach activada con score ajustado 68.82 y confianza high.,61.8995,high,this_week,content_opportunities
opp_act_d6e93863da4b63e1,repackage_idea,FHeTJmwxo5s,Jaime Higuera,La industria no quiere que sepas esto  #shorts,Analizar como tema con interés pero baja distribución.,high_engagement_low_reach,Señal high_engagement_low_reach activada con score ajustado 77.5 y confianza high.,61.8473,high,this_week,content_opportunities
opp_act_9c5d33039f22ebdc,repackage_idea,seu69-hMmGw,Mister Krax,¿Traición a la patria? #méxico,Analizar como tema con interés pero baja distribución.,high_engagement_low_reach,Señal high_engagement_low_reach activada con score ajustado 82.48 y confianza high.,61.659,high,this_week,content_opportunities
opp_act_b4a57bc5843bc273,analyze_reference,gEUMAljLr78,Cordura Artificial,"¿Por qué los RICOS fingen ser ""POBRES""?","Analizar título, formato, duración y enfoque como referencia competitiva.",alpha_breakout,Señal alpha_breakout activada con score ajustado 67.97 y confianza medium.,61.6419,medium,this_week,competitive_analysis
opp_act_78d0ea3a13289e8d,repackage_idea,1c8cpHNlIb8,Jaime Higuera,Así es la era en la que vivimos  #shorts,Analizar como tema con interés pero baja distribución.,high_engagement_low_reach,Señal high_engagement_low_reach activada con score ajustado 74.83 y confianza high.,61.5966,high,this_week,content_opportunities
opp_act_43b1017ceb25bb99,create_fast_reaction,oOCN30ulVyo,Tina Huang,My FULL OpenClaw Setup (steal my prompts!),Evaluar crear contenido rápido sobre esta tendencia.,trend_burst,Señal trend_burst activada con score ajustado 69.72 y confianza medium.,61.4797,medium,next_3_days,content_opportunities
opp_act_c463c4a95cbe9ed8,repackage_idea,zzsUsCRoGcI,Jaime Higuera,Deja de actuar así #shorts,Analizar como tema con interés pero baja distribución.,high_engagement_low_reach,Señal high_engagement_low_reach activada con score ajustado 79.35 y confianza high.,61.39,high,this_week,content_opportunities
opp_act_f9ae69bb643f1e65,repackage_idea,PMX-urJB7uw,Jaime Higuera,Esta es la idea de ingreso pasivo  #shorts,Analizar como tema con interés pero baja distribución.,high_engagement_low_reach,Señal high_engagement_low_reach activada con score ajustado 83.85 y confianza high.,61.351,high,this_week,content_opportunities
opp_act_2ccdbcd7526f2504,repackage_idea,96k8OXI58Ko,Jaime Higuera,Ventajas de ser un Growth Partner #shorts,Analizar como tema con interés pero baja distribución.,high_engagement_low_reach,Señal high_engagement_low_reach activada con score ajustado 76.43 y confianza high.,61.3091,high,this_week,content_opportunities
opp_act_4c6f203e175a13c3,repackage_idea,raie7EtagZk,Moris Dieck | Finanzas e Inversiones ,¿Qué está encareciendo los seguros médicos?,Analizar como tema con interés pero baja distribución.,high_engagement_low_reach,Señal high_engagement_low_reach activada con score ajustado 83.21 y confianza high.,61.0507,high,this_week,content_opportunities
opp_act_ff5d39124e0c7500,repackage_idea,Ux-bi7bqrUU,Jaime Higuera,Así trabajan las personas que están construyendo riquezas #shorts,Analizar como tema con interés pero baja distribución.,high_engagement_low_reach,Señal high_engagement_low_reach activada con score ajustado 82.67 y confianza high.,60.9996,high,this_week,content_opportunities
opp_act_3afc856a9639f443,repackage_idea,bjFyP8D_XvM,COMPUESTOS Podcast,Los Errores Más Comunes Al Crear En YouTube ❌ #Compuestos #AndresGarza #EloisaWolf #Errores,Analizar como tema con interés pero baja distribución.,high_engagement_low_reach,Señal high_engagement_low_reach activada con score ajustado 78.42 y confianza high.,60.9281,high,this_week,content_opportunities
opp_act_a52aabecaccce070,repackage_idea,-ZL_mpjxaUo,Jaime Higuera,Este es uno de los mayores errores que comete la gente al comenzar #shorts,Analizar como tema con interés pero baja distribución.,high_engagement_low_reach,Señal high_engagement_low_reach activada con score ajustado 72.6 y confianza high.,60.8447,high,this_week,content_opportunities
opp_act_f4bf829e4d5c9809,repackage_idea,t3oZncJYgwE,Jaime Higuera,No hagas caso a la sociedad actual  #shorts,Analizar como tema con interés pero baja distribución.,high_engagement_low_reach,Señal high_engagement_low_reach activada con score ajustado 87.61 y confianza high.,60.7431,high,this_week,content_opportunities
opp_act_c050bff92d81ed04,repackage_idea,4NHnN9EmDk0,COMPUESTOS Podcast,¿Se Puede Vivir de Ser YouTube? (La Realidad de 2026),Analizar como tema con interés pero baja distribución.,high_engagement_low_reach,Señal high_engagement_low_reach activada con score ajustado 84.47 y confianza high.,60.5891,high,this_week,content_opportunities
opp_act_ad22cf26a109141a,repackage_idea,-8Xee3Y4Yeg,Inversión Inteligente - Alain Cortés,¡Los 2 ÚNICOS ETFs que Necesitas para Hacerte Millonario!🤑💵,"Revisar si el tema puede tener mejor empaque, título o ángulo.",packaging_problem,Señal packaging_problem activada con score ajustado 72.3 y confianza high.,60.5552,high,this_week,content_opportunities
opp_act_c10fcbd02a346ac1,repackage_idea,x0HFad-M2iE,98grados,La gente no me creyó cuando les enseñé la optimización de la laptop #laptop #windows,Analizar como tema con interés pero baja distribución.,high_engagement_low_reach,Señal high_engagement_low_reach activada con score ajustado 69.18 y confianza high.,60.4802,high,this_week,content_opportunities
opp_act_dd23016c0c3f4f9f,repackage_idea,uJzhn5czGL4,COMPUESTOS Podcast,¿YouTube Es La Mejor Red Para Crear Contenido? 👥#Compuestos #AndresGarza #EloisaWolf #Contenido,Analizar como tema con interés pero baja distribución.,high_engagement_low_reach,Señal high_engagement_low_reach activada con score ajustado 77.48 y confianza high.,60.4719,high,this_week,content_opportunities
opp_act_e32d808b73b7f29e,repackage_idea,LikC_lxkVEg,Jaime Higuera,Este es el activo más valioso que puedes poseer #shorts,Analizar como tema con interés pero baja distribución.,high_engagement_low_reach,Señal high_engagement_low_reach activada con score ajustado 86.55 y confianza high.,60.3963,high,this_week,content_opportunities
opp_act_4277067742d0abd6,repackage_idea,oeymdn1d4qg,Mister Krax,La situación en Argentina no mejora #argentina,Analizar como tema con interés pero baja distribución.,high_engagement_low_reach,Señal high_engagement_low_reach activada con score ajustado 81.08 y confianza high.,60.3279,high,this_week,content_opportunities
opp_act_d0a1584189e8f669,repackage_idea,tysrC1PivVE,Jaime Higuera,En el futuro eso ya es tuyo #shorts,Analizar como tema con interés pero baja distribución.,high_engagement_low_reach,Señal high_engagement_low_reach activada con score ajustado 86.58 y confianza high.,60.2566,high,this_week,content_opportunities
opp_act_f008c1fa3c93e53b,repackage_idea,SZLTZDoVcfA,Jaime Higuera,Haz esto si estás estancado en 0 euros #shorts,Analizar como tema con interés pero baja distribución.,high_engagement_low_reach,Señal high_engagement_low_reach activada con score ajustado 87.35 y confianza high.,60.0263,high,this_week,content_opportunities
opp_act_cdb301121dc31acf,repackage_idea,0ShXZN7aHqA,EDteam,¿Qué es exactamente una skill de IA?,Analizar como tema con interés pero baja distribución.,high_engagement_low_reach,Señal high_engagement_low_reach activada con score ajustado 69.16 y confianza high.,59.9689,high,this_week,content_opportunities
opp_act_5ae4052a582d68fd,repackage_idea,2q62qBqugJE,Santiago Amat,TRADING Y ARBITRAJE EN VIVO CON SANTIAGO AMAT,Analizar como tema con interés pero baja distribución.,high_engagement_low_reach,Señal high_engagement_low_reach activada con score ajustado 87.29 y confianza high.,59.9117,high,this_week,content_opportunities
opp_act_0d3f81ec9e04e258,repackage_idea,8ImVuaOhTf4,Jaime Higuera,Me voló la cabeza cuando Jaime Higuera dijo esto #shorts,Analizar como tema con interés pero baja distribución.,high_engagement_low_reach,Señal high_engagement_low_reach activada con score ajustado 78.65 y confianza high.,59.7452,high,this_week,content_opportunities
opp_act_6af1d782824f23d8,repackage_idea,uHx1N_qFfTw,Jaime Higuera,Esto es lo primero que necesitas  #shorts,Analizar como tema con interés pero baja distribución.,high_engagement_low_reach,Señal high_engagement_low_reach activada con score ajustado 83.91 y confianza high.,59.65,high,this_week,content_opportunities
opp_act_4beee1ec8f4f1a84,repackage_idea,xL5gZGVPjnQ,Moris Dieck | Finanzas e Inversiones ,¡NOS NOMINARON EN LOS SPOTIFY PODCAST AWARDS!,Analizar como tema con interés pero baja distribución.,high_engagement_low_reach,Señal high_engagement_low_reach activada con score ajustado 78.96 y confianza high.,59.5715,high,this_week,content_opportunities
opp_act_754f4a2ee579ab44,repackage_idea,AYIqxqyY-es,Pequeño Cerdo Capitalista,⚠️ ¡Cuidado! Tu fondo de vivienda corre PELIGRO 😨,Analizar como tema con interés pero baja distribución.,high_engagement_low_reach,Señal high_engagement_low_reach activada con score ajustado 72.14 y confianza high.,59.5189,high,this_week,content_opportunities
opp_act_6d4f2d191c243711,repackage_idea,3wJvtiigDcg,Jaime Higuera,Que te rompan el corazón es lo mejor que te puede pasar #shorts,Analizar como tema con interés pero baja distribución.,high_engagement_low_reach,Señal high_engagement_low_reach activada con score ajustado 87.06 y confianza high.,59.4361,high,this_week,content_opportunities
opp_act_58d459b5d876b466,repackage_idea,2F50vE7VUIw,Noche De Chicxs,Chisme express con Traumaditos Podcast #chisme #comedia #podcast,Analizar como tema con interés pero baja distribución.,high_engagement_low_reach,Señal high_engagement_low_reach activada con score ajustado 87.43 y confianza high.,59.3872,high,this_week,content_opportunities
opp_act_41ab5dc56ed1834a,repackage_idea,hx45I5QyAFw,Jaime Higuera,Por esto que te rompan el corazón es una de las mejores cosas que te puede pasar en la vida #shorts,Analizar como tema con interés pero baja distribución.,high_engagement_low_reach,Señal high_engagement_low_reach activada con score ajustado 82.54 y confianza high.,59.3026,high,this_week,content_opportunities
opp_act_a8f804135f34d3d1,repackage_idea,KW2YQ1C0ECs,Santiago Amat,La TRAMPA de los CRÉDITOS | No saques un PRÉSTAMO sin ver esto,Analizar como tema con interés pero baja distribución.,high_engagement_low_reach,Señal high_engagement_low_reach activada con score ajustado 87.56 y confianza high.,59.2104,high,this_week,content_opportunities
opp_act_00960c05c9b4f2a9,repackage_idea,OkVrrVAG9yg,Mister Krax,¿Es normal lo que pasa en México? ¿O nos quieren desestabilizar?,"Revisar si el tema puede tener mejor empaque, título o ángulo.",packaging_problem,Señal packaging_problem activada con score ajustado 69.31 y confianza high.,59.2043,high,this_week,content_opportunities
opp_act_57b89691bc931247,repackage_idea,wFTojQEC2eE,Santiago Amat,La Estrategia de GAPS que gana 7 de cada 10 veces (REAL),Analizar como tema con interés pero baja distribución.,high_engagement_low_reach,Señal high_engagement_low_reach activada con score ajustado 83.79 y confianza high.,59.1785,high,this_week,content_opportunities
opp_act_4e5fa4769776ad90,repackage_idea,AWWSm291p7c,Jaime Higuera,Que te rompan el corazon es lo mejor que te puede pasar #shorts,Analizar como tema con interés pero baja distribución.,high_engagement_low_reach,Señal high_engagement_low_reach activada con score ajustado 86.07 y confianza high.,59.143,high,this_week,content_opportunities
opp_act_f685b05afdaa85de,repackage_idea,8mnzaIML2AM,Jaime Higuera,Los millonarios no quieren que conozcas este modelo de negocio  #shorts,Analizar como tema con interés pero baja distribución.,high_engagement_low_reach,Señal high_engagement_low_reach activada con score ajustado 73.79 y confianza high.,59.1172,high,this_week,content_opportunities
opp_act_629d37d1224c6582,repackage_idea,zSPnVUpVwj8,Jaime Higuera,Así es como te están destruyendo sin que te des cuenta  #shorts,Analizar como tema con interés pero baja distribución.,high_engagement_low_reach,Señal high_engagement_low_reach activada con score ajustado 70.11 y confianza high.,59.1151,high,this_week,content_opportunities
opp_act_d8d1da9bb9c75b37,repackage_idea,jq7ocNZXg_s,Alex Hormozi,This Is Your Lonely Chapter,Analizar como tema con interés pero baja distribución.,high_engagement_low_reach,Señal high_engagement_low_reach activada con score ajustado 82.03 y confianza high.,58.9998,high,this_week,content_opportunities
opp_act_0686e16aca8b0e0c,repackage_idea,6q2ptE-BXIc,Mister Krax,México se desarrollará por su gente #méxico,Analizar como tema con interés pero baja distribución.,high_engagement_low_reach,Señal high_engagement_low_reach activada con score ajustado 79.44 y confianza high.,58.935,high,this_week,content_opportunities
opp_act_5858d873fe015cac,repackage_idea,jKwIvjb9kgM,Jaime Higuera,Estas personas están atrapadas #shorts,Analizar como tema con interés pero baja distribución.,high_engagement_low_reach,Señal high_engagement_low_reach activada con score ajustado 83.76 y confianza high.,58.9018,high,this_week,content_opportunities
opp_act_b9a7041c08c91d1b,repackage_idea,RVu1kgj-miw,Mister Krax,Relaciones tensas entre México 🇲🇽 y Estados Unidos 🇺🇸 #mexico #chihuahua,Analizar como tema con interés pero baja distribución.,high_engagement_low_reach,Señal high_engagement_low_reach activada con score ajustado 64.16 y confianza high.,58.7884,high,this_week,content_opportunities
opp_act_4317849e720b78c3,repackage_idea,d4AaggbJACU,Vida MRR - Programacion web,"Qué pasa con Claude Code, GPT 5.5 y mas chismecito dev",Analizar como tema con interés pero baja distribución.,high_engagement_low_reach,Señal high_engagement_low_reach activada con score ajustado 81.43 y confianza high.,58.5629,high,this_week,content_opportunities
opp_act_17135a124b840264,repackage_idea,50Esq3fgXzA,Jaime Higuera,Existe otra forma de comenzar un negocio  #shorts,Analizar como tema con interés pero baja distribución.,high_engagement_low_reach,Señal high_engagement_low_reach activada con score ajustado 84.04 y confianza high.,58.5587,high,this_week,content_opportunities
opp_act_197a683021891638,repackage_idea,YY3pLnSX1W4,Jaime Higuera,No consumas tu tiempo y tu energía en algo que no te aporta nada  #shorts,Analizar como tema con interés pero baja distribución.,high_engagement_low_reach,Señal high_engagement_low_reach activada con score ajustado 78.78 y confianza high.,58.5212,high,this_week,content_opportunities
opp_act_80077a0ab48eb3b9,repackage_idea,5BbGrGFI2gQ,Mister Krax,Se inaugura tren suburbano Buenavista-AIFA #trensuburbano #méxico,"Revisar si el tema puede tener mejor empaque, título o ángulo.",packaging_problem,Señal packaging_problem activada con score ajustado 75.44 y confianza high.,58.4082,high,this_week,content_opportunities
opp_act_b3178f731ad798f4,repackage_idea,NLrfMQ0dqpQ,Juan Villalvazo,Francia Desecha Windows 11 y Tim Cook Renuncia en Apple,Analizar como tema con interés pero baja distribución.,high_engagement_low_reach,Señal high_engagement_low_reach activada con score ajustado 78.72 y confianza high.,58.3455,high,this_week,content_opportunities
opp_act_f080d2b22cc2bf5a,repackage_idea,4NHnN9EmDk0,COMPUESTOS Podcast,¿Se Puede Vivir de Ser YouTube? (La Realidad de 2026),"Revisar si el tema puede tener mejor empaque, título o ángulo.",packaging_problem,Señal packaging_problem activada con score ajustado 82.35 y confianza high.,58.3125,high,this_week,content_opportunities
opp_act_948988f5334784f2,repackage_idea,R1iBWKeX42I,EDteam,¿Cómo evitar que la IA te reemplace?,Analizar como tema con interés pero baja distribución.,high_engagement_low_reach,Señal high_engagement_low_reach activada con score ajustado 69.09 y confianza high.,58.2012,high,this_week,content_opportunities
opp_act_b6b5a677a6e5a25b,repackage_idea,qGa8y4tPUkc,El Maikini Dev,Calificando comentarios de mis videos junto a ChatGPT,Analizar como tema con interés pero baja distribución.,high_engagement_low_reach,Señal high_engagement_low_reach activada con score ajustado 78.92 y confianza high.,57.9642,high,this_week,content_opportunities
opp_act_52f6356890e8c5c8,repackage_idea,xSS2WTAglww,Jaime Higuera,Que te rompan el corazón es lo mejor que te puede pasar en la vida #shorts,Analizar como tema con interés pero baja distribución.,high_engagement_low_reach,Señal high_engagement_low_reach activada con score ajustado 82.51 y confianza high.,57.7978,high,this_week,content_opportunities
opp_act_d22cf029eba78b14,repackage_idea,8MhnMHlXk7Q,Mister Krax,Atacan al presidente Trump #notícias,Analizar como tema con interés pero baja distribución.,high_engagement_low_reach,Señal high_engagement_low_reach activada con score ajustado 76.64 y confianza high.,57.6112,high,this_week,content_opportunities
opp_act_7cf88c3798b406e8,repackage_idea,xL5gZGVPjnQ,Moris Dieck | Finanzas e Inversiones ,¡NOS NOMINARON EN LOS SPOTIFY PODCAST AWARDS!,"Revisar si el tema puede tener mejor empaque, título o ángulo.",packaging_problem,Señal packaging_problem activada con score ajustado 77.81 y confianza high.,57.5377,high,this_week,content_opportunities
opp_act_b7f32172dabb401c,repackage_idea,eoXIFY2GZTw,Jaime Higuera,Estos libros te pueden cambiar la vida #shorts,Analizar como tema con interés pero baja distribución.,high_engagement_low_reach,Señal high_engagement_low_reach activada con score ajustado 77.81 y confianza high.,57.5077,high,this_week,content_opportunities
opp_act_bb8df612f0ce919b,repackage_idea,5DilrEUdYnY,Moris Dieck | Finanzas e Inversiones ,"Si quieres resultados diferentes, necesitas entornos diferentes.",Analizar como tema con interés pero baja distribución.,high_engagement_low_reach,Señal high_engagement_low_reach activada con score ajustado 80.0 y confianza high.,57.3303,high,this_week,content_opportunities
opp_act_75fb77db3b1e0def,repackage_idea,BnAKfe0qGbE,EDteam,La forma más fácil de crear tu primera skill,Analizar como tema con interés pero baja distribución.,high_engagement_low_reach,Señal high_engagement_low_reach activada con score ajustado 63.33 y confianza high.,57.3123,high,this_week,content_opportunities
opp_act_b41c460424c6ef2f,repackage_idea,4RmcHqjzw-A,Monitor fantasma,Sobre las elecciones en Perú y una reflexión sobre la democracia,Analizar como tema con interés pero baja distribución.,high_engagement_low_reach,Señal high_engagement_low_reach activada con score ajustado 76.94 y confianza high.,57.2875,high,this_week,content_opportunities
opp_act_326f7efd371595d6,repackage_idea,seu69-hMmGw,Mister Krax,¿Traición a la patria? #méxico,"Revisar si el tema puede tener mejor empaque, título o ángulo.",packaging_problem,Señal packaging_problem activada con score ajustado 75.19 y confianza high.,57.2591,high,this_week,content_opportunities
opp_act_b3fed90438df32b6,repackage_idea,AYIqxqyY-es,Pequeño Cerdo Capitalista,⚠️ ¡Cuidado! Tu fondo de vivienda corre PELIGRO 😨,"Revisar si el tema puede tener mejor empaque, título o ángulo.",packaging_problem,Señal packaging_problem activada con score ajustado 70.62 y confianza high.,57.2217,high,this_week,content_opportunities
opp_act_387b83b44028c503,repackage_idea,-rDMPyp2tvQ,Jaime Higuera,Esto hice para generar 72.000€ #shorts,Analizar como tema con interés pero baja distribución.,high_engagement_low_reach,Señal high_engagement_low_reach activada con score ajustado 81.61 y confianza high.,57.1037,high,this_week,content_opportunities
opp_act_313301bb5b5a9fc8,repackage_idea,_XyunBBcVXY,Inversión Inteligente - Alain Cortés,Conoce la historia de LEVA: ¿una SOFIPO segura?,"Revisar si el tema puede tener mejor empaque, título o ángulo.",packaging_problem,Señal packaging_problem activada con score ajustado 67.41 y confianza high.,57.0839,high,this_week,content_opportunities
opp_act_38ef4d09502daf43,repackage_idea,2q62qBqugJE,Santiago Amat,TRADING Y ARBITRAJE EN VIVO CON SANTIAGO AMAT,"Revisar si el tema puede tener mejor empaque, título o ángulo.",packaging_problem,Señal packaging_problem activada con score ajustado 83.13 y confianza high.,56.8156,high,this_week,content_opportunities
opp_act_e78d473abe762098,repackage_idea,rWwPAnF8Qeo,Mister Krax,En Argentina se come carne de burro 🫏? #argentina,Analizar como tema con interés pero baja distribución.,high_engagement_low_reach,Señal high_engagement_low_reach activada con score ajustado 80.06 y confianza high.,56.7697,high,this_week,content_opportunities
opp_act_a5aaf39c88b8dfb3,repackage_idea,6-PunI-5Ts4,Doctor Fisión,DESCUBREN PARTÍCULAS QUE SALEN DIRECTAMENTE DEL VACÍO 🌌,Analizar como tema con interés pero baja distribución.,high_engagement_low_reach,Señal high_engagement_low_reach activada con score ajustado 72.8 y confianza high.,56.76,high,this_week,content_opportunities
opp_act_7429782979010488,repackage_idea,oXKkhajzwgE,Mister Krax,¿Quieren desestabilizar México? #méxico,"Revisar si el tema puede tener mejor empaque, título o ángulo.",packaging_problem,Señal packaging_problem activada con score ajustado 67.09 y confianza high.,56.3008,high,this_week,content_opportunities
opp_act_cc6af7efeecc65dc,repackage_idea,oOLYgK6RqS4,Santiago Amat,ARBITRAJE DOLAR CRIPTO-DOLAR CCL,"Revisar si el tema puede tener mejor empaque, título o ángulo.",packaging_problem,Señal packaging_problem activada con score ajustado 64.75 y confianza high.,56.1877,high,this_week,content_opportunities
opp_act_c4af777f0800c1b8,repackage_idea,AU6gGMDF7ts,Mister Krax,Estados Unidos vs Morena #méxico,"Revisar si el tema puede tener mejor empaque, título o ángulo.",packaging_problem,Señal packaging_problem activada con score ajustado 61.54 y confianza high.,56.0284,high,this_week,content_opportunities
opp_act_c8419cc709be8220,repackage_idea,RBz3O-4xBYE,Jaime Higuera,Me voló la cabeza cuando Jaime Higuera dijo esto #shorts,"Revisar si el tema puede tener mejor empaque, título o ángulo.",packaging_problem,Señal packaging_problem activada con score ajustado 69.0 y confianza high.,55.9763,high,this_week,content_opportunities
opp_act_ea54db52d4a38710,repackage_idea,40kncAedwjs,El Consejero,"Sexo, luego el vacío — Arthur Schopenhauer",Analizar como tema con interés pero baja distribución.,high_engagement_low_reach,Señal high_engagement_low_reach activada con score ajustado 73.33 y confianza high.,55.8302,high,this_week,content_opportunities
opp_act_2f4d9cacd2a3472e,repackage_idea,o8Z1Q8UPSOU,Jaime Higuera,Tienes que cambiar la forma en la que te comportas #shorts,Analizar como tema con interés pero baja distribución.,high_engagement_low_reach,Señal high_engagement_low_reach activada con score ajustado 81.05 y confianza medium.,55.8244,medium,this_week,content_opportunities
opp_act_e59221aa2ca7c617,repackage_idea,gaOZZ1TYILU,COMPUESTOS Podcast,¿Cómo Realmente Proyectar Seguridad? (Respuesta por Experta en Lenguaje Corporal),Analizar como tema con interés pero baja distribución.,high_engagement_low_reach,Señal high_engagement_low_reach activada con score ajustado 81.0 y confianza medium.,55.7969,medium,this_week,content_opportunities
opp_act_a5425c5872a812a0,repackage_idea,ZUpr3u1inlg,Mister Krax,"U.S.A. quiere imponer su Ley, pero México no se deja",Analizar como tema con interés pero baja distribución.,high_engagement_low_reach,Señal high_engagement_low_reach activada con score ajustado 80.94 y confianza medium.,55.7694,medium,this_week,content_opportunities
opp_act_de0eafb76d8e8c12,repackage_idea,OPDzJP8iWLo,Doctor Fisión,¿SIRVEN PARA ALGO LOS EXPERIMENTOS EN EL ESPACIO? 🛰️,Analizar como tema con interés pero baja distribución.,high_engagement_low_reach,Señal high_engagement_low_reach activada con score ajustado 75.99 y confianza high.,55.6349,high,this_week,content_opportunities
opp_act_e44fa4e6a90b4db0,repackage_idea,21UbB1_pq3o,Mister Krax,Rubén Rocha pide licencia… próximas horas turbulentas #méxico,Analizar como tema con interés pero baja distribución.,high_engagement_low_reach,Señal high_engagement_low_reach activada con score ajustado 80.23 y confianza medium.,55.4392,medium,this_week,content_opportunities
opp_act_5898c3c14d52073a,create_fast_reaction,jytAQWCc_TI,AsapSCIENCE,You’ll never look at it the same after this video,Evaluar crear contenido rápido sobre esta tendencia.,trend_burst,Señal trend_burst activada con score ajustado 66.03 y confianza medium.,55.2302,medium,next_3_days,content_opportunities
opp_act_87fdbadbfd84d7db,repackage_idea,5cynqLNd1gA,Atherion,como si la idea (pintura) se fuera a secar,Analizar como tema con interés pero baja distribución.,high_engagement_low_reach,Señal high_engagement_low_reach activada con score ajustado 77.28 y confianza high.,55.1604,high,this_week,content_opportunities
opp_act_c129c7f136a9d97d,repackage_idea,PMX-urJB7uw,Jaime Higuera,Esta es la idea de ingreso pasivo  #shorts,"Revisar si el tema puede tener mejor empaque, título o ángulo.",packaging_problem,Señal packaging_problem activada con score ajustado 71.81 y confianza high.,55.1227,high,this_week,content_opportunities
opp_act_ea54fbb779caa68e,repackage_idea,6q2ptE-BXIc,Mister Krax,México se desarrollará por su gente #méxico,"Revisar si el tema puede tener mejor empaque, título o ángulo.",packaging_problem,Señal packaging_problem activada con score ajustado 73.33 y confianza high.,55.0204,high,this_week,content_opportunities
opp_act_dcd560a4f947088d,repackage_idea,6q8iEtd0IGE,Woshingo Streams,EL REGRESO DE DON X (RESIDENT EVIL REQUIEM PARTE 7),Analizar como tema con interés pero baja distribución.,high_engagement_low_reach,Señal high_engagement_low_reach activada con score ajustado 70.3 y confianza high.,54.952,high,this_week,content_opportunities
opp_act_65806d29eac8aee4,repackage_idea,J9p4GMskefU,Irene Albacete,“La memoria colectiva” puede ser tu mayor obstáculo.,Analizar como tema con interés pero baja distribución.,high_engagement_low_reach,Señal high_engagement_low_reach activada con score ajustado 67.86 y confianza high.,54.9398,high,this_week,content_opportunities
opp_act_63eab7a52eeab5b0,repackage_idea,96k8OXI58Ko,Jaime Higuera,Ventajas de ser un Growth Partner #shorts,"Revisar si el tema puede tener mejor empaque, título o ángulo.",packaging_problem,Señal packaging_problem activada con score ajustado 64.36 y confianza high.,54.8806,high,this_week,content_opportunities
opp_act_551d2636eb982aeb,repackage_idea,zzsUsCRoGcI,Jaime Higuera,Deja de actuar así #shorts,"Revisar si el tema puede tener mejor empaque, título o ángulo.",packaging_problem,Señal packaging_problem activada con score ajustado 66.54 y confianza high.,54.6796,high,this_week,content_opportunities
opp_act_5b32792c256e4675,repackage_idea,6dfxL42fP0c,Jaime Higuera,Por esto no debes compartir objetivos con todo el mundo  #shorts,Analizar como tema con interés pero baja distribución.,high_engagement_low_reach,Señal high_engagement_low_reach activada con score ajustado 78.36 y confianza medium.,54.5585,medium,this_week,content_opportunities
opp_act_7230aa782b739812,repackage_idea,-X2P40t70LM,Mister Krax,¿Que está pasando en México? #méxico,Analizar como tema con interés pero baja distribución.,high_engagement_low_reach,Señal high_engagement_low_reach activada con score ajustado 78.18 y confianza medium.,54.476,medium,this_week,content_opportunities
opp_act_3e145be6d32d19b1,repackage_idea,5ov8sBSV-pc,Sapiencia práctica,6 TRUCOS psicológicos para ENAMORAR a cualquiera,Analizar como tema con interés pero baja distribución.,high_engagement_low_reach,Señal high_engagement_low_reach activada con score ajustado 66.79 y confianza high.,54.2626,high,this_week,content_opportunities
opp_act_66b17f632e2dd8a0,repackage_idea,DgX6SMZaC_8,Doctor Fisión,UN PLANETA GIGANTE ORBITANDO UNA PEQUEÑA ESTRELLA 🛰️,Analizar como tema con interés pero baja distribución.,high_engagement_low_reach,Señal high_engagement_low_reach activada con score ajustado 67.16 y confianza high.,54.2452,high,this_week,content_opportunities
opp_act_36eecee07da53e78,repackage_idea,9361MUAmA24,Aprendiz Financiero,Haz ESTO para gestionar BIEN tu tiempo,Analizar como tema con interés pero baja distribución.,high_engagement_low_reach,Señal high_engagement_low_reach activada con score ajustado 63.94 y confianza high.,54.2424,high,this_week,content_opportunities
opp_act_8745b17da655bc22,repackage_idea,rg1PhRvmFXk,Sapiencia práctica,Cómo  DEJAR de PREOCUPARTE por lo que OTROS PIENSAN de ti,Analizar como tema con interés pero baja distribución.,high_engagement_low_reach,Señal high_engagement_low_reach activada con score ajustado 78.42 y confianza high.,54.1319,high,this_week,content_opportunities
opp_act_6947b04b86d8994c,repackage_idea,EnLpF9i3I4I,Atherion,querido desconocido…,Analizar como tema con interés pero baja distribución.,high_engagement_low_reach,Señal high_engagement_low_reach activada con score ajustado 63.35 y confianza high.,53.9636,high,this_week,content_opportunities
opp_act_87f3bf19721fa37c,repackage_idea,o1LnQHf3b6I,Alex Hormozi,No One Is Coming To Save You,Analizar como tema con interés pero baja distribución.,high_engagement_low_reach,Señal high_engagement_low_reach activada con score ajustado 77.07 y confianza medium.,53.9531,medium,this_week,content_opportunities
opp_act_1be37c4de5962a87,repackage_idea,t3oZncJYgwE,Jaime Higuera,No hagas caso a la sociedad actual  #shorts,"Revisar si el tema puede tener mejor empaque, título o ángulo.",packaging_problem,Señal packaging_problem activada con score ajustado 73.77 y confianza high.,53.8947,high,this_week,content_opportunities
opp_act_9ab3ec4d48d51df7,repackage_idea,pqIZk9qrBEM,98grados,"La Mejor, Peor e Ideal. Rankeando GPU #pc #pcgamer #gpu",Analizar como tema con interés pero baja distribución.,high_engagement_low_reach,Señal high_engagement_low_reach activada con score ajustado 68.09 y confianza high.,53.8273,high,this_week,content_opportunities
opp_act_2baf09e0c6f11ad3,repackage_idea,UN6X2Jj-qrQ,Aprendiz Financiero,Si siempre estás ocupado pero no avanzas… mira ESTO,Analizar como tema con interés pero baja distribución.,high_engagement_low_reach,Señal high_engagement_low_reach activada con score ajustado 70.19 y confianza high.,53.7427,high,this_week,content_opportunities
opp_act_cdd8bbc3363c661f,repackage_idea,OWkM5YoEhgM,Doctor Fisión,EL FUTURO DE LA PROPULSIÓN ESPACIAL SIN COMBUSTIBLE 🛰️,Analizar como tema con interés pero baja distribución.,high_engagement_low_reach,Señal high_engagement_low_reach activada con score ajustado 65.21 y confianza high.,53.6735,high,this_week,content_opportunities
opp_act_919df1935853bfc7,repackage_idea,7y8W9bita7o,Atherion,la cordialidad del silencio,Analizar como tema con interés pero baja distribución.,high_engagement_low_reach,Señal high_engagement_low_reach activada con score ajustado 73.34 y confianza high.,53.6346,high,this_week,content_opportunities
opp_act_f7083805ef7390c5,repackage_idea,LDXkrlIxj8U,Jaime Higuera,Me quedé pensando cuando jaime Higuera dijo esto #shorts,Analizar como tema con interés pero baja distribución.,high_engagement_low_reach,Señal high_engagement_low_reach activada con score ajustado 76.31 y confianza medium.,53.5953,medium,this_week,content_opportunities
opp_act_82eedb44bba36cea,repackage_idea,MSl5mD3E7PE,Irene Albacete,4 creencias que te mantienen pobre.,Analizar como tema con interés pero baja distribución.,high_engagement_low_reach,Señal high_engagement_low_reach activada con score ajustado 68.99 y confianza high.,53.576,high,this_week,content_opportunities
opp_act_67c2fff7bc0df472,repackage_idea,ZUpr3u1inlg,Mister Krax,"U.S.A. quiere imponer su Ley, pero México no se deja","Revisar si el tema puede tener mejor empaque, título o ángulo.",packaging_problem,Señal packaging_problem activada con score ajustado 79.1 y confianza medium.,53.4921,medium,this_week,content_opportunities
opp_act_0955b0cc6d8ea9e9,repackage_idea,sQoa8y7eN-8,Aprendiz Financiero,Deja de ser Esclavo del dinero,Analizar como tema con interés pero baja distribución.,high_engagement_low_reach,Señal high_engagement_low_reach activada con score ajustado 72.74 y confianza high.,53.3442,high,this_week,content_opportunities
opp_act_b7f308bd33649ac3,repackage_idea,kkQDCTCcgC0,Noche De Chicxs,Chisme express con Frida Araujo #chisme #comedia #podcast,Analizar como tema con interés pero baja distribución.,high_engagement_low_reach,Señal high_engagement_low_reach activada con score ajustado 64.3 y confianza high.,53.213,high,this_week,content_opportunities
opp_act_b6b702b9adfa5a12,repackage_idea,-Ap6qWvqk0I,Itzcalli,"SI ERES MUJER, TU BELLEZA ES UNA MONEDA DE CAMBIO: Barbie y los Diarios de una boticaria",Analizar como tema con interés pero baja distribución.,high_engagement_low_reach,Señal high_engagement_low_reach activada con score ajustado 71.65 y confianza high.,53.1704,high,this_week,content_opportunities
opp_act_52535607bfa4787d,repackage_idea,PCAPjDDY-h4,Diego Ruzzarin,El Mitin de María Corina Machado y el muy cuestionable grito de Carlos Baute.,Analizar como tema con interés pero baja distribución.,high_engagement_low_reach,Señal high_engagement_low_reach activada con score ajustado 72.88 y confianza high.,53.161,high,this_week,content_opportunities
opp_act_6a7031b4a69e029f,repackage_idea,KW2YQ1C0ECs,Santiago Amat,La TRAMPA de los CRÉDITOS | No saques un PRÉSTAMO sin ver esto,"Revisar si el tema puede tener mejor empaque, título o ángulo.",packaging_problem,Señal packaging_problem activada con score ajustado 75.66 y confianza high.,53.1185,high,this_week,content_opportunities
opp_act_6012cc924d883da7,repackage_idea,d4AaggbJACU,Vida MRR - Programacion web,"Qué pasa con Claude Code, GPT 5.5 y mas chismecito dev","Revisar si el tema puede tener mejor empaque, título o ángulo.",packaging_problem,Señal packaging_problem activada con score ajustado 71.33 y confianza high.,53.0968,high,this_week,content_opportunities
opp_act_50be8d3e7eaee427,repackage_idea,NLrfMQ0dqpQ,Juan Villalvazo,Francia Desecha Windows 11 y Tim Cook Renuncia en Apple,"Revisar si el tema puede tener mejor empaque, título o ángulo.",packaging_problem,Señal packaging_problem activada con score ajustado 69.3 y confianza high.,53.0894,high,this_week,content_opportunities
opp_act_60c0d03137b1d01b,repackage_idea,HZ2uROlnuEg,COMPUESTOS Podcast,Experta en Lenguaje Corporal Explica la Importancia de las Reacciones Humanas,Analizar como tema con interés pero baja distribución.,high_engagement_low_reach,Señal high_engagement_low_reach activada con score ajustado 75.14 y confianza medium.,53.0449,medium,this_week,content_opportunities
opp_act_2d2a531bd2c30d34,repackage_idea,-wkZoxeFIpM,Doctor Fisión,Los Mayores Errores Científicos de la Historia - Domingo de Ciencia 225,Analizar como tema con interés pero baja distribución.,high_engagement_low_reach,Señal high_engagement_low_reach activada con score ajustado 70.23 y confianza high.,52.956,high,this_week,content_opportunities
opp_act_24489183ad9dca8d,repackage_idea,_BHe9R7pYNw,Cristina Dayz ,Por qué la clase media es cada vez más POBRE,Analizar como tema con interés pero baja distribución.,high_engagement_low_reach,Señal high_engagement_low_reach activada con score ajustado 64.22 y confianza high.,52.8128,high,this_week,content_opportunities
opp_act_7376b0b5af3200d3,repackage_idea,tysrC1PivVE,Jaime Higuera,En el futuro eso ya es tuyo #shorts,"Revisar si el tema puede tener mejor empaque, título o ángulo.",packaging_problem,Señal packaging_problem activada con score ajustado 71.16 y confianza high.,52.7979,high,this_week,content_opportunities
opp_act_375e610358121d07,repackage_idea,jq7ocNZXg_s,Alex Hormozi,This Is Your Lonely Chapter,"Revisar si el tema puede tener mejor empaque, título o ángulo.",packaging_problem,Señal packaging_problem activada con score ajustado 69.49 y confianza high.,52.6831,high,this_week,content_opportunities
opp_act_f7cc5dc6a7d1a703,repackage_idea,0YCyZKuGPmA,Atherion,🐜📸,Analizar como tema con interés pero baja distribución.,high_engagement_low_reach,Señal high_engagement_low_reach activada con score ajustado 63.17 y confianza high.,52.6396,high,this_week,content_opportunities
opp_act_d8f867ceb538ade0,repackage_idea,_FP4gbF0KWY,EDteam,¿ChatGPT o Claude? ¡No importa cuál es mejor!,Analizar como tema con interés pero baja distribución.,high_engagement_low_reach,Señal high_engagement_low_reach activada con score ajustado 74.09 y confianza medium.,52.5496,medium,this_week,content_opportunities
opp_act_70087f838094ffce,repackage_idea,qGa8y4tPUkc,El Maikini Dev,Calificando comentarios de mis videos junto a ChatGPT,"Revisar si el tema puede tener mejor empaque, título o ángulo.",packaging_problem,Señal packaging_problem activada con score ajustado 68.92 y confianza high.,52.499,high,this_week,content_opportunities
opp_act_93711274ee4a302b,repackage_idea,LikC_lxkVEg,Jaime Higuera,Este es el activo más valioso que puedes poseer #shorts,"Revisar si el tema puede tener mejor empaque, título o ángulo.",packaging_problem,Señal packaging_problem activada con score ajustado 69.81 y confianza high.,52.4142,high,this_week,content_opportunities
opp_act_8bc90b03766f0a38,repackage_idea,21UbB1_pq3o,Mister Krax,Rubén Rocha pide licencia… próximas horas turbulentas #méxico,"Revisar si el tema puede tener mejor empaque, título o ángulo.",packaging_problem,Señal packaging_problem activada con score ajustado 76.72 y confianza medium.,52.4035,medium,this_week,content_opportunities
opp_act_a5233aec00e505b6,repackage_idea,MX1a5garnwc,Exito Financiero,Cómo INVERTIR Con El Salario MÍNIMO,Analizar como tema con interés pero baja distribución.,high_engagement_low_reach,Señal high_engagement_low_reach activada con score ajustado 66.54 y confianza high.,52.3392,high,this_week,content_opportunities
opp_act_ce55600eb536f764,repackage_idea,Xcmg2noBQOw,Jaime Higuera,Elige un problema que puedas resolver #shorts,Analizar como tema con interés pero baja distribución.,high_engagement_low_reach,Señal high_engagement_low_reach activada con score ajustado 73.56 y confianza medium.,52.3019,medium,this_week,content_opportunities
opp_act_bb6ef1b86b396315,repackage_idea,FbRnMwKmmTA,EDteam,¿Existen pasos para convertirse en experto en IA?,Analizar como tema con interés pero baja distribución.,high_engagement_low_reach,Señal high_engagement_low_reach activada con score ajustado 73.27 y confianza medium.,52.1643,medium,this_week,content_opportunities
opp_act_e3e0dc3a61337415,repackage_idea,4RmcHqjzw-A,Monitor fantasma,Sobre las elecciones en Perú y una reflexión sobre la democracia,"Revisar si el tema puede tener mejor empaque, título o ángulo.",packaging_problem,Señal packaging_problem activada con score ajustado 67.69 y confianza high.,52.1277,high,this_week,content_opportunities
opp_act_69f221fd5a270966,repackage_idea,dYJM9jmLBzY,elWacky,No Lo Puedo Creer,"Revisar si el tema puede tener mejor empaque, título o ángulo.",packaging_problem,Señal packaging_problem activada con score ajustado 64.94 y confianza high.,51.9598,high,this_week,content_opportunities
opp_act_ab3fd7a8c9994773,repackage_idea,6q8iEtd0IGE,Woshingo Streams,EL REGRESO DE DON X (RESIDENT EVIL REQUIEM PARTE 7),"Revisar si el tema puede tener mejor empaque, título o ángulo.",packaging_problem,Señal packaging_problem activada con score ajustado 66.2 y confianza high.,51.9367,high,this_week,content_opportunities
opp_act_4aaaf5e42d0e4b88,repackage_idea,9QKOkpu78CQ,La Hiperactina,Publi⭐️ ¿Por qué hay cosas que lees mil veces y no entiendes… y en vídeo sí? 📹🧬✨,Analizar como tema con interés pero baja distribución.,high_engagement_low_reach,Señal high_engagement_low_reach activada con score ajustado 63.26 y confianza high.,51.9003,high,this_week,content_opportunities
opp_act_581853ffea2bbd9d,repackage_idea,hx45I5QyAFw,Jaime Higuera,Por esto que te rompan el corazón es una de las mejores cosas que te puede pasar en la vida #shorts,"Revisar si el tema puede tener mejor empaque, título o ángulo.",packaging_problem,Señal packaging_problem activada con score ajustado 67.05 y confianza high.,51.8149,high,this_week,content_opportunities
opp_act_9ebab6b74d7383ae,repackage_idea,wFTojQEC2eE,Santiago Amat,La Estrategia de GAPS que gana 7 de cada 10 veces (REAL),"Revisar si el tema puede tener mejor empaque, título o ángulo.",packaging_problem,Señal packaging_problem activada con score ajustado 68.56 y confianza high.,51.7253,high,this_week,content_opportunities
opp_act_a8b13f23f11ce841,repackage_idea,40kncAedwjs,El Consejero,"Sexo, luego el vacío — Arthur Schopenhauer","Revisar si el tema puede tener mejor empaque, título o ángulo.",packaging_problem,Señal packaging_problem activada con score ajustado 66.44 y confianza high.,51.6706,high,this_week,content_opportunities
opp_act_e9f53b873bda7861,repackage_idea,50Esq3fgXzA,Jaime Higuera,Existe otra forma de comenzar un negocio  #shorts,"Revisar si el tema puede tener mejor empaque, título o ángulo.",packaging_problem,Señal packaging_problem activada con score ajustado 69.88 y confianza high.,51.6584,high,this_week,content_opportunities
opp_act_cb2c3831f7e2d0d6,repackage_idea,xSS2WTAglww,Jaime Higuera,Que te rompan el corazón es lo mejor que te puede pasar en la vida #shorts,"Revisar si el tema puede tener mejor empaque, título o ángulo.",packaging_problem,Señal packaging_problem activada con score ajustado 70.09 y confianza high.,51.6024,high,this_week,content_opportunities
opp_act_b13ed56941beceaa,repackage_idea,6_o0OElprPo,Vida MRR - Programacion web,GITHUB Copilot va a COBRAR por TOKEN...,"Revisar si el tema puede tener mejor empaque, título o ángulo.",packaging_problem,Señal packaging_problem activada con score ajustado 61.21 y confianza high.,51.5755,high,this_week,content_opportunities
opp_act_433e3cd032d428d5,repackage_idea,2F50vE7VUIw,Noche De Chicxs,Chisme express con Traumaditos Podcast #chisme #comedia #podcast,"Revisar si el tema puede tener mejor empaque, título o ángulo.",packaging_problem,Señal packaging_problem activada con score ajustado 70.68 y confianza high.,51.4692,high,this_week,content_opportunities
opp_act_9c5552610dcdd5da,repackage_idea,3wJvtiigDcg,Jaime Higuera,Que te rompan el corazón es lo mejor que te puede pasar #shorts,"Revisar si el tema puede tener mejor empaque, título o ángulo.",packaging_problem,Señal packaging_problem activada con score ajustado 70.02 y confianza high.,51.3943,high,this_week,content_opportunities
opp_act_be71040834e44bf6,repackage_idea,Bv4wqAVZ6Ps,El Consejero,Los hombres nunca deberían saber esto sobre las mujeres,Analizar como tema con interés pero baja distribución.,high_engagement_low_reach,Señal high_engagement_low_reach activada con score ajustado 71.21 y confianza high.,51.3935,high,this_week,content_opportunities
opp_act_434fba1b87547b62,repackage_idea,AWWSm291p7c,Jaime Higuera,Que te rompan el corazon es lo mejor que te puede pasar #shorts,"Revisar si el tema puede tener mejor empaque, título o ángulo.",packaging_problem,Señal packaging_problem activada con score ajustado 69.6 y confianza high.,51.332,high,this_week,content_opportunities
opp_act_b9a0ca097c208a3e,repackage_idea,RGWm_UCIWnc,Jaime Higuera,Por esto nunca deberías hablar de tus metas #shorts,Analizar como tema con interés pero baja distribución.,high_engagement_low_reach,Señal high_engagement_low_reach activada con score ajustado 71.39 y confianza medium.,51.2837,medium,this_week,content_opportunities
opp_act_393c4ba1d9ca1db7,repackage_idea,SZLTZDoVcfA,Jaime Higuera,Haz esto si estás estancado en 0 euros #shorts,"Revisar si el tema puede tener mejor empaque, título o ángulo.",packaging_problem,Señal packaging_problem activada con score ajustado 68.38 y confianza high.,51.201,high,this_week,content_opportunities
opp_act_2a0bf0a3bb226f34,repackage_idea,rQmlUxDeTxE,Jaime Higuera,Por esto no debes compartir objetivos con todo el mundo  #shorts,Analizar como tema con interés pero baja distribución.,high_engagement_low_reach,Señal high_engagement_low_reach activada con score ajustado 71.1 y confianza medium.,51.146,medium,this_week,content_opportunities
opp_act_abca020a24600339,repackage_idea,bM3ojc2bhdA,98grados,Las ÚNICAS 3 IA que SÍ Valen la Pena (y tengo),Analizar como tema con interés pero baja distribución.,high_engagement_low_reach,Señal high_engagement_low_reach activada con score ajustado 73.8 y confianza medium.,51.1155,medium,this_week,content_opportunities
opp_act_ccb7f3cc297b8537,repackage_idea,5ymn2oV1Zls,elWacky,Al Parecer Sí Es Un Monstruo,Analizar como tema con interés pero baja distribución.,high_engagement_low_reach,Señal high_engagement_low_reach activada con score ajustado 61.74 y confianza high.,51.0798,high,this_week,content_opportunities
opp_act_11e290d523ea8824,repackage_idea,8CpQzf_RYb4,Moris Dieck | Finanzas e Inversiones ,"""Le vas invertir dinero al aire""",Analizar como tema con interés pero baja distribución.,high_engagement_low_reach,Señal high_engagement_low_reach activada con score ajustado 70.92 y confianza medium.,51.0635,medium,this_week,content_opportunities
opp_act_39ab1e835e6a6d5c,repackage_idea,TeheJAFWwYs,Luis Mi Negocios,Didi Cuenta vs Bancos Tradicionales | El DINERO Que PIERDES,Analizar como tema con interés pero baja distribución.,high_engagement_low_reach,Señal high_engagement_low_reach activada con score ajustado 66.88 y confianza high.,50.9329,high,this_week,content_opportunities
opp_act_5941bf2cf9e985a2,repackage_idea,rWwPAnF8Qeo,Mister Krax,En Argentina se come carne de burro 🫏? #argentina,"Revisar si el tema puede tener mejor empaque, título o ángulo.",packaging_problem,Señal packaging_problem activada con score ajustado 68.16 y confianza high.,50.7989,high,this_week,content_opportunities
opp_act_617d13e74b3b16db,repackage_idea,tA9L9aV6gXY,Jaime Higuera,Me cambió la vida cuando Jaime Higuera dijo esto #shorts,Analizar como tema con interés pero baja distribución.,high_engagement_low_reach,Señal high_engagement_low_reach activada con score ajustado 70.16 y confianza medium.,50.7058,medium,this_week,content_opportunities
opp_act_f9415d0611ba886b,repackage_idea,ehizptRtYzM,Doctor Fisión,UN PEQUEÑO CRÁTER Y MILES DE POLÍGONOS EN MARTE 🛰️,Analizar como tema con interés pero baja distribución.,high_engagement_low_reach,Señal high_engagement_low_reach activada con score ajustado 74.24 y confianza medium.,50.6914,medium,this_week,content_opportunities
opp_act_2dd0fd7afe50beeb,repackage_idea,aYH-DvGfEVU,Santiago Amat,TRADING Y ARBITRAJE EN VIVO CON SANTIAGO AMAT,Analizar como tema con interés pero baja distribución.,high_engagement_low_reach,Señal high_engagement_low_reach activada con score ajustado 76.5 y confianza medium.,50.6532,medium,this_week,content_opportunities
opp_act_73a347e844f7d0cc,repackage_idea,X9fGa-F_ars,elWacky,Jugador Profesional Se Enoja y Lo Pierde Todo,Analizar como tema con interés pero baja distribución.,high_engagement_low_reach,Señal high_engagement_low_reach activada con score ajustado 64.11 y confianza high.,50.6455,high,this_week,content_opportunities
opp_act_ae88ad51dc4f4b3e,repackage_idea,wZBBnciTACo,Santiago Amat,⚠ CUIDADO TRAMPA ALCISTA DE BITCOIN 📉,Analizar como tema con interés pero baja distribución.,high_engagement_low_reach,Señal high_engagement_low_reach activada con score ajustado 76.34 y confianza medium.,50.5763,medium,this_week,content_opportunities
opp_act_bb77235996e8e135,repackage_idea,G-i7hiu_yPU,Finanzas con Gus,El Imperio Más Poderoso del Mundo Está Empezando a Romperse,Analizar como tema con interés pero baja distribución.,high_engagement_low_reach,Señal high_engagement_low_reach activada con score ajustado 73.95 y confianza high.,50.5089,high,this_week,content_opportunities
opp_act_cbfde36fab08da0a,repackage_idea,6dfxL42fP0c,Jaime Higuera,Por esto no debes compartir objetivos con todo el mundo  #shorts,"Revisar si el tema puede tener mejor empaque, título o ángulo.",packaging_problem,Señal packaging_problem activada con score ajustado 72.46 y confianza medium.,50.4529,medium,this_week,content_opportunities
opp_act_14dfaeb63a5bfd74,repackage_idea,MX1a5garnwc,Exito Financiero,Cómo INVERTIR Con El Salario MÍNIMO,"Revisar si el tema puede tener mejor empaque, título o ángulo.",packaging_problem,Señal packaging_problem activada con score ajustado 64.99 y confianza high.,50.3775,high,this_week,content_opportunities
opp_act_04687a8748e6cf9c,repackage_idea,PCAPjDDY-h4,Diego Ruzzarin,El Mitin de María Corina Machado y el muy cuestionable grito de Carlos Baute.,"Revisar si el tema puede tener mejor empaque, título o ángulo.",packaging_problem,Señal packaging_problem activada con score ajustado 68.88 y confianza high.,50.3549,high,this_week,content_opportunities
opp_act_4b505c30e10f7102,repackage_idea,yaBzATxyEYs,El Robot de Platón,La Gran Mentira del Helio - 3,Analizar como tema con interés pero baja distribución.,high_engagement_low_reach,Señal high_engagement_low_reach activada con score ajustado 64.36 y confianza high.,50.3201,high,this_week,content_opportunities
opp_act_0dc3ad00f30afd3f,repackage_idea,mbtA5CBh5qk,Santiago Amat,Estrategia gaps más velas de indecisión,Analizar como tema con interés pero baja distribución.,high_engagement_low_reach,Señal high_engagement_low_reach activada con score ajustado 76.35 y confianza medium.,50.2631,medium,this_week,content_opportunities
opp_act_e3dcd12087de208f,repackage_idea,FbRnMwKmmTA,EDteam,¿Existen pasos para convertirse en experto en IA?,"Revisar si el tema puede tener mejor empaque, título o ángulo.",packaging_problem,Señal packaging_problem activada con score ajustado 71.73 y confianza medium.,50.1189,medium,this_week,content_opportunities
opp_act_7e6597584f8121d0,repackage_idea,-Ap6qWvqk0I,Itzcalli,"SI ERES MUJER, TU BELLEZA ES UNA MONEDA DE CAMBIO: Barbie y los Diarios de una boticaria","Revisar si el tema puede tener mejor empaque, título o ángulo.",packaging_problem,Señal packaging_problem activada con score ajustado 66.67 y confianza high.,49.8495,high,this_week,content_opportunities
opp_act_cc5d242b5269f015,repackage_idea,bouvNyq8xCY,CrashCourse,Earth's Crust and Mantle Explained: Crash Course Geology #3,Analizar como tema con interés pero baja distribución.,high_engagement_low_reach,Señal high_engagement_low_reach activada con score ajustado 58.03 y confianza high.,49.6097,high,this_week,content_opportunities
opp_act_c1275b41a1433632,repackage_idea,_FP4gbF0KWY,EDteam,¿ChatGPT o Claude? ¡No importa cuál es mejor!,"Revisar si el tema puede tener mejor empaque, título o ángulo.",packaging_problem,Señal packaging_problem activada con score ajustado 69.89 y confianza medium.,49.2736,medium,this_week,content_opportunities
opp_act_71f152bd80f05519,repackage_idea,9rHaUzPlJws,elWacky,Encontraron Más Cosas,Analizar como tema con interés pero baja distribución.,high_engagement_low_reach,Señal high_engagement_low_reach activada con score ajustado 71.76 y confianza medium.,49.2515,medium,this_week,content_opportunities
opp_act_888c2f6b75b6fb62,repackage_idea,bM3ojc2bhdA,98grados,Las ÚNICAS 3 IA que SÍ Valen la Pena (y tengo),"Revisar si el tema puede tener mejor empaque, título o ángulo.",packaging_problem,Señal packaging_problem activada con score ajustado 71.83 y confianza medium.,49.1324,medium,this_week,content_opportunities
opp_act_bf44f20076e17980,repackage_idea,UPYFbiBv8H4,El Consejero,Haz esto con un empático y desaparecerá de tu vida - carl jung,Analizar como tema con interés pero baja distribución.,high_engagement_low_reach,Señal high_engagement_low_reach activada con score ajustado 69.82 y confianza medium.,49.0643,medium,this_week,content_opportunities
opp_act_8d5a57f83a2e8742,repackage_idea,mbtA5CBh5qk,Santiago Amat,Estrategia gaps más velas de indecisión,"Revisar si el tema puede tener mejor empaque, título o ángulo.",packaging_problem,Señal packaging_problem activada con score ajustado 75.56 y confianza medium.,48.7525,medium,this_week,content_opportunities
opp_act_40c2ad6fe345bfc2,repackage_idea,iaT6-gjxQbo,Atherion,se siente como un mundo escondido,Analizar como tema con interés pero baja distribución.,high_engagement_low_reach,Señal high_engagement_low_reach activada con score ajustado 67.79 y confianza medium.,48.3589,medium,this_week,content_opportunities
opp_act_be65dddcc6ae50f2,repackage_idea,tXgFifuwvno,Pequeño Cerdo Capitalista,Lo que nadie te enseña sobre dinero | Sofía Macías,Analizar como tema con interés pero baja distribución.,high_engagement_low_reach,Señal high_engagement_low_reach activada con score ajustado 61.11 y confianza medium.,48.067,medium,this_week,content_opportunities
opp_act_90ae5b8ee42d06fc,repackage_idea,4iXwPD-VHyg,Ali Abdaal,This book called me out (I love it),Analizar como tema con interés pero baja distribución.,high_engagement_low_reach,Señal high_engagement_low_reach activada con score ajustado 69.7 y confianza medium.,48.0057,medium,this_week,content_opportunities
opp_act_f765ee06a40f26fc,repackage_idea,o8Z1Q8UPSOU,Jaime Higuera,Tienes que cambiar la forma en la que te comportas #shorts,"Revisar si el tema puede tener mejor empaque, título o ángulo.",packaging_problem,Señal packaging_problem activada con score ajustado 66.86 y confianza medium.,47.89,medium,this_week,content_opportunities
opp_act_ee02caa684d9ded9,repackage_idea,2A0dbP8LJoA,Aprendiz Financiero,DEJA de PERDER el tiempo I 5 Cosas en las cuales DEBERÍA DOLERTE gastar tu tiempo,Analizar como tema con interés pero baja distribución.,high_engagement_low_reach,Señal high_engagement_low_reach activada con score ajustado 72.8 y confianza medium.,47.8125,medium,this_week,content_opportunities
opp_act_203bde5f4517b5dd,repackage_idea,G-i7hiu_yPU,Finanzas con Gus,El Imperio Más Poderoso del Mundo Está Empezando a Romperse,"Revisar si el tema puede tener mejor empaque, título o ángulo.",packaging_problem,Señal packaging_problem activada con score ajustado 70.02 y confianza high.,47.7822,high,this_week,content_opportunities
opp_act_3ca079d6b96cc948,repackage_idea,_88DyxJqY-4,Exito Financiero,Cómo Proteger Tus Inversiones Con Billeteras Frías ❄️,Analizar como tema con interés pero baja distribución.,high_engagement_low_reach,Señal high_engagement_low_reach activada con score ajustado 72.01 y confianza medium.,47.7131,medium,this_week,content_opportunities
opp_act_82af587bd6a85099,repackage_idea,5cynqLNd1gA,Atherion,como si la idea (pintura) se fuera a secar,"Revisar si el tema puede tener mejor empaque, título o ángulo.",packaging_problem,Señal packaging_problem activada con score ajustado 61.62 y confianza high.,47.6465,high,this_week,content_opportunities
opp_act_6ed677c3abbb14af,repackage_idea,rg1PhRvmFXk,Sapiencia práctica,Cómo  DEJAR de PREOCUPARTE por lo que OTROS PIENSAN de ti,"Revisar si el tema puede tener mejor empaque, título o ángulo.",packaging_problem,Señal packaging_problem activada con score ajustado 65.07 y confianza high.,47.5731,high,this_week,content_opportunities
opp_act_825f092c8ebf7527,repackage_idea,NRELko2BoRk,Fazt,Probé TODOS los Agentes de IA para Código… Esto Aprendí,Analizar como tema con interés pero baja distribución.,high_engagement_low_reach,Señal high_engagement_low_reach activada con score ajustado 70.36 y confianza medium.,47.4901,medium,this_week,content_opportunities
opp_act_aebd2a8a269d6bb6,repackage_idea,w_Z0cdu9c9I,Atherion,¿miedo al abandono?,Analizar como tema con interés pero baja distribución.,high_engagement_low_reach,Señal high_engagement_low_reach activada con score ajustado 70.99 y confianza medium.,47.2347,medium,this_week,content_opportunities
opp_act_d619801a6ea92213,repackage_idea,La4ogJrxI0g,jefillysh,"Neuronas jugando Doom, Mega Terremotos y Nuestra Piel tiene Memoria - JefiNews Abril 22 2026",Analizar como tema con interés pero baja distribución.,high_engagement_low_reach,Señal high_engagement_low_reach activada con score ajustado 62.22 y confianza high.,47.1394,high,this_week,content_opportunities
opp_act_1fcb399f628bbff9,repackage_idea,ftk4VdOcaj8,98grados,Que no te pase lo que a mí. Ten en cuenta estas 3 cosas para elegir bien #pc #mouse #perifericos,Analizar como tema con interés pero baja distribución.,high_engagement_low_reach,Señal high_engagement_low_reach activada con score ajustado 70.06 y confianza medium.,47.0733,medium,this_week,content_opportunities
opp_act_6e73735d1572522f,repackage_idea,wZBBnciTACo,Santiago Amat,⚠ CUIDADO TRAMPA ALCISTA DE BITCOIN 📉,"Revisar si el tema puede tener mejor empaque, título o ángulo.",packaging_problem,Señal packaging_problem activada con score ajustado 70.89 y confianza medium.,46.7778,medium,this_week,content_opportunities
opp_act_0d791e13298cb568,repackage_idea,Hf6NC8AzAKo,Ale Marin,LA VERDAD DETRÁS DEL JUEGO MÁS POPULAR DE LOS MILLENIALS... l Qué caraj* son Los Sims? l Ale Marin,Analizar como tema con interés pero baja distribución.,high_engagement_low_reach,Señal high_engagement_low_reach activada con score ajustado 71.81 y confianza medium.,46.5187,medium,this_week,content_opportunities
opp_act_384596a8884c2158,repackage_idea,RNUjufFVGXs,MIGALA D,El aguacate,Analizar como tema con interés pero baja distribución.,high_engagement_low_reach,Señal high_engagement_low_reach activada con score ajustado 71.84 y confianza medium.,46.2558,medium,this_week,content_opportunities
opp_act_183c922e2a776030,repackage_idea,_88DyxJqY-4,Exito Financiero,Cómo Proteger Tus Inversiones Con Billeteras Frías ❄️,"Revisar si el tema puede tener mejor empaque, título o ángulo.",packaging_problem,Señal packaging_problem activada con score ajustado 71.24 y confianza medium.,46.1291,medium,this_week,content_opportunities
opp_act_008755256180a085,repackage_idea,RPePcFJDNds,Juan Villalvazo,Si Iniciara Nuevamente de Programador,Analizar como tema con interés pero baja distribución.,high_engagement_low_reach,Señal high_engagement_low_reach activada con score ajustado 70.98 y confianza medium.,46.1266,medium,this_week,content_opportunities
opp_act_34b35eb648b85866,repackage_idea,4iXwPD-VHyg,Ali Abdaal,This book called me out (I love it),"Revisar si el tema puede tener mejor empaque, título o ángulo.",packaging_problem,Señal packaging_problem activada con score ajustado 68.24 y confianza medium.,46.1014,medium,this_week,content_opportunities
opp_act_40cac61cc0c7e680,repackage_idea,oIr5NyY01EQ,Sapiencia práctica,5 cosas que NUNCA debes DECIRLE a alguien con TDAH (y qué puedes decirle),Analizar como tema con interés pero baja distribución.,high_engagement_low_reach,Señal high_engagement_low_reach activada con score ajustado 64.93 y confianza medium.,45.8945,medium,this_week,content_opportunities
opp_act_c685b6859d7baf8e,repackage_idea,NRELko2BoRk,Fazt,Probé TODOS los Agentes de IA para Código… Esto Aprendí,"Revisar si el tema puede tener mejor empaque, título o ángulo.",packaging_problem,Señal packaging_problem activada con score ajustado 69.3 y confianza medium.,45.7814,medium,this_week,content_opportunities
opp_act_99a4b0277f87a5b9,repackage_idea,-X2P40t70LM,Mister Krax,¿Que está pasando en México? #méxico,"Revisar si el tema puede tener mejor empaque, título o ángulo.",packaging_problem,Señal packaging_problem activada con score ajustado 61.96 y confianza medium.,45.6447,medium,this_week,content_opportunities
opp_act_79cfb7e829701367,repackage_idea,tA9L9aV6gXY,Jaime Higuera,Me cambió la vida cuando Jaime Higuera dijo esto #shorts,"Revisar si el tema puede tener mejor empaque, título o ángulo.",packaging_problem,Señal packaging_problem activada con score ajustado 61.38 y confianza medium.,45.3807,medium,this_week,content_opportunities
opp_act_e4cf6796dbef1260,repackage_idea,9rHaUzPlJws,elWacky,Encontraron Más Cosas,"Revisar si el tema puede tener mejor empaque, título o ángulo.",packaging_problem,Señal packaging_problem activada con score ajustado 64.86 y confianza medium.,44.8214,medium,this_week,content_opportunities
opp_act_db992f5e11e7aae4,repackage_idea,2A0dbP8LJoA,Aprendiz Financiero,DEJA de PERDER el tiempo I 5 Cosas en las cuales DEBERÍA DOLERTE gastar tu tiempo,"Revisar si el tema puede tener mejor empaque, título o ángulo.",packaging_problem,Señal packaging_problem activada con score ajustado 68.91 y confianza medium.,44.7966,medium,this_week,content_opportunities
opp_act_053fa9a9a93fb3db,repackage_idea,8CpQzf_RYb4,Moris Dieck | Finanzas e Inversiones ,"""Le vas invertir dinero al aire""","Revisar si el tema puede tener mejor empaque, título o ángulo.",packaging_problem,Señal packaging_problem activada con score ajustado 59.16 y confianza medium.,44.3622,medium,this_week,content_opportunities
opp_act_bb9e484c3ff469f6,repackage_idea,ehizptRtYzM,Doctor Fisión,UN PEQUEÑO CRÁTER Y MILES DE POLÍGONOS EN MARTE 🛰️,"Revisar si el tema puede tener mejor empaque, título o ángulo.",packaging_problem,Señal packaging_problem activada con score ajustado 63.11 y confianza medium.,44.289,medium,this_week,content_opportunities
opp_act_e714083162773e85,repackage_idea,aYH-DvGfEVU,Santiago Amat,TRADING Y ARBITRAJE EN VIVO CON SANTIAGO AMAT,"Revisar si el tema puede tener mejor empaque, título o ángulo.",packaging_problem,Señal packaging_problem activada con score ajustado 65.37 y confianza medium.,44.2518,medium,this_week,content_opportunities
opp_act_7d00c158ff3e41f3,repackage_idea,LDXkrlIxj8U,Jaime Higuera,Me quedé pensando cuando jaime Higuera dijo esto #shorts,"Revisar si el tema puede tener mejor empaque, título o ángulo.",packaging_problem,Señal packaging_problem activada con score ajustado 58.89 y confianza medium.,44.2406,medium,this_week,content_opportunities
opp_act_2407f941ad947fd7,repackage_idea,Hf6NC8AzAKo,Ale Marin,LA VERDAD DETRÁS DEL JUEGO MÁS POPULAR DE LOS MILLENIALS... l Qué caraj* son Los Sims? l Ale Marin,"Revisar si el tema puede tener mejor empaque, título o ángulo.",packaging_problem,Señal packaging_problem activada con score ajustado 69.28 y confianza medium.,44.1611,medium,this_week,content_opportunities
opp_act_54adaf785976b699,repackage_idea,UPYFbiBv8H4,El Consejero,Haz esto con un empático y desaparecerá de tu vida - carl jung,"Revisar si el tema puede tener mejor empaque, título o ángulo.",packaging_problem,Señal packaging_problem activada con score ajustado 58.95 y confianza medium.,43.8918,medium,this_week,content_opportunities
opp_act_b7e633b7362321d4,repackage_idea,o1LnQHf3b6I,Alex Hormozi,No One Is Coming To Save You,"Revisar si el tema puede tener mejor empaque, título o ángulo.",packaging_problem,Señal packaging_problem activada con score ajustado 57.63 y confianza medium.,43.6653,medium,this_week,content_opportunities
opp_act_6def2c64c3810d96,repackage_idea,rVixyOY_Xr4,Omar - Educación Financiera,CAMBIOS IMPORTANTES en MercadoPago. ¿Conviene invertir?,Analizar como tema con interés pero baja distribución.,high_engagement_low_reach,Señal high_engagement_low_reach activada con score ajustado 63.17 y confianza medium.,43.2861,medium,this_week,content_opportunities
opp_act_bb1cdb80de10b469,repackage_idea,ftk4VdOcaj8,98grados,Que no te pase lo que a mí. Ten en cuenta estas 3 cosas para elegir bien #pc #mouse #perifericos,"Revisar si el tema puede tener mejor empaque, título o ángulo.",packaging_problem,Señal packaging_problem activada con score ajustado 63.81 y confianza medium.,42.9995,medium,this_week,content_opportunities
opp_act_7520df072a69b5d8,repackage_idea,GEXxx3JQmdw,Dot Dager,A NADIE LE IMPORTA #dev #programacion,Analizar como tema con interés pero baja distribución.,high_engagement_low_reach,Señal high_engagement_low_reach activada con score ajustado 63.26 y confianza medium.,42.4998,medium,this_week,content_opportunities
opp_act_044eaf3b3b6838b0,repackage_idea,RPePcFJDNds,Juan Villalvazo,Si Iniciara Nuevamente de Programador,"Revisar si el tema puede tener mejor empaque, título o ángulo.",packaging_problem,Señal packaging_problem activada con score ajustado 64.56 y confianza medium.,41.9983,medium,this_week,content_opportunities
opp_act_619a1b794caecca6,repackage_idea,oIr5NyY01EQ,Sapiencia práctica,5 cosas que NUNCA debes DECIRLE a alguien con TDAH (y qué puedes decirle),"Revisar si el tema puede tener mejor empaque, título o ángulo.",packaging_problem,Señal packaging_problem activada con score ajustado 56.55 y confianza medium.,41.654,medium,this_week,content_opportunities
opp_act_8c046a61a55f2d27,repackage_idea,w_Z0cdu9c9I,Atherion,¿miedo al abandono?,"Revisar si el tema puede tener mejor empaque, título o ángulo.",packaging_problem,Señal packaging_problem activada con score ajustado 59.65 y confianza medium.,40.8251,medium,this_week,content_opportunities
opp_act_6ab477072e81fc6e,repackage_idea,RNUjufFVGXs,MIGALA D,El aguacate,"Revisar si el tema puede tener mejor empaque, título o ángulo.",packaging_problem,Señal packaging_problem activada con score ajustado 62.47 y confianza medium.,40.7727,medium,this_week,content_opportunities
opp_act_42c334b6767df31c,repackage_idea,rVixyOY_Xr4,Omar - Educación Financiera,CAMBIOS IMPORTANTES en MercadoPago. ¿Conviene invertir?,"Revisar si el tema puede tener mejor empaque, título o ángulo.",packaging_problem,Señal packaging_problem activada con score ajustado 58.15 y confianza medium.,39.8689,medium,this_week,content_opportunities
opp_act_45c60d3b606803a9,repackage_idea,N8Bc_M2Ew2E,Santiago Bilinkis,¿Por qué las mejores ideas aparecen en la ducha?,"Revisar si el tema puede tener mejor empaque, título o ángulo.",packaging_problem,Señal packaging_problem activada con score ajustado 55.16 y confianza medium.,39.8456,medium,this_week,content_opportunities
opp_act_d161b7c74b0349a7,repackage_idea,QzZ4VwDHAT4,Two Minute Papers,Sakana AI’s Survival Simulator Is Brilliant,"Revisar si el tema puede tener mejor empaque, título o ángulo.",packaging_problem,Señal packaging_problem activada con score ajustado 54.27 y confianza medium.,37.5591,medium,this_week,content_opportunities
opp_act_d692f38cda8c4a2e,repackage_idea,GEXxx3JQmdw,Dot Dager,A NADIE LE IMPORTA #dev #programacion,"Revisar si el tema puede tener mejor empaque, título o ángulo.",packaging_problem,Señal packaging_problem activada con score ajustado 53.75 y confianza medium.,37.052,medium,this_week,content_opportunities
opp_act_529c00732360c464,repackage_idea,JjwHFerSu4M,Gustavo Entrala,La HISTORIA de cómo APPLE vendió su alma a CHINA,"Revisar si el tema puede tener mejor empaque, título o ángulo.",packaging_problem,Señal packaging_problem activada con score ajustado 52.2 y confianza medium.,36.0718,medium,this_week,content_opportunities
